region,aoi,shoreline_file,shoreline_path,row_number,dsas_date,date_column,date_method,source,source_method,pixel_er,pixel_er_method,mosaic_path,georef_er,georef_er_method,photoscale,cps,cps_method,dig_er,total_uncy,status,flag_reason
Auckland,Hobsonville,Hobsonville_shorelines.shp,Z:\Retrolens\Auckland\Hobsonville\Shorelines\Hobsonville_shorelines.shp,0,2024-01-01,DSAS_Date,attribute table,LDS,attribute table,0.075,attribute table:Pixel_ER,,0.0,attribute table:Georef_ER,,1,defaulted to CPS=1,0.43,0.43649169522454834,READY,
Auckland,Hobsonville,Hobsonville_shorelines.shp,Z:\Retrolens\Auckland\Hobsonville\Shorelines\Hobsonville_shorelines.shp,1,2024-01-01,DSAS_Date,attribute table,LDS,attribute table,0.075,attribute table:Pixel_ER,,0.0,attribute table:Georef_ER,,1,defaulted to CPS=1,0.43,0.43649169522454834,READY,
Auckland,Hobsonville,Hobsonville_shorelines.shp,Z:\Retrolens\Auckland\Hobsonville\Shorelines\Hobsonville_shorelines.shp,2,2017-01-01,DSAS_Date,attribute table,LDS,attribute table,0.075,attribute table:Pixel_ER,,0.0,attribute table:Georef_ER,,1,defaulted to CPS=1,0.43,0.43649169522454834,READY,
Auckland,Hobsonville,Hobsonville_shorelines.shp,Z:\Retrolens\Auckland\Hobsonville\Shorelines\Hobsonville_shorelines.shp,3,2017-01-01,DSAS_Date,attribute table,LDS,attribute table,0.075,attribute table:Pixel_ER,,0.0,attribute table:Georef_ER,,1,defaulted to CPS=1,0.43,0.43649169522454834,READY,
Auckland,Hobsonville,Hobsonville_shorelines.shp,Z:\Retrolens\Auckland\Hobsonville\Shorelines\Hobsonville_shorelines.shp,4,2017-01-01,DSAS_Date,attribute table,LDS,attribute table,0.075,attribute table:Pixel_ER,,0.0,attribute table:Georef_ER,,1,defaulted to CPS=1,0.43,0.43649169522454834,READY,
Auckland,Hobsonville,Hobsonville_shorelines.shp,Z:\Retrolens\Auckland\Hobsonville\Shorelines\Hobsonville_shorelines.shp,5,2012-01-01,DSAS_Date,attribute table,LDS,attribute table,0.5,attribute table:Pixel_ER,,0.0,attribute table:Georef_ER,,1,defaulted to CPS=1,0.43,0.6594694837519018,READY,
Auckland,Hobsonville,Hobsonville_shorelines.shp,Z:\Retrolens\Auckland\Hobsonville\Shorelines\Hobsonville_shorelines.shp,6,2012-01-01,DSAS_Date,attribute table,LDS,attribute table,0.5,attribute table:Pixel_ER,,0.0,attribute table:Georef_ER,,1,defaulted to CPS=1,0.43,0.6594694837519018,READY,
Auckland,Hobsonville,Hobsonville_shorelines.shp,Z:\Retrolens\Auckland\Hobsonville\Shorelines\Hobsonville_shorelines.shp,7,2012-01-01,DSAS_Date,attribute table,LDS,attribute table,0.5,attribute table:Pixel_ER,,0.0,attribute table:Georef_ER,,1,defaulted to CPS=1,0.43,0.6594694837519018,READY,
Auckland,Hobsonville,Hobsonville_shorelines.shp,Z:\Retrolens\Auckland\Hobsonville\Shorelines\Hobsonville_shorelines.shp,8,2012-01-01,DSAS_Date,attribute table,LDS,attribute table,0.5,attribute table:Pixel_ER,,0.0,attribute table:Georef_ER,,1,defaulted to CPS=1,0.43,0.6594694837519018,READY,
Auckland,Hobsonville,Hobsonville_shorelines.shp,Z:\Retrolens\Auckland\Hobsonville\Shorelines\Hobsonville_shorelines.shp,9,2012-01-01,DSAS_Date,attribute table,LDS,attribute table,0.5,attribute table:Pixel_ER,,0.0,attribute table:Georef_ER,,1,defaulted to CPS=1,0.43,0.6594694837519018,READY,
Auckland,Hobsonville,Hobsonville_shorelines.shp,Z:\Retrolens\Auckland\Hobsonville\Shorelines\Hobsonville_shorelines.shp,10,2012-01-01,DSAS_Date,attribute table,LDS,attribute table,0.5,attribute table:Pixel_ER,,0.0,attribute table:Georef_ER,,1,defaulted to CPS=1,0.43,0.6594694837519018,READY,
Auckland,Hobsonville,Hobsonville_shorelines.shp,Z:\Retrolens\Auckland\Hobsonville\Shorelines\Hobsonville_shorelines.shp,11,2012-01-01,DSAS_Date,attribute table,LDS,attribute table,0.5,attribute table:Pixel_ER,,0.0,attribute table:Georef_ER,,1,defaulted to CPS=1,0.43,0.6594694837519018,READY,
Auckland,Hobsonville,Hobsonville_shorelines.shp,Z:\Retrolens\Auckland\Hobsonville\Shorelines\Hobsonville_shorelines.shp,12,2003-01-01,DSAS_Date,attribute table,LDS,attribute table,2.5,attribute table:Pixel_ER,,0.0,attribute table:Georef_ER,,1,defaulted to CPS=1,0.43,2.536710468303389,READY,
Auckland,Hobsonville,Hobsonville_shorelines.shp,Z:\Retrolens\Auckland\Hobsonville\Shorelines\Hobsonville_shorelines.shp,13,2003-01-01,DSAS_Date,attribute table,LDS,attribute table,2.5,attribute table:Pixel_ER,,0.0,attribute table:Georef_ER,,1,defaulted to CPS=1,0.43,2.536710468303389,READY,
Auckland,Hobsonville,Hobsonville_shorelines.shp,Z:\Retrolens\Auckland\Hobsonville\Shorelines\Hobsonville_shorelines.shp,14,2003-01-01,DSAS_Date,attribute table,LDS,attribute table,2.5,attribute table:Pixel_ER,,0.0,attribute table:Georef_ER,,1,defaulted to CPS=1,0.43,2.536710468303389,READY,
Auckland,Hobsonville,Hobsonville_shorelines.shp,Z:\Retrolens\Auckland\Hobsonville\Shorelines\Hobsonville_shorelines.shp,15,2003-01-01,DSAS_Date,attribute table,LDS,attribute table,2.5,attribute table:Pixel_ER,,0.0,attribute table:Georef_ER,,1,defaulted to CPS=1,0.43,2.536710468303389,READY,
Auckland,Hobsonville,Hobsonville_shorelines.shp,Z:\Retrolens\Auckland\Hobsonville\Shorelines\Hobsonville_shorelines.shp,16,2003-01-01,DSAS_Date,attribute table,LDS,attribute table,2.5,attribute table:Pixel_ER,,0.0,attribute table:Georef_ER,,1,defaulted to CPS=1,0.43,2.536710468303389,READY,
Auckland,Hobsonville,Hobsonville_shorelines.shp,Z:\Retrolens\Auckland\Hobsonville\Shorelines\Hobsonville_shorelines.shp,17,2003-01-01,DSAS_Date,attribute table,LDS,attribute table,2.5,attribute table:Pixel_ER,,0.0,attribute table:Georef_ER,,1,defaulted to CPS=1,0.43,2.536710468303389,READY,
Auckland,Hobsonville,Hobsonville_shorelines.shp,Z:\Retrolens\Auckland\Hobsonville\Shorelines\Hobsonville_shorelines.shp,18,2003-01-01,DSAS_Date,attribute table,LDS,attribute table,2.5,attribute table:Pixel_ER,,0.0,attribute table:Georef_ER,,1,defaulted to CPS=1,0.43,2.536710468303389,READY,
Auckland,Hobsonville,Hobsonville_shorelines.shp,Z:\Retrolens\Auckland\Hobsonville\Shorelines\Hobsonville_shorelines.shp,19,2003-01-01,DSAS_Date,attribute table,LDS,attribute table,2.5,attribute table:Pixel_ER,,0.0,attribute table:Georef_ER,,1,defaulted to CPS=1,0.43,2.536710468303389,READY,
Auckland,Hobsonville,Hobsonville_shorelines.shp,Z:\Retrolens\Auckland\Hobsonville\Shorelines\Hobsonville_shorelines.shp,20,1999-01-01,DSAS_Date,attribute table,LDS,attribute table,2.5,attribute table:Pixel_ER,,0.0,attribute table:Georef_ER,,1,defaulted to CPS=1,0.43,2.536710468303389,READY,
Auckland,Hobsonville,Hobsonville_shorelines.shp,Z:\Retrolens\Auckland\Hobsonville\Shorelines\Hobsonville_shorelines.shp,21,1999-01-01,DSAS_Date,attribute table,LDS,attribute table,2.5,attribute table:Pixel_ER,,0.0,attribute table:Georef_ER,,1,defaulted to CPS=1,0.43,2.536710468303389,READY,
Auckland,Hobsonville,Hobsonville_shorelines.shp,Z:\Retrolens\Auckland\Hobsonville\Shorelines\Hobsonville_shorelines.shp,22,1999-01-01,DSAS_Date,attribute table,LDS,attribute table,2.5,attribute table:Pixel_ER,,0.0,attribute table:Georef_ER,,1,defaulted to CPS=1,0.43,2.536710468303389,READY,
Auckland,Hobsonville,Hobsonville_shorelines.shp,Z:\Retrolens\Auckland\Hobsonville\Shorelines\Hobsonville_shorelines.shp,23,1999-01-01,DSAS_Date,attribute table,LDS,attribute table,2.5,attribute table:Pixel_ER,,0.0,attribute table:Georef_ER,,1,defaulted to CPS=1,0.43,2.536710468303389,READY,
Auckland,Hobsonville,Hobsonville_shorelines.shp,Z:\Retrolens\Auckland\Hobsonville\Shorelines\Hobsonville_shorelines.shp,24,1988-02-01,DSAS_Date,attribute table,RL,attribute table,0.685681280689272,gml-sidecar:stack-exact-date:1988-02-01:Hobsonville_1988Feb01.jp2,Z:\Retrolens\Auckland\Hobsonville\Stack\Hobsonville_1988Feb01.jp2,2.43,attribute table:Georef_ER,,1,defaulted to CPS=1,0.43,2.5612416556599418,READY,
Auckland,Hobsonville,Hobsonville_shorelines.shp,Z:\Retrolens\Auckland\Hobsonville\Shorelines\Hobsonville_shorelines.shp,25,1988-02-01,DSAS_Date,attribute table,RL,attribute table,0.685681280689272,gml-sidecar:stack-exact-date:1988-02-01:Hobsonville_1988Feb01.jp2,Z:\Retrolens\Auckland\Hobsonville\Stack\Hobsonville_1988Feb01.jp2,2.43,attribute table:Georef_ER,,1,defaulted to CPS=1,0.43,2.5612416556599418,READY,
Auckland,Hobsonville,Hobsonville_shorelines.shp,Z:\Retrolens\Auckland\Hobsonville\Shorelines\Hobsonville_shorelines.shp,26,1988-02-01,DSAS_Date,attribute table,RL,attribute table,0.685681280689272,gml-sidecar:stack-exact-date:1988-02-01:Hobsonville_1988Feb01.jp2,Z:\Retrolens\Auckland\Hobsonville\Stack\Hobsonville_1988Feb01.jp2,2.43,attribute table:Georef_ER,,1,defaulted to CPS=1,0.43,2.5612416556599418,READY,
Auckland,Hobsonville,Hobsonville_shorelines.shp,Z:\Retrolens\Auckland\Hobsonville\Shorelines\Hobsonville_shorelines.shp,27,1988-02-01,DSAS_Date,attribute table,RL,attribute table,0.685681280689272,gml-sidecar:stack-exact-date:1988-02-01:Hobsonville_1988Feb01.jp2,Z:\Retrolens\Auckland\Hobsonville\Stack\Hobsonville_1988Feb01.jp2,2.43,attribute table:Georef_ER,,1,defaulted to CPS=1,0.43,2.5612416556599418,READY,
Auckland,Hobsonville,Hobsonville_shorelines.shp,Z:\Retrolens\Auckland\Hobsonville\Shorelines\Hobsonville_shorelines.shp,28,1988-02-01,DSAS_Date,attribute table,RL,attribute table,0.685681280689272,gml-sidecar:stack-exact-date:1988-02-01:Hobsonville_1988Feb01.jp2,Z:\Retrolens\Auckland\Hobsonville\Stack\Hobsonville_1988Feb01.jp2,2.43,attribute table:Georef_ER,,1,defaulted to CPS=1,0.43,2.5612416556599418,READY,
Auckland,Hobsonville,Hobsonville_shorelines.shp,Z:\Retrolens\Auckland\Hobsonville\Shorelines\Hobsonville_shorelines.shp,29,1988-02-01,DSAS_Date,attribute table,RL,attribute table,0.685681280689272,gml-sidecar:stack-exact-date:1988-02-01:Hobsonville_1988Feb01.jp2,Z:\Retrolens\Auckland\Hobsonville\Stack\Hobsonville_1988Feb01.jp2,2.43,attribute table:Georef_ER,,1,defaulted to CPS=1,0.43,2.5612416556599418,READY,
Auckland,Hobsonville,Hobsonville_shorelines.shp,Z:\Retrolens\Auckland\Hobsonville\Shorelines\Hobsonville_shorelines.shp,30,1988-02-01,DSAS_Date,attribute table,RL,attribute table,0.685681280689272,gml-sidecar:stack-exact-date:1988-02-01:Hobsonville_1988Feb01.jp2,Z:\Retrolens\Auckland\Hobsonville\Stack\Hobsonville_1988Feb01.jp2,2.43,attribute table:Georef_ER,,1,defaulted to CPS=1,0.43,2.5612416556599418,READY,
Auckland,Hobsonville,Hobsonville_shorelines.shp,Z:\Retrolens\Auckland\Hobsonville\Shorelines\Hobsonville_shorelines.shp,31,1981-01-04,DSAS_Date,attribute table,RL,attribute table,0.758038396293616,gml-sidecar:stack-exact-date:1981-01-04:Hobsonville_1981Jan04.jp2,Z:\Retrolens\Auckland\Hobsonville\Stack\Hobsonville_1981Jan04.jp2,2.09,attribute table:Georef_ER,,1,defaulted to CPS=1,0.43,2.264425359833129,READY,
Auckland,Hobsonville,Hobsonville_shorelines.shp,Z:\Retrolens\Auckland\Hobsonville\Shorelines\Hobsonville_shorelines.shp,32,1981-01-04,DSAS_Date,attribute table,RL,attribute table,0.758038396293616,gml-sidecar:stack-exact-date:1981-01-04:Hobsonville_1981Jan04.jp2,Z:\Retrolens\Auckland\Hobsonville\Stack\Hobsonville_1981Jan04.jp2,2.09,attribute table:Georef_ER,,1,defaulted to CPS=1,0.43,2.264425359833129,READY,
Auckland,Hobsonville,Hobsonville_shorelines.shp,Z:\Retrolens\Auckland\Hobsonville\Shorelines\Hobsonville_shorelines.shp,33,1981-01-04,DSAS_Date,attribute table,RL,attribute table,0.758038396293616,gml-sidecar:stack-exact-date:1981-01-04:Hobsonville_1981Jan04.jp2,Z:\Retrolens\Auckland\Hobsonville\Stack\Hobsonville_1981Jan04.jp2,2.09,attribute table:Georef_ER,,1,defaulted to CPS=1,0.43,2.264425359833129,READY,
Auckland,Hobsonville,Hobsonville_shorelines.shp,Z:\Retrolens\Auckland\Hobsonville\Shorelines\Hobsonville_shorelines.shp,34,1981-01-04,DSAS_Date,attribute table,RL,attribute table,0.758038396293616,gml-sidecar:stack-exact-date:1981-01-04:Hobsonville_1981Jan04.jp2,Z:\Retrolens\Auckland\Hobsonville\Stack\Hobsonville_1981Jan04.jp2,2.09,attribute table:Georef_ER,,1,defaulted to CPS=1,0.43,2.264425359833129,READY,
Auckland,Hobsonville,Hobsonville_shorelines.shp,Z:\Retrolens\Auckland\Hobsonville\Shorelines\Hobsonville_shorelines.shp,35,1981-01-04,DSAS_Date,attribute table,RL,attribute table,0.758038396293616,gml-sidecar:stack-exact-date:1981-01-04:Hobsonville_1981Jan04.jp2,Z:\Retrolens\Auckland\Hobsonville\Stack\Hobsonville_1981Jan04.jp2,2.09,attribute table:Georef_ER,,1,defaulted to CPS=1,0.43,2.264425359833129,READY,
Auckland,Hobsonville,Hobsonville_shorelines.shp,Z:\Retrolens\Auckland\Hobsonville\Shorelines\Hobsonville_shorelines.shp,36,1981-01-04,DSAS_Date,attribute table,RL,attribute table,0.758038396293616,gml-sidecar:stack-exact-date:1981-01-04:Hobsonville_1981Jan04.jp2,Z:\Retrolens\Auckland\Hobsonville\Stack\Hobsonville_1981Jan04.jp2,2.09,attribute table:Georef_ER,,1,defaulted to CPS=1,0.43,2.264425359833129,READY,
Auckland,Hobsonville,Hobsonville_shorelines.shp,Z:\Retrolens\Auckland\Hobsonville\Shorelines\Hobsonville_shorelines.shp,37,1981-01-04,DSAS_Date,attribute table,RL,attribute table,0.758038396293616,gml-sidecar:stack-exact-date:1981-01-04:Hobsonville_1981Jan04.jp2,Z:\Retrolens\Auckland\Hobsonville\Stack\Hobsonville_1981Jan04.jp2,2.09,attribute table:Georef_ER,,1,defaulted to CPS=1,0.43,2.264425359833129,READY,
Auckland,Hobsonville,Hobsonville_shorelines.shp,Z:\Retrolens\Auckland\Hobsonville\Shorelines\Hobsonville_shorelines.shp,38,1981-01-04,DSAS_Date,attribute table,RL,attribute table,0.758038396293616,gml-sidecar:stack-exact-date:1981-01-04:Hobsonville_1981Jan04.jp2,Z:\Retrolens\Auckland\Hobsonville\Stack\Hobsonville_1981Jan04.jp2,2.09,attribute table:Georef_ER,,1,defaulted to CPS=1,0.43,2.264425359833129,READY,
Auckland,Hobsonville,Hobsonville_shorelines.shp,Z:\Retrolens\Auckland\Hobsonville\Shorelines\Hobsonville_shorelines.shp,39,1981-01-04,DSAS_Date,attribute table,RL,attribute table,0.758038396293616,gml-sidecar:stack-exact-date:1981-01-04:Hobsonville_1981Jan04.jp2,Z:\Retrolens\Auckland\Hobsonville\Stack\Hobsonville_1981Jan04.jp2,2.09,attribute table:Georef_ER,,1,defaulted to CPS=1,0.43,2.264425359833129,READY,
Auckland,Hobsonville,Hobsonville_shorelines.shp,Z:\Retrolens\Auckland\Hobsonville\Shorelines\Hobsonville_shorelines.shp,40,1981-01-04,DSAS_Date,attribute table,RL,attribute table,0.758038396293616,gml-sidecar:stack-exact-date:1981-01-04:Hobsonville_1981Jan04.jp2,Z:\Retrolens\Auckland\Hobsonville\Stack\Hobsonville_1981Jan04.jp2,2.09,attribute table:Georef_ER,,1,defaulted to CPS=1,0.43,2.264425359833129,READY,
Auckland,Hobsonville,Hobsonville_shorelines.shp,Z:\Retrolens\Auckland\Hobsonville\Shorelines\Hobsonville_shorelines.shp,41,1981-01-04,DSAS_Date,attribute table,RL,attribute table,0.758038396293616,gml-sidecar:stack-exact-date:1981-01-04:Hobsonville_1981Jan04.jp2,Z:\Retrolens\Auckland\Hobsonville\Stack\Hobsonville_1981Jan04.jp2,2.09,attribute table:Georef_ER,,1,defaulted to CPS=1,0.43,2.264425359833129,READY,
Auckland,Hobsonville,Hobsonville_shorelines.shp,Z:\Retrolens\Auckland\Hobsonville\Shorelines\Hobsonville_shorelines.shp,42,1972-04-14,DSAS_Date,attribute table,RL,attribute table,0.645688451452914,gml-sidecar:stack-exact-date:1972-04-14:Hobsonville_1972Apr14.jp2,Z:\Retrolens\Auckland\Hobsonville\Stack\Hobsonville_1972Apr14.jp2,2.43,attribute table:Georef_ER,,1,defaulted to CPS=1,0.43,2.55082605764087,READY,
Auckland,Hobsonville,Hobsonville_shorelines.shp,Z:\Retrolens\Auckland\Hobsonville\Shorelines\Hobsonville_shorelines.shp,43,1972-04-14,DSAS_Date,attribute table,RL,attribute table,0.645688451452914,gml-sidecar:stack-exact-date:1972-04-14:Hobsonville_1972Apr14.jp2,Z:\Retrolens\Auckland\Hobsonville\Stack\Hobsonville_1972Apr14.jp2,2.43,attribute table:Georef_ER,,1,defaulted to CPS=1,0.43,2.55082605764087,READY,
Auckland,Hobsonville,Hobsonville_shorelines.shp,Z:\Retrolens\Auckland\Hobsonville\Shorelines\Hobsonville_shorelines.shp,44,1972-04-14,DSAS_Date,attribute table,RL,attribute table,0.645688451452914,gml-sidecar:stack-exact-date:1972-04-14:Hobsonville_1972Apr14.jp2,Z:\Retrolens\Auckland\Hobsonville\Stack\Hobsonville_1972Apr14.jp2,2.43,attribute table:Georef_ER,,1,defaulted to CPS=1,0.43,2.55082605764087,READY,
Auckland,Hobsonville,Hobsonville_shorelines.shp,Z:\Retrolens\Auckland\Hobsonville\Shorelines\Hobsonville_shorelines.shp,45,1972-04-14,DSAS_Date,attribute table,RL,attribute table,0.645688451452914,gml-sidecar:stack-exact-date:1972-04-14:Hobsonville_1972Apr14.jp2,Z:\Retrolens\Auckland\Hobsonville\Stack\Hobsonville_1972Apr14.jp2,2.43,attribute table:Georef_ER,,1,defaulted to CPS=1,0.43,2.55082605764087,READY,
Auckland,Hobsonville,Hobsonville_shorelines.shp,Z:\Retrolens\Auckland\Hobsonville\Shorelines\Hobsonville_shorelines.shp,46,1972-04-14,DSAS_Date,attribute table,RL,attribute table,0.645688451452914,gml-sidecar:stack-exact-date:1972-04-14:Hobsonville_1972Apr14.jp2,Z:\Retrolens\Auckland\Hobsonville\Stack\Hobsonville_1972Apr14.jp2,2.43,attribute table:Georef_ER,,1,defaulted to CPS=1,0.43,2.55082605764087,READY,
Auckland,Hobsonville,Hobsonville_shorelines.shp,Z:\Retrolens\Auckland\Hobsonville\Shorelines\Hobsonville_shorelines.shp,47,1972-04-14,DSAS_Date,attribute table,RL,attribute table,0.645688451452914,gml-sidecar:stack-exact-date:1972-04-14:Hobsonville_1972Apr14.jp2,Z:\Retrolens\Auckland\Hobsonville\Stack\Hobsonville_1972Apr14.jp2,2.43,attribute table:Georef_ER,,1,defaulted to CPS=1,0.43,2.55082605764087,READY,
Auckland,Hobsonville,Hobsonville_shorelines.shp,Z:\Retrolens\Auckland\Hobsonville\Shorelines\Hobsonville_shorelines.shp,48,1972-04-14,DSAS_Date,attribute table,RL,attribute table,0.645688451452914,gml-sidecar:stack-exact-date:1972-04-14:Hobsonville_1972Apr14.jp2,Z:\Retrolens\Auckland\Hobsonville\Stack\Hobsonville_1972Apr14.jp2,2.43,attribute table:Georef_ER,,1,defaulted to CPS=1,0.43,2.55082605764087,READY,
Auckland,Hobsonville,Hobsonville_shorelines.shp,Z:\Retrolens\Auckland\Hobsonville\Shorelines\Hobsonville_shorelines.shp,49,1972-04-14,DSAS_Date,attribute table,RL,attribute table,0.645688451452914,gml-sidecar:stack-exact-date:1972-04-14:Hobsonville_1972Apr14.jp2,Z:\Retrolens\Auckland\Hobsonville\Stack\Hobsonville_1972Apr14.jp2,2.43,attribute table:Georef_ER,,1,defaulted to CPS=1,0.43,2.55082605764087,READY,
Auckland,Hobsonville,Hobsonville_shorelines.shp,Z:\Retrolens\Auckland\Hobsonville\Shorelines\Hobsonville_shorelines.shp,50,1972-04-14,DSAS_Date,attribute table,RL,attribute table,0.645688451452914,gml-sidecar:stack-exact-date:1972-04-14:Hobsonville_1972Apr14.jp2,Z:\Retrolens\Auckland\Hobsonville\Stack\Hobsonville_1972Apr14.jp2,2.43,attribute table:Georef_ER,,1,defaulted to CPS=1,0.43,2.55082605764087,READY,
Auckland,Hobsonville,Hobsonville_shorelines.shp,Z:\Retrolens\Auckland\Hobsonville\Shorelines\Hobsonville_shorelines.shp,51,1972-04-14,DSAS_Date,attribute table,RL,attribute table,0.645688451452914,gml-sidecar:stack-exact-date:1972-04-14:Hobsonville_1972Apr14.jp2,Z:\Retrolens\Auckland\Hobsonville\Stack\Hobsonville_1972Apr14.jp2,2.43,attribute table:Georef_ER,,1,defaulted to CPS=1,0.43,2.55082605764087,READY,
Auckland,Hobsonville,Hobsonville_shorelines.shp,Z:\Retrolens\Auckland\Hobsonville\Shorelines\Hobsonville_shorelines.shp,52,1972-04-14,DSAS_Date,attribute table,RL,attribute table,0.645688451452914,gml-sidecar:stack-exact-date:1972-04-14:Hobsonville_1972Apr14.jp2,Z:\Retrolens\Auckland\Hobsonville\Stack\Hobsonville_1972Apr14.jp2,2.43,attribute table:Georef_ER,,1,defaulted to CPS=1,0.43,2.55082605764087,READY,
Auckland,Hobsonville,Hobsonville_shorelines.shp,Z:\Retrolens\Auckland\Hobsonville\Shorelines\Hobsonville_shorelines.shp,53,1963-04-27,DSAS_Date,attribute table,RL,attribute table,0.450145360281692,gml-sidecar:stack-exact-date:1963-04-27:Hobsonville_1963Apr27.jp2,Z:\Retrolens\Auckland\Hobsonville\Stack\Hobsonville_1963Apr27.jp2,2.09,attribute table:Georef_ER,,1,defaulted to CPS=1,0.43,2.1807408936834136,READY,
Auckland,Hobsonville,Hobsonville_shorelines.shp,Z:\Retrolens\Auckland\Hobsonville\Shorelines\Hobsonville_shorelines.shp,54,1963-04-27,DSAS_Date,attribute table,RL,attribute table,0.450145360281692,gml-sidecar:stack-exact-date:1963-04-27:Hobsonville_1963Apr27.jp2,Z:\Retrolens\Auckland\Hobsonville\Stack\Hobsonville_1963Apr27.jp2,2.09,attribute table:Georef_ER,,1,defaulted to CPS=1,0.43,2.1807408936834136,READY,
Auckland,Hobsonville,Hobsonville_shorelines.shp,Z:\Retrolens\Auckland\Hobsonville\Shorelines\Hobsonville_shorelines.shp,55,1963-04-27,DSAS_Date,attribute table,RL,attribute table,0.450145360281692,gml-sidecar:stack-exact-date:1963-04-27:Hobsonville_1963Apr27.jp2,Z:\Retrolens\Auckland\Hobsonville\Stack\Hobsonville_1963Apr27.jp2,2.09,attribute table:Georef_ER,,1,defaulted to CPS=1,0.43,2.1807408936834136,READY,
Auckland,Hobsonville,Hobsonville_shorelines.shp,Z:\Retrolens\Auckland\Hobsonville\Shorelines\Hobsonville_shorelines.shp,56,1963-04-27,DSAS_Date,attribute table,RL,attribute table,0.450145360281692,gml-sidecar:stack-exact-date:1963-04-27:Hobsonville_1963Apr27.jp2,Z:\Retrolens\Auckland\Hobsonville\Stack\Hobsonville_1963Apr27.jp2,2.09,attribute table:Georef_ER,,1,defaulted to CPS=1,0.43,2.1807408936834136,READY,
Auckland,Hobsonville,Hobsonville_shorelines.shp,Z:\Retrolens\Auckland\Hobsonville\Shorelines\Hobsonville_shorelines.shp,57,1963-04-27,DSAS_Date,attribute table,RL,attribute table,0.450145360281692,gml-sidecar:stack-exact-date:1963-04-27:Hobsonville_1963Apr27.jp2,Z:\Retrolens\Auckland\Hobsonville\Stack\Hobsonville_1963Apr27.jp2,2.09,attribute table:Georef_ER,,1,defaulted to CPS=1,0.43,2.1807408936834136,READY,
Auckland,Hobsonville,Hobsonville_shorelines.shp,Z:\Retrolens\Auckland\Hobsonville\Shorelines\Hobsonville_shorelines.shp,58,1963-04-27,DSAS_Date,attribute table,RL,attribute table,0.450145360281692,gml-sidecar:stack-exact-date:1963-04-27:Hobsonville_1963Apr27.jp2,Z:\Retrolens\Auckland\Hobsonville\Stack\Hobsonville_1963Apr27.jp2,2.09,attribute table:Georef_ER,,1,defaulted to CPS=1,0.43,2.1807408936834136,READY,
Auckland,Hobsonville,Hobsonville_shorelines.shp,Z:\Retrolens\Auckland\Hobsonville\Shorelines\Hobsonville_shorelines.shp,59,1963-04-27,DSAS_Date,attribute table,RL,attribute table,0.450145360281692,gml-sidecar:stack-exact-date:1963-04-27:Hobsonville_1963Apr27.jp2,Z:\Retrolens\Auckland\Hobsonville\Stack\Hobsonville_1963Apr27.jp2,2.09,attribute table:Georef_ER,,1,defaulted to CPS=1,0.43,2.1807408936834136,READY,
Auckland,Hobsonville,Hobsonville_shorelines.shp,Z:\Retrolens\Auckland\Hobsonville\Shorelines\Hobsonville_shorelines.shp,60,1963-04-27,DSAS_Date,attribute table,RL,attribute table,0.450145360281692,gml-sidecar:stack-exact-date:1963-04-27:Hobsonville_1963Apr27.jp2,Z:\Retrolens\Auckland\Hobsonville\Stack\Hobsonville_1963Apr27.jp2,2.09,attribute table:Georef_ER,,1,defaulted to CPS=1,0.43,2.1807408936834136,READY,
Auckland,Hobsonville,Hobsonville_shorelines.shp,Z:\Retrolens\Auckland\Hobsonville\Shorelines\Hobsonville_shorelines.shp,61,1950-10-14,DSAS_Date,attribute table,RL,attribute table,0.251075018914763,gml-sidecar:stack-exact-date:1950-10-14:Hobsonville_1950Oct14.jp2,Z:\Retrolens\Auckland\Hobsonville\Stack\Hobsonville_1950Oct14.jp2,2.09,attribute table:Georef_ER,,1,defaulted to CPS=1,0.43,2.1484968385182808,READY,
Auckland,Hobsonville,Hobsonville_shorelines.shp,Z:\Retrolens\Auckland\Hobsonville\Shorelines\Hobsonville_shorelines.shp,62,1950-10-14,DSAS_Date,attribute table,RL,attribute table,0.251075018914763,gml-sidecar:stack-exact-date:1950-10-14:Hobsonville_1950Oct14.jp2,Z:\Retrolens\Auckland\Hobsonville\Stack\Hobsonville_1950Oct14.jp2,2.09,attribute table:Georef_ER,,1,defaulted to CPS=1,0.43,2.1484968385182808,READY,
Auckland,Hobsonville,Hobsonville_shorelines.shp,Z:\Retrolens\Auckland\Hobsonville\Shorelines\Hobsonville_shorelines.shp,63,1950-10-14,DSAS_Date,attribute table,RL,attribute table,0.251075018914763,gml-sidecar:stack-exact-date:1950-10-14:Hobsonville_1950Oct14.jp2,Z:\Retrolens\Auckland\Hobsonville\Stack\Hobsonville_1950Oct14.jp2,2.09,attribute table:Georef_ER,,1,defaulted to CPS=1,0.43,2.1484968385182808,READY,
Auckland,Hobsonville,Hobsonville_shorelines.shp,Z:\Retrolens\Auckland\Hobsonville\Shorelines\Hobsonville_shorelines.shp,64,1950-10-14,DSAS_Date,attribute table,RL,attribute table,0.251075018914763,gml-sidecar:stack-exact-date:1950-10-14:Hobsonville_1950Oct14.jp2,Z:\Retrolens\Auckland\Hobsonville\Stack\Hobsonville_1950Oct14.jp2,2.09,attribute table:Georef_ER,,1,defaulted to CPS=1,0.43,2.1484968385182808,READY,
Auckland,Hobsonville,Hobsonville_shorelines.shp,Z:\Retrolens\Auckland\Hobsonville\Shorelines\Hobsonville_shorelines.shp,65,1950-10-14,DSAS_Date,attribute table,RL,attribute table,0.251075018914763,gml-sidecar:stack-exact-date:1950-10-14:Hobsonville_1950Oct14.jp2,Z:\Retrolens\Auckland\Hobsonville\Stack\Hobsonville_1950Oct14.jp2,2.09,attribute table:Georef_ER,,1,defaulted to CPS=1,0.43,2.1484968385182808,READY,
Auckland,Hobsonville,Hobsonville_shorelines.shp,Z:\Retrolens\Auckland\Hobsonville\Shorelines\Hobsonville_shorelines.shp,66,1950-10-14,DSAS_Date,attribute table,RL,attribute table,0.251075018914763,gml-sidecar:stack-exact-date:1950-10-14:Hobsonville_1950Oct14.jp2,Z:\Retrolens\Auckland\Hobsonville\Stack\Hobsonville_1950Oct14.jp2,2.09,attribute table:Georef_ER,,1,defaulted to CPS=1,0.43,2.1484968385182808,READY,
Auckland,Hobsonville,Hobsonville_shorelines.shp,Z:\Retrolens\Auckland\Hobsonville\Shorelines\Hobsonville_shorelines.shp,67,1940-04-22,DSAS_Date,attribute table,RL,attribute table,0.519990933473821,gml-sidecar:stack-exact-date:1940-04-22:Hobsonville_1940Apr22.jp2,Z:\Retrolens\Auckland\Hobsonville\Stack\Hobsonville_1940Apr22.jp2,2.09,attribute table:Georef_ER,,1,defaulted to CPS=1,0.43,2.196221885624259,READY,
Auckland,Hobsonville,Hobsonville_shorelines.shp,Z:\Retrolens\Auckland\Hobsonville\Shorelines\Hobsonville_shorelines.shp,68,1940-04-22,DSAS_Date,attribute table,RL,attribute table,0.519990933473821,gml-sidecar:stack-exact-date:1940-04-22:Hobsonville_1940Apr22.jp2,Z:\Retrolens\Auckland\Hobsonville\Stack\Hobsonville_1940Apr22.jp2,2.09,attribute table:Georef_ER,,1,defaulted to CPS=1,0.43,2.196221885624259,READY,
Auckland,Hobsonville,Hobsonville_shorelines.shp,Z:\Retrolens\Auckland\Hobsonville\Shorelines\Hobsonville_shorelines.shp,69,1940-04-22,DSAS_Date,attribute table,RL,attribute table,0.519990933473821,gml-sidecar:stack-exact-date:1940-04-22:Hobsonville_1940Apr22.jp2,Z:\Retrolens\Auckland\Hobsonville\Stack\Hobsonville_1940Apr22.jp2,2.09,attribute table:Georef_ER,,1,defaulted to CPS=1,0.43,2.196221885624259,READY,
Auckland,Hobsonville,Hobsonville_shorelines.shp,Z:\Retrolens\Auckland\Hobsonville\Shorelines\Hobsonville_shorelines.shp,70,1940-04-22,DSAS_Date,attribute table,RL,attribute table,0.519990933473821,gml-sidecar:stack-exact-date:1940-04-22:Hobsonville_1940Apr22.jp2,Z:\Retrolens\Auckland\Hobsonville\Stack\Hobsonville_1940Apr22.jp2,2.09,attribute table:Georef_ER,,1,defaulted to CPS=1,0.43,2.196221885624259,READY,
Auckland,Hobsonville,Hobsonville_shorelines.shp,Z:\Retrolens\Auckland\Hobsonville\Shorelines\Hobsonville_shorelines.shp,71,1940-04-22,DSAS_Date,attribute table,RL,attribute table,0.519990933473821,gml-sidecar:stack-exact-date:1940-04-22:Hobsonville_1940Apr22.jp2,Z:\Retrolens\Auckland\Hobsonville\Stack\Hobsonville_1940Apr22.jp2,2.09,attribute table:Georef_ER,,1,defaulted to CPS=1,0.43,2.196221885624259,READY,
Auckland,Hobsonville,Hobsonville_shorelines.shp,Z:\Retrolens\Auckland\Hobsonville\Shorelines\Hobsonville_shorelines.shp,72,1940-04-22,DSAS_Date,attribute table,RL,attribute table,0.519990933473821,gml-sidecar:stack-exact-date:1940-04-22:Hobsonville_1940Apr22.jp2,Z:\Retrolens\Auckland\Hobsonville\Stack\Hobsonville_1940Apr22.jp2,2.09,attribute table:Georef_ER,,1,defaulted to CPS=1,0.43,2.196221885624259,READY,
Auckland,Hobsonville,Hobsonville_shorelines.shp,Z:\Retrolens\Auckland\Hobsonville\Shorelines\Hobsonville_shorelines.shp,73,1940-04-22,DSAS_Date,attribute table,RL,attribute table,0.519990933473821,gml-sidecar:stack-exact-date:1940-04-22:Hobsonville_1940Apr22.jp2,Z:\Retrolens\Auckland\Hobsonville\Stack\Hobsonville_1940Apr22.jp2,2.09,attribute table:Georef_ER,,1,defaulted to CPS=1,0.43,2.196221885624259,READY,
Auckland,Hobsonville,Hobsonville_shorelines.shp,Z:\Retrolens\Auckland\Hobsonville\Shorelines\Hobsonville_shorelines.shp,74,1940-04-22,DSAS_Date,attribute table,RL,attribute table,0.519990933473821,gml-sidecar:stack-exact-date:1940-04-22:Hobsonville_1940Apr22.jp2,Z:\Retrolens\Auckland\Hobsonville\Stack\Hobsonville_1940Apr22.jp2,2.09,attribute table:Georef_ER,,1,defaulted to CPS=1,0.43,2.196221885624259,READY,
Auckland,Hobsonville,Hobsonville_shorelines.shp,Z:\Retrolens\Auckland\Hobsonville\Shorelines\Hobsonville_shorelines.shp,75,1940-04-22,DSAS_Date,attribute table,RL,attribute table,0.519990933473821,gml-sidecar:stack-exact-date:1940-04-22:Hobsonville_1940Apr22.jp2,Z:\Retrolens\Auckland\Hobsonville\Stack\Hobsonville_1940Apr22.jp2,2.09,attribute table:Georef_ER,,1,defaulted to CPS=1,0.43,2.196221885624259,READY,
Auckland,Hobsonville,Hobsonville_shorelines.shp,Z:\Retrolens\Auckland\Hobsonville\Shorelines\Hobsonville_shorelines.shp,76,1940-04-22,DSAS_Date,attribute table,RL,attribute table,0.519990933473821,gml-sidecar:stack-exact-date:1940-04-22:Hobsonville_1940Apr22.jp2,Z:\Retrolens\Auckland\Hobsonville\Stack\Hobsonville_1940Apr22.jp2,2.09,attribute table:Georef_ER,,1,defaulted to CPS=1,0.43,2.196221885624259,READY,
Auckland,Hobsonville,Hobsonville_shorelines.shp,Z:\Retrolens\Auckland\Hobsonville\Shorelines\Hobsonville_shorelines.shp,77,1940-04-22,DSAS_Date,attribute table,RL,attribute table,0.519990933473821,gml-sidecar:stack-exact-date:1940-04-22:Hobsonville_1940Apr22.jp2,Z:\Retrolens\Auckland\Hobsonville\Stack\Hobsonville_1940Apr22.jp2,2.09,attribute table:Georef_ER,,1,defaulted to CPS=1,0.43,2.196221885624259,READY,
Auckland,ManukapuaIsland,ManukapuaIsland_09MAR2011.shp,Z:\Retrolens\Auckland\ManukapuaIsland\Shorelines\ManukapuaIsland_09MAR2011.shp,0,2011-03-09,Date,attribute table,LDS,attribute table,0.1,LDS default GSD:2011,,0.0,attribute table:Georef_ER,,2,attribute table:CPS,0.73,0.7368174807915457,READY,
Auckland,ManukapuaIsland,ManukapuaIsland_09MAR2011.shp,Z:\Retrolens\Auckland\ManukapuaIsland\Shorelines\ManukapuaIsland_09MAR2011.shp,1,2011-03-09,Date,attribute table,LDS,attribute table,0.1,LDS default GSD:2011,,0.0,attribute table:Georef_ER,,2,attribute table:CPS,0.73,0.7368174807915457,READY,
Auckland,ManukapuaIsland,ManukapuaIsland_09MAR2011.shp,Z:\Retrolens\Auckland\ManukapuaIsland\Shorelines\ManukapuaIsland_09MAR2011.shp,2,2011-03-09,Date,attribute table,LDS,attribute table,0.1,LDS default GSD:2011,,0.0,attribute table:Georef_ER,,2,attribute table:CPS,0.73,0.7368174807915457,READY,
Auckland,ManukapuaIsland,ManukapuaIsland_09MAR2011.shp,Z:\Retrolens\Auckland\ManukapuaIsland\Shorelines\ManukapuaIsland_09MAR2011.shp,3,2011-03-09,Date,attribute table,LDS,attribute table,0.1,LDS default GSD:2011,,0.0,attribute table:Georef_ER,,2,attribute table:CPS,0.73,0.7368174807915457,READY,
Auckland,ManukapuaIsland,ManukapuaIsland_09MAR2011.shp,Z:\Retrolens\Auckland\ManukapuaIsland\Shorelines\ManukapuaIsland_09MAR2011.shp,4,2011-03-09,Date,attribute table,LDS,attribute table,0.1,LDS default GSD:2011,,0.0,attribute table:Georef_ER,,2,attribute table:CPS,0.73,0.7368174807915457,READY,
Auckland,ManukapuaIsland,ManukapuaIsland_09MAR2011.shp,Z:\Retrolens\Auckland\ManukapuaIsland\Shorelines\ManukapuaIsland_09MAR2011.shp,5,2011-03-09,Date,attribute table,LDS,attribute table,0.1,LDS default GSD:2011,,0.0,attribute table:Georef_ER,,2,attribute table:CPS,0.73,0.7368174807915457,READY,
Auckland,ManukapuaIsland,ManukapuaIsland_09MAR2011.shp,Z:\Retrolens\Auckland\ManukapuaIsland\Shorelines\ManukapuaIsland_09MAR2011.shp,6,2011-03-09,Date,attribute table,LDS,attribute table,0.1,LDS default GSD:2011,,0.0,attribute table:Georef_ER,,3,attribute table:CPS,0.97,0.9751410154434075,READY,
Auckland,ManukapuaIsland,ManukapuaIsland_09MAR2011.shp,Z:\Retrolens\Auckland\ManukapuaIsland\Shorelines\ManukapuaIsland_09MAR2011.shp,7,2011-03-09,Date,attribute table,LDS,attribute table,0.1,LDS default GSD:2011,,0.0,attribute table:Georef_ER,,2,attribute table:CPS,0.73,0.7368174807915457,READY,
Auckland,ManukapuaIsland,ManukapuaIsland_09MAR2011.shp,Z:\Retrolens\Auckland\ManukapuaIsland\Shorelines\ManukapuaIsland_09MAR2011.shp,8,2011-03-09,Date,attribute table,LDS,attribute table,0.1,LDS default GSD:2011,,0.0,attribute table:Georef_ER,,2,attribute table:CPS,0.73,0.7368174807915457,READY,
Auckland,ManukapuaIsland,ManukapuaIsland_09MAR2011.shp,Z:\Retrolens\Auckland\ManukapuaIsland\Shorelines\ManukapuaIsland_09MAR2011.shp,9,2011-03-09,Date,attribute table,LDS,attribute table,0.1,LDS default GSD:2011,,0.0,attribute table:Georef_ER,,5,attribute table:CPS,8.59,8.590582052457215,READY,
Auckland,ManukapuaIsland,ManukapuaIsland_07FEB1982.shp,Z:\Retrolens\Auckland\ManukapuaIsland\Shorelines\ManukapuaIsland_07FEB1982.shp,0,1982-02-07,Date,attribute table,RL,attribute table,0.3,attribute table:Pixel_Er,,2.09,attribute table:Georef_ER,,2,attribute table:CPS,0.73,2.234054609896544,READY,
Auckland,ManukapuaIsland,ManukapuaIsland_07FEB1982.shp,Z:\Retrolens\Auckland\ManukapuaIsland\Shorelines\ManukapuaIsland_07FEB1982.shp,1,1982-02-07,Date,attribute table,RL,attribute table,0.3,attribute table:Pixel_Er,,2.09,attribute table:Georef_ER,,2,attribute table:CPS,0.73,2.234054609896544,READY,
Auckland,ManukapuaIsland,ManukapuaIsland_07FEB1982.shp,Z:\Retrolens\Auckland\ManukapuaIsland\Shorelines\ManukapuaIsland_07FEB1982.shp,2,1982-02-07,Date,attribute table,RL,attribute table,0.3,attribute table:Pixel_Er,,2.09,attribute table:Georef_ER,,3,attribute table:CPS,0.97,2.323574832020695,READY,
Auckland,ManukapuaIsland,ManukapuaIsland_07FEB1982.shp,Z:\Retrolens\Auckland\ManukapuaIsland\Shorelines\ManukapuaIsland_07FEB1982.shp,3,1982-02-07,Date,attribute table,RL,attribute table,0.3,attribute table:Pixel_Er,,2.09,attribute table:Georef_ER,,3,attribute table:CPS,0.97,2.323574832020695,READY,
Auckland,ManukapuaIsland,ManukapuaIsland_07FEB1982.shp,Z:\Retrolens\Auckland\ManukapuaIsland\Shorelines\ManukapuaIsland_07FEB1982.shp,4,1982-02-07,Date,attribute table,RL,attribute table,0.3,attribute table:Pixel_Er,,2.09,attribute table:Georef_ER,,2,attribute table:CPS,0.73,2.234054609896544,READY,
Auckland,ManukapuaIsland,ManukapuaIsland_07FEB1982.shp,Z:\Retrolens\Auckland\ManukapuaIsland\Shorelines\ManukapuaIsland_07FEB1982.shp,5,1982-02-07,Date,attribute table,RL,attribute table,0.3,attribute table:Pixel_Er,,2.09,attribute table:Georef_ER,,2,attribute table:CPS,0.73,2.234054609896544,READY,
Auckland,ManukapuaIsland,ManukapuaIsland_07FEB1982.shp,Z:\Retrolens\Auckland\ManukapuaIsland\Shorelines\ManukapuaIsland_07FEB1982.shp,6,1982-02-07,Date,attribute table,RL,attribute table,0.3,attribute table:Pixel_Er,,2.09,attribute table:Georef_ER,,2,attribute table:CPS,0.73,2.234054609896544,READY,
Auckland,ManukapuaIsland,ManukapuaIsland_07FEB1982.shp,Z:\Retrolens\Auckland\ManukapuaIsland\Shorelines\ManukapuaIsland_07FEB1982.shp,7,1982-02-07,Date,attribute table,RL,attribute table,0.3,attribute table:Pixel_Er,,2.09,attribute table:Georef_ER,,2,attribute table:CPS,0.73,2.234054609896544,READY,
Auckland,ManukapuaIsland,ManukapuaIsland_07FEB1982.shp,Z:\Retrolens\Auckland\ManukapuaIsland\Shorelines\ManukapuaIsland_07FEB1982.shp,8,1982-02-07,Date,attribute table,RL,attribute table,0.3,attribute table:Pixel_Er,,2.09,attribute table:Georef_ER,,5,attribute table:CPS,8.59,8.845688215170146,READY,
Auckland,ManukapuaIsland,ManukapuaIsland_07FEB1982.shp,Z:\Retrolens\Auckland\ManukapuaIsland\Shorelines\ManukapuaIsland_07FEB1982.shp,9,1982-02-07,Date,attribute table,RL,attribute table,0.3,attribute table:Pixel_Er,,2.09,attribute table:Georef_ER,,3,attribute table:CPS,0.97,2.323574832020695,READY,
Auckland,ManukapuaIsland,ManukapuaIsland_07FEB1982.shp,Z:\Retrolens\Auckland\ManukapuaIsland\Shorelines\ManukapuaIsland_07FEB1982.shp,10,1982-02-07,Date,attribute table,RL,attribute table,0.3,attribute table:Pixel_Er,,2.09,attribute table:Georef_ER,,3,attribute table:CPS,0.97,2.323574832020695,READY,
Auckland,ManukapuaIsland,ManukapuaIsland_07FEB1982.shp,Z:\Retrolens\Auckland\ManukapuaIsland\Shorelines\ManukapuaIsland_07FEB1982.shp,11,1982-02-07,Date,attribute table,RL,attribute table,0.3,attribute table:Pixel_Er,,2.09,attribute table:Georef_ER,,5,attribute table:CPS,8.59,8.845688215170146,READY,
Auckland,ManukapuaIsland,ManukapuaIsland_07FEB1982.shp,Z:\Retrolens\Auckland\ManukapuaIsland\Shorelines\ManukapuaIsland_07FEB1982.shp,12,1982-02-07,Date,attribute table,RL,attribute table,0.3,attribute table:Pixel_Er,,2.09,attribute table:Georef_ER,,5,attribute table:CPS,8.59,8.845688215170146,READY,
Auckland,ManukapuaIsland,ManukapuaIsland_16DEC1976.shp,Z:\Retrolens\Auckland\ManukapuaIsland\Shorelines\ManukapuaIsland_16DEC1976.shp,0,1976-12-16,Date,attribute table,RL,attribute table,1.4,attribute table:Pixel_Er,,2.9,attribute table:Georef_ER,,3,attribute table:CPS,0.97,3.363168149230722,READY,
Auckland,ManukapuaIsland,ManukapuaIsland_16DEC1976.shp,Z:\Retrolens\Auckland\ManukapuaIsland\Shorelines\ManukapuaIsland_16DEC1976.shp,1,1976-12-16,Date,attribute table,RL,attribute table,1.4,attribute table:Pixel_Er,,2.9,attribute table:Georef_ER,,4,attribute table:CPS,2.07,3.8281718874679593,READY,
Auckland,ManukapuaIsland,ManukapuaIsland_16DEC1976.shp,Z:\Retrolens\Auckland\ManukapuaIsland\Shorelines\ManukapuaIsland_16DEC1976.shp,2,1976-12-16,Date,attribute table,RL,attribute table,1.4,attribute table:Pixel_Er,,2.9,attribute table:Georef_ER,,3,attribute table:CPS,0.97,3.363168149230722,READY,
Auckland,ManukapuaIsland,ManukapuaIsland_16DEC1976.shp,Z:\Retrolens\Auckland\ManukapuaIsland\Shorelines\ManukapuaIsland_16DEC1976.shp,3,1976-12-16,Date,attribute table,RL,attribute table,1.4,attribute table:Pixel_Er,,2.9,attribute table:Georef_ER,,3,attribute table:CPS,0.97,3.363168149230722,READY,
Auckland,ManukapuaIsland,ManukapuaIsland_16DEC1976.shp,Z:\Retrolens\Auckland\ManukapuaIsland\Shorelines\ManukapuaIsland_16DEC1976.shp,4,1976-12-16,Date,attribute table,RL,attribute table,1.4,attribute table:Pixel_Er,,2.9,attribute table:Georef_ER,,3,attribute table:CPS,0.97,3.363168149230722,READY,
Auckland,ManukapuaIsland,ManukapuaIsland_16DEC1976.shp,Z:\Retrolens\Auckland\ManukapuaIsland\Shorelines\ManukapuaIsland_16DEC1976.shp,5,1976-12-16,Date,attribute table,RL,attribute table,1.4,attribute table:Pixel_Er,,2.9,attribute table:Georef_ER,,3,attribute table:CPS,0.97,3.363168149230722,READY,
Auckland,ManukapuaIsland,ManukapuaIsland_16DEC1976.shp,Z:\Retrolens\Auckland\ManukapuaIsland\Shorelines\ManukapuaIsland_16DEC1976.shp,6,1976-12-16,Date,attribute table,RL,attribute table,1.4,attribute table:Pixel_Er,,2.9,attribute table:Georef_ER,,3,attribute table:CPS,0.97,3.363168149230722,READY,
Auckland,ManukapuaIsland,ManukapuaIsland_16DEC1976.shp,Z:\Retrolens\Auckland\ManukapuaIsland\Shorelines\ManukapuaIsland_16DEC1976.shp,7,1976-12-16,Date,attribute table,RL,attribute table,1.4,attribute table:Pixel_Er,,2.9,attribute table:Georef_ER,,3,attribute table:CPS,0.97,3.363168149230722,READY,
Auckland,ManukapuaIsland,ManukapuaIsland_16DEC1976.shp,Z:\Retrolens\Auckland\ManukapuaIsland\Shorelines\ManukapuaIsland_16DEC1976.shp,8,1976-12-16,Date,attribute table,RL,attribute table,1.4,attribute table:Pixel_Er,,2.9,attribute table:Georef_ER,,5,attribute table:CPS,8.59,9.173772397438254,READY,
Auckland,ManukapuaIsland,ManukapuaIsland_16DEC1976.shp,Z:\Retrolens\Auckland\ManukapuaIsland\Shorelines\ManukapuaIsland_16DEC1976.shp,9,1976-12-16,Date,attribute table,RL,attribute table,1.4,attribute table:Pixel_Er,,2.9,attribute table:Georef_ER,,5,attribute table:CPS,8.59,9.173772397438254,READY,
Auckland,ManukapuaIsland,ManukapuaIsland_02MAY1996.shp,Z:\Retrolens\Auckland\ManukapuaIsland\Shorelines\ManukapuaIsland_02MAY1996.shp,0,1996-05-02,Date,attribute table,RL,attribute table,1.5,attribute table:Pixel_Er,,2.9,attribute table:Georef_ER,,5,attribute table:CPS,8.59,9.189564733979514,READY,
Auckland,ManukapuaIsland,ManukapuaIsland_02MAY1996.shp,Z:\Retrolens\Auckland\ManukapuaIsland\Shorelines\ManukapuaIsland_02MAY1996.shp,1,1996-05-02,Date,attribute table,RL,attribute table,1.5,attribute table:Pixel_Er,,2.9,attribute table:Georef_ER,,5,attribute table:CPS,8.59,9.189564733979514,READY,
Auckland,ManukapuaIsland,ManukapuaIsland_02MAY1996.shp,Z:\Retrolens\Auckland\ManukapuaIsland\Shorelines\ManukapuaIsland_02MAY1996.shp,2,1996-05-02,Date,attribute table,RL,attribute table,1.5,attribute table:Pixel_Er,,2.9,attribute table:Georef_ER,,3,attribute table:CPS,0.97,3.40600939517201,READY,
Auckland,ManukapuaIsland,ManukapuaIsland_02MAY1996.shp,Z:\Retrolens\Auckland\ManukapuaIsland\Shorelines\ManukapuaIsland_02MAY1996.shp,3,1996-05-02,Date,attribute table,RL,attribute table,1.5,attribute table:Pixel_Er,,2.9,attribute table:Georef_ER,,3,attribute table:CPS,0.97,3.40600939517201,READY,
Auckland,ManukapuaIsland,ManukapuaIsland_02MAY1996.shp,Z:\Retrolens\Auckland\ManukapuaIsland\Shorelines\ManukapuaIsland_02MAY1996.shp,4,1996-05-02,Date,attribute table,RL,attribute table,1.5,attribute table:Pixel_Er,,2.9,attribute table:Georef_ER,,3,attribute table:CPS,0.97,3.40600939517201,READY,
Auckland,ManukapuaIsland,ManukapuaIsland_02MAY1996.shp,Z:\Retrolens\Auckland\ManukapuaIsland\Shorelines\ManukapuaIsland_02MAY1996.shp,5,1996-05-02,Date,attribute table,RL,attribute table,1.5,attribute table:Pixel_Er,,2.9,attribute table:Georef_ER,,3,attribute table:CPS,0.97,3.40600939517201,READY,
Auckland,ManukapuaIsland,ManukapuaIsland_02MAY1996.shp,Z:\Retrolens\Auckland\ManukapuaIsland\Shorelines\ManukapuaIsland_02MAY1996.shp,6,1996-05-02,Date,attribute table,RL,attribute table,1.5,attribute table:Pixel_Er,,2.9,attribute table:Georef_ER,,3,attribute table:CPS,0.97,3.40600939517201,READY,
Auckland,ManukapuaIsland,ManukapuaIsland_02MAY1996.shp,Z:\Retrolens\Auckland\ManukapuaIsland\Shorelines\ManukapuaIsland_02MAY1996.shp,7,1996-05-02,Date,attribute table,RL,attribute table,1.5,attribute table:Pixel_Er,,2.9,attribute table:Georef_ER,,3,attribute table:CPS,0.97,3.40600939517201,READY,
Auckland,ManukapuaIsland,ManukapuaIsland_14OCT1966.shp,Z:\Retrolens\Auckland\ManukapuaIsland\Shorelines\ManukapuaIsland_14OCT1966.shp,0,1966-10-14,Date,attribute table,RL,attribute table,1.8,attribute table:Pixel_Er,,2.9,attribute table:Georef_ER,,3,attribute table:CPS,0.97,3.548365821050586,READY,
Auckland,ManukapuaIsland,ManukapuaIsland_14OCT1966.shp,Z:\Retrolens\Auckland\ManukapuaIsland\Shorelines\ManukapuaIsland_14OCT1966.shp,1,1966-10-14,Date,attribute table,RL,attribute table,1.8,attribute table:Pixel_Er,,2.9,attribute table:Georef_ER,,3,attribute table:CPS,0.97,3.548365821050586,READY,
Auckland,ManukapuaIsland,ManukapuaIsland_14OCT1966.shp,Z:\Retrolens\Auckland\ManukapuaIsland\Shorelines\ManukapuaIsland_14OCT1966.shp,2,1966-10-14,Date,attribute table,RL,attribute table,1.8,attribute table:Pixel_Er,,2.9,attribute table:Georef_ER,,3,attribute table:CPS,0.97,3.548365821050586,READY,
Auckland,ManukapuaIsland,ManukapuaIsland_14OCT1966.shp,Z:\Retrolens\Auckland\ManukapuaIsland\Shorelines\ManukapuaIsland_14OCT1966.shp,3,1966-10-14,Date,attribute table,RL,attribute table,1.8,attribute table:Pixel_Er,,2.9,attribute table:Georef_ER,,5,attribute table:CPS,8.59,9.243273229760115,READY,
Auckland,ManukapuaIsland,ManukapuaIsland_14OCT1966.shp,Z:\Retrolens\Auckland\ManukapuaIsland\Shorelines\ManukapuaIsland_14OCT1966.shp,4,1966-10-14,Date,attribute table,RL,attribute table,1.8,attribute table:Pixel_Er,,2.9,attribute table:Georef_ER,,3,attribute table:CPS,0.97,3.548365821050586,READY,
Auckland,ManukapuaIsland,ManukapuaIsland_14OCT1966.shp,Z:\Retrolens\Auckland\ManukapuaIsland\Shorelines\ManukapuaIsland_14OCT1966.shp,5,1966-10-14,Date,attribute table,RL,attribute table,1.8,attribute table:Pixel_Er,,2.9,attribute table:Georef_ER,,3,attribute table:CPS,0.97,3.548365821050586,READY,
Auckland,ManukapuaIsland,ManukapuaIsland_14OCT1966.shp,Z:\Retrolens\Auckland\ManukapuaIsland\Shorelines\ManukapuaIsland_14OCT1966.shp,6,1966-10-14,Date,attribute table,RL,attribute table,1.8,attribute table:Pixel_Er,,2.9,attribute table:Georef_ER,,5,attribute table:CPS,8.59,9.243273229760115,READY,
Auckland,ManukapuaIsland,ManukapuaIsland_14OCT1966.shp,Z:\Retrolens\Auckland\ManukapuaIsland\Shorelines\ManukapuaIsland_14OCT1966.shp,7,1966-10-14,Date,attribute table,RL,attribute table,1.8,attribute table:Pixel_Er,,2.9,attribute table:Georef_ER,,5,attribute table:CPS,8.59,9.243273229760115,READY,
Auckland,ManukapuaIsland,ManukapuaIsland_14OCT1966.shp,Z:\Retrolens\Auckland\ManukapuaIsland\Shorelines\ManukapuaIsland_14OCT1966.shp,8,1966-10-14,Date,attribute table,RL,attribute table,1.8,attribute table:Pixel_Er,,2.9,attribute table:Georef_ER,,5,attribute table:CPS,8.59,9.243273229760115,READY,
Auckland,ManukapuaIsland,ManukapuaIsland_20JUL2019.shp,Z:\MaxarImagery\HighFreq\Auckland\ManukapuaIsland\Shorelines\ManukapuaIsland_20JUL2019.shp,0,2019-07-20,Date,attribute table,MAX,attribute table,0.4,attribute table:Pixel_Er,,1.17,attribute table:Georef_ER,,2,attribute table:CPS,0.73,1.4358969322343438,READY,
Auckland,ManukapuaIsland,ManukapuaIsland_20JUL2019.shp,Z:\MaxarImagery\HighFreq\Auckland\ManukapuaIsland\Shorelines\ManukapuaIsland_20JUL2019.shp,1,2019-07-20,Date,attribute table,MAX,attribute table,0.4,attribute table:Pixel_Er,,1.17,attribute table:Georef_ER,,5,attribute table:CPS,8.59,8.678536743022985,READY,
Auckland,ManukapuaIsland,ManukapuaIsland_20JUL2019.shp,Z:\MaxarImagery\HighFreq\Auckland\ManukapuaIsland\Shorelines\ManukapuaIsland_20JUL2019.shp,2,2019-07-20,Date,attribute table,MAX,attribute table,0.4,attribute table:Pixel_Er,,1.17,attribute table:Georef_ER,,5,attribute table:CPS,8.59,8.678536743022985,READY,
Auckland,ManukapuaIsland,ManukapuaIsland_20JUL2019.shp,Z:\MaxarImagery\HighFreq\Auckland\ManukapuaIsland\Shorelines\ManukapuaIsland_20JUL2019.shp,3,2019-07-20,Date,attribute table,MAX,attribute table,0.4,attribute table:Pixel_Er,,1.17,attribute table:Georef_ER,,3,attribute table:CPS,0.97,1.5715597347857955,READY,
Auckland,ManukapuaIsland,ManukapuaIsland_20JUL2019.shp,Z:\MaxarImagery\HighFreq\Auckland\ManukapuaIsland\Shorelines\ManukapuaIsland_20JUL2019.shp,4,2019-07-20,Date,attribute table,MAX,attribute table,0.4,attribute table:Pixel_Er,,1.17,attribute table:Georef_ER,,5,attribute table:CPS,8.59,8.678536743022985,READY,
Auckland,ManukapuaIsland,ManukapuaIsland_20JUL2019.shp,Z:\MaxarImagery\HighFreq\Auckland\ManukapuaIsland\Shorelines\ManukapuaIsland_20JUL2019.shp,5,2019-07-20,Date,attribute table,MAX,attribute table,0.4,attribute table:Pixel_Er,,1.17,attribute table:Georef_ER,,5,attribute table:CPS,8.59,8.678536743022985,READY,
Auckland,ManukapuaIsland,ManukapuaIsland_20JUL2019.shp,Z:\MaxarImagery\HighFreq\Auckland\ManukapuaIsland\Shorelines\ManukapuaIsland_20JUL2019.shp,6,2019-07-20,Date,attribute table,MAX,attribute table,0.4,attribute table:Pixel_Er,,1.17,attribute table:Georef_ER,,3,attribute table:CPS,0.97,1.5715597347857955,READY,
Auckland,ManukapuaIsland,ManukapuaIsland_20JUL2019.shp,Z:\MaxarImagery\HighFreq\Auckland\ManukapuaIsland\Shorelines\ManukapuaIsland_20JUL2019.shp,7,2019-07-20,Date,attribute table,MAX,attribute table,0.4,attribute table:Pixel_Er,,1.17,attribute table:Georef_ER,,5,attribute table:CPS,8.59,8.678536743022985,READY,
Auckland,ManukapuaIsland,ManukapuaIsland_20JUL2019.shp,Z:\MaxarImagery\HighFreq\Auckland\ManukapuaIsland\Shorelines\ManukapuaIsland_20JUL2019.shp,8,2019-07-20,Date,attribute table,MAX,attribute table,0.4,attribute table:Pixel_Er,,1.17,attribute table:Georef_ER,,4,attribute table:CPS,2.07,2.411182282615729,READY,
Auckland,ManukapuaIsland,ManukapuaIsland_20JUL2019.shp,Z:\MaxarImagery\HighFreq\Auckland\ManukapuaIsland\Shorelines\ManukapuaIsland_20JUL2019.shp,9,2019-07-20,Date,attribute table,MAX,attribute table,0.4,attribute table:Pixel_Er,,1.17,attribute table:Georef_ER,,3,attribute table:CPS,0.97,1.5715597347857955,READY,
Auckland,ManukapuaIsland,ManukapuaIsland_08AUG2022.shp,Z:\MaxarImagery\HighFreq\Auckland\ManukapuaIsland\Shorelines\ManukapuaIsland_08AUG2022.shp,0,2022-08-08,Date,attribute table,MAX,attribute table,0.5,attribute table:Pixel_Er,,1.17,attribute table:Georef_ER,,5,attribute table:CPS,8.59,8.683720400842025,READY,
Auckland,ManukapuaIsland,ManukapuaIsland_08AUG2022.shp,Z:\MaxarImagery\HighFreq\Auckland\ManukapuaIsland\Shorelines\ManukapuaIsland_08AUG2022.shp,1,2022-08-08,Date,attribute table,MAX,attribute table,0.5,attribute table:Pixel_Er,,1.17,attribute table:Georef_ER,,4,attribute table:CPS,2.07,2.429773652009586,READY,
Auckland,ManukapuaIsland,ManukapuaIsland_08AUG2022.shp,Z:\MaxarImagery\HighFreq\Auckland\ManukapuaIsland\Shorelines\ManukapuaIsland_08AUG2022.shp,2,2022-08-08,Date,attribute table,MAX,attribute table,0.5,attribute table:Pixel_Er,,1.17,attribute table:Georef_ER,,5,attribute table:CPS,8.59,8.683720400842025,READY,
Auckland,ManukapuaIsland,ManukapuaIsland_08AUG2022.shp,Z:\MaxarImagery\HighFreq\Auckland\ManukapuaIsland\Shorelines\ManukapuaIsland_08AUG2022.shp,3,2022-08-08,Date,attribute table,MAX,attribute table,0.5,attribute table:Pixel_Er,,1.17,attribute table:Georef_ER,,3,attribute table:CPS,0.97,1.5999374987792492,READY,
Auckland,ManukapuaIsland,ManukapuaIsland_08AUG2022.shp,Z:\MaxarImagery\HighFreq\Auckland\ManukapuaIsland\Shorelines\ManukapuaIsland_08AUG2022.shp,4,2022-08-08,Date,attribute table,MAX,attribute table,0.5,attribute table:Pixel_Er,,1.17,attribute table:Georef_ER,,2,attribute table:CPS,0.73,1.4669014963520897,READY,
Auckland,ManukapuaIsland,ManukapuaIsland_08AUG2022.shp,Z:\MaxarImagery\HighFreq\Auckland\ManukapuaIsland\Shorelines\ManukapuaIsland_08AUG2022.shp,5,2022-08-08,Date,attribute table,MAX,attribute table,0.5,attribute table:Pixel_Er,,1.17,attribute table:Georef_ER,,3,attribute table:CPS,0.97,1.5999374987792492,READY,
Auckland,ManukapuaIsland,ManukapuaIsland_08AUG2022.shp,Z:\MaxarImagery\HighFreq\Auckland\ManukapuaIsland\Shorelines\ManukapuaIsland_08AUG2022.shp,6,2022-08-08,Date,attribute table,MAX,attribute table,0.5,attribute table:Pixel_Er,,1.17,attribute table:Georef_ER,,5,attribute table:CPS,8.59,8.683720400842025,READY,
Auckland,ManukapuaIsland,ManukapuaIsland_08AUG2022.shp,Z:\MaxarImagery\HighFreq\Auckland\ManukapuaIsland\Shorelines\ManukapuaIsland_08AUG2022.shp,7,2022-08-08,Date,attribute table,MAX,attribute table,0.5,attribute table:Pixel_Er,,1.17,attribute table:Georef_ER,,4,attribute table:CPS,2.07,2.429773652009586,READY,
Auckland,ManukapuaIsland,ManukapuaIsland_09JUN2023.shp,Z:\MaxarImagery\HighFreq\Auckland\ManukapuaIsland\Shorelines\ManukapuaIsland_09JUN2023.shp,0,2023-06-09,Date,attribute table,MAX,attribute table,0.4,attribute table:Pixel_Er,,1.17,attribute table:Georef_ER,,2,attribute table:CPS,0.73,1.4358969322343438,READY,
Auckland,ManukapuaIsland,ManukapuaIsland_09JUN2023.shp,Z:\MaxarImagery\HighFreq\Auckland\ManukapuaIsland\Shorelines\ManukapuaIsland_09JUN2023.shp,1,2023-06-09,Date,attribute table,MAX,attribute table,0.4,attribute table:Pixel_Er,,1.17,attribute table:Georef_ER,,4,attribute table:CPS,2.07,2.411182282615729,READY,
Auckland,ManukapuaIsland,ManukapuaIsland_09JUN2023.shp,Z:\MaxarImagery\HighFreq\Auckland\ManukapuaIsland\Shorelines\ManukapuaIsland_09JUN2023.shp,2,2023-06-09,Date,attribute table,MAX,attribute table,0.4,attribute table:Pixel_Er,,1.17,attribute table:Georef_ER,,3,attribute table:CPS,0.97,1.5715597347857955,READY,
Auckland,ManukapuaIsland,ManukapuaIsland_09JUN2023.shp,Z:\MaxarImagery\HighFreq\Auckland\ManukapuaIsland\Shorelines\ManukapuaIsland_09JUN2023.shp,3,2023-06-09,Date,attribute table,MAX,attribute table,0.4,attribute table:Pixel_Er,,1.17,attribute table:Georef_ER,,5,attribute table:CPS,8.59,8.678536743022985,READY,
Auckland,ManukapuaIsland,ManukapuaIsland_09JUN2023.shp,Z:\MaxarImagery\HighFreq\Auckland\ManukapuaIsland\Shorelines\ManukapuaIsland_09JUN2023.shp,4,2023-06-09,Date,attribute table,MAX,attribute table,0.4,attribute table:Pixel_Er,,1.17,attribute table:Georef_ER,,3,attribute table:CPS,0.97,1.5715597347857955,READY,
Auckland,ManukapuaIsland,ManukapuaIsland_09JUN2023.shp,Z:\MaxarImagery\HighFreq\Auckland\ManukapuaIsland\Shorelines\ManukapuaIsland_09JUN2023.shp,5,2023-06-09,Date,attribute table,MAX,attribute table,0.4,attribute table:Pixel_Er,,1.17,attribute table:Georef_ER,,3,attribute table:CPS,0.97,1.5715597347857955,READY,
Auckland,ManukapuaIsland,ManukapuaIsland_09JUN2023.shp,Z:\MaxarImagery\HighFreq\Auckland\ManukapuaIsland\Shorelines\ManukapuaIsland_09JUN2023.shp,6,2023-06-09,Date,attribute table,MAX,attribute table,0.4,attribute table:Pixel_Er,,1.17,attribute table:Georef_ER,,3,attribute table:CPS,0.97,1.5715597347857955,READY,
Auckland,ManukapuaIsland,ManukapuaIsland_09JUN2023.shp,Z:\MaxarImagery\HighFreq\Auckland\ManukapuaIsland\Shorelines\ManukapuaIsland_09JUN2023.shp,7,2023-06-09,Date,attribute table,MAX,attribute table,0.4,attribute table:Pixel_Er,,1.17,attribute table:Georef_ER,,5,attribute table:CPS,8.59,8.678536743022985,READY,
Auckland,ManukapuaIsland,ManukapuaIsland_09JUN2023.shp,Z:\MaxarImagery\HighFreq\Auckland\ManukapuaIsland\Shorelines\ManukapuaIsland_09JUN2023.shp,8,2023-06-09,Date,attribute table,MAX,attribute table,0.4,attribute table:Pixel_Er,,1.17,attribute table:Georef_ER,,3,attribute table:CPS,0.97,1.5715597347857955,READY,
Auckland,ManukapuaIsland,ManukapuaIsland_09JUN2023.shp,Z:\MaxarImagery\HighFreq\Auckland\ManukapuaIsland\Shorelines\ManukapuaIsland_09JUN2023.shp,9,2023-06-09,Date,attribute table,MAX,attribute table,0.4,attribute table:Pixel_Er,,1.17,attribute table:Georef_ER,,3,attribute table:CPS,0.97,1.5715597347857955,READY,
Auckland,ManukapuaIsland,ManukapuaIsland_09JUN2023.shp,Z:\MaxarImagery\HighFreq\Auckland\ManukapuaIsland\Shorelines\ManukapuaIsland_09JUN2023.shp,10,2023-06-09,Date,attribute table,MAX,attribute table,0.4,attribute table:Pixel_Er,,1.17,attribute table:Georef_ER,,3,attribute table:CPS,0.97,1.5715597347857955,READY,
Auckland,ManukapuaIsland,ManukapuaIsland_09JUN2023.shp,Z:\MaxarImagery\HighFreq\Auckland\ManukapuaIsland\Shorelines\ManukapuaIsland_09JUN2023.shp,11,2023-06-09,Date,attribute table,MAX,attribute table,0.4,attribute table:Pixel_Er,,1.17,attribute table:Georef_ER,,5,attribute table:CPS,8.59,8.678536743022985,READY,
Auckland,ManukapuaIsland,ManukapuaIsland_09JUN2023.shp,Z:\MaxarImagery\HighFreq\Auckland\ManukapuaIsland\Shorelines\ManukapuaIsland_09JUN2023.shp,12,2023-06-09,Date,attribute table,MAX,attribute table,0.4,attribute table:Pixel_Er,,1.17,attribute table:Georef_ER,,4,attribute table:CPS,2.07,2.411182282615729,READY,
Auckland,ManukapuaIsland,ManukapuaIsland_18MAR2024.shp,Z:\MaxarImagery\HighFreq\Auckland\ManukapuaIsland\Shorelines\ManukapuaIsland_18MAR2024.shp,0,2024-03-18,Date,attribute table,MAX,attribute table,0.5,attribute table:Pixel_Er,,1.17,attribute table:Georef_ER,,2,attribute table:CPS,0.73,1.4669014963520897,READY,
Auckland,ManukapuaIsland,ManukapuaIsland_18MAR2024.shp,Z:\MaxarImagery\HighFreq\Auckland\ManukapuaIsland\Shorelines\ManukapuaIsland_18MAR2024.shp,1,2024-03-18,Date,attribute table,MAX,attribute table,0.5,attribute table:Pixel_Er,,1.17,attribute table:Georef_ER,,3,attribute table:CPS,0.97,1.5999374987792492,READY,
Auckland,ManukapuaIsland,ManukapuaIsland_18MAR2024.shp,Z:\MaxarImagery\HighFreq\Auckland\ManukapuaIsland\Shorelines\ManukapuaIsland_18MAR2024.shp,2,2024-03-18,Date,attribute table,MAX,attribute table,0.5,attribute table:Pixel_Er,,1.17,attribute table:Georef_ER,,5,attribute table:CPS,8.59,8.683720400842025,READY,
Auckland,ManukapuaIsland,ManukapuaIsland_18MAR2024.shp,Z:\MaxarImagery\HighFreq\Auckland\ManukapuaIsland\Shorelines\ManukapuaIsland_18MAR2024.shp,3,2024-03-18,Date,attribute table,MAX,attribute table,0.5,attribute table:Pixel_Er,,1.17,attribute table:Georef_ER,,5,attribute table:CPS,8.59,8.683720400842025,READY,
Auckland,ManukapuaIsland,ManukapuaIsland_18MAR2024.shp,Z:\MaxarImagery\HighFreq\Auckland\ManukapuaIsland\Shorelines\ManukapuaIsland_18MAR2024.shp,4,2024-03-18,Date,attribute table,MAX,attribute table,0.5,attribute table:Pixel_Er,,1.17,attribute table:Georef_ER,,5,attribute table:CPS,8.59,8.683720400842025,READY,
Auckland,ManukapuaIsland,ManukapuaIsland_18MAR2024.shp,Z:\MaxarImagery\HighFreq\Auckland\ManukapuaIsland\Shorelines\ManukapuaIsland_18MAR2024.shp,5,2024-03-18,Date,attribute table,MAX,attribute table,0.5,attribute table:Pixel_Er,,1.17,attribute table:Georef_ER,,2,attribute table:CPS,0.73,1.4669014963520897,READY,
Auckland,ManukapuaIsland,ManukapuaIsland_18MAR2024.shp,Z:\MaxarImagery\HighFreq\Auckland\ManukapuaIsland\Shorelines\ManukapuaIsland_18MAR2024.shp,6,2024-03-18,Date,attribute table,MAX,attribute table,0.5,attribute table:Pixel_Er,,1.17,attribute table:Georef_ER,,3,attribute table:CPS,0.97,1.5999374987792492,READY,
Auckland,ManukapuaIsland,ManukapuaIsland_18MAR2024.shp,Z:\MaxarImagery\HighFreq\Auckland\ManukapuaIsland\Shorelines\ManukapuaIsland_18MAR2024.shp,7,2024-03-18,Date,attribute table,MAX,attribute table,0.5,attribute table:Pixel_Er,,1.17,attribute table:Georef_ER,,4,attribute table:CPS,2.07,2.429773652009586,READY,
Auckland,ManukapuaIsland,ManukapuaIsland_18MAR2024.shp,Z:\MaxarImagery\HighFreq\Auckland\ManukapuaIsland\Shorelines\ManukapuaIsland_18MAR2024.shp,8,2024-03-18,Date,attribute table,MAX,attribute table,0.5,attribute table:Pixel_Er,,1.17,attribute table:Georef_ER,,3,attribute table:CPS,0.97,1.5999374987792492,READY,
Auckland,ManukapuaIsland,ManukapuaIsland_18MAR2024.shp,Z:\MaxarImagery\HighFreq\Auckland\ManukapuaIsland\Shorelines\ManukapuaIsland_18MAR2024.shp,9,2024-03-18,Date,attribute table,MAX,attribute table,0.5,attribute table:Pixel_Er,,1.17,attribute table:Georef_ER,,3,attribute table:CPS,0.97,1.5999374987792492,READY,
Auckland,ManukapuaIsland,ManukapuaIsland_18MAR2024.shp,Z:\MaxarImagery\HighFreq\Auckland\ManukapuaIsland\Shorelines\ManukapuaIsland_18MAR2024.shp,10,2024-03-18,Date,attribute table,MAX,attribute table,0.5,attribute table:Pixel_Er,,1.17,attribute table:Georef_ER,,3,attribute table:CPS,0.97,1.5999374987792492,READY,
Auckland,ManukapuaIsland,ManukapuaIsland_18MAR2024.shp,Z:\MaxarImagery\HighFreq\Auckland\ManukapuaIsland\Shorelines\ManukapuaIsland_18MAR2024.shp,11,2024-03-18,Date,attribute table,MAX,attribute table,0.5,attribute table:Pixel_Er,,1.17,attribute table:Georef_ER,,3,attribute table:CPS,0.97,1.5999374987792492,READY,
Auckland,Ngataringa,Ngataringa_shoreline.shp,Z:\Retrolens\Auckland\Ngataringa\Shorelines\Ngataringa_shoreline.shp,0,2024-01-01,DSAS_Date,attribute table,LDS,attribute table,0.075,attribute table:Pixel_ER,,0.0,attribute table:Georef_ER,,1,defaulted to CPS=1,0.43,0.43649169522454834,READY,
Auckland,Ngataringa,Ngataringa_shoreline.shp,Z:\Retrolens\Auckland\Ngataringa\Shorelines\Ngataringa_shoreline.shp,1,2024-01-01,DSAS_Date,attribute table,LDS,attribute table,0.075,attribute table:Pixel_ER,,0.0,attribute table:Georef_ER,,1,defaulted to CPS=1,0.43,0.43649169522454834,READY,
Auckland,Ngataringa,Ngataringa_shoreline.shp,Z:\Retrolens\Auckland\Ngataringa\Shorelines\Ngataringa_shoreline.shp,2,2024-01-01,DSAS_Date,attribute table,LDS,attribute table,0.075,attribute table:Pixel_ER,,0.0,attribute table:Georef_ER,,1,defaulted to CPS=1,0.43,0.43649169522454834,READY,
Auckland,Ngataringa,Ngataringa_shoreline.shp,Z:\Retrolens\Auckland\Ngataringa\Shorelines\Ngataringa_shoreline.shp,3,2024-01-01,DSAS_Date,attribute table,LDS,attribute table,0.075,attribute table:Pixel_ER,,0.0,attribute table:Georef_ER,,1,defaulted to CPS=1,0.43,0.43649169522454834,READY,
Auckland,Ngataringa,Ngataringa_shoreline.shp,Z:\Retrolens\Auckland\Ngataringa\Shorelines\Ngataringa_shoreline.shp,4,2024-01-01,DSAS_Date,attribute table,LDS,attribute table,0.075,attribute table:Pixel_ER,,0.0,attribute table:Georef_ER,,1,defaulted to CPS=1,0.43,0.43649169522454834,READY,
Auckland,Ngataringa,Ngataringa_shoreline.shp,Z:\Retrolens\Auckland\Ngataringa\Shorelines\Ngataringa_shoreline.shp,5,2024-01-01,DSAS_Date,attribute table,LDS,attribute table,0.075,attribute table:Pixel_ER,,0.0,attribute table:Georef_ER,,1,defaulted to CPS=1,0.43,0.43649169522454834,READY,
Auckland,Ngataringa,Ngataringa_shoreline.shp,Z:\Retrolens\Auckland\Ngataringa\Shorelines\Ngataringa_shoreline.shp,6,2024-01-01,DSAS_Date,attribute table,LDS,attribute table,0.075,attribute table:Pixel_ER,,0.0,attribute table:Georef_ER,,1,defaulted to CPS=1,0.43,0.43649169522454834,READY,
Auckland,Ngataringa,Ngataringa_shoreline.shp,Z:\Retrolens\Auckland\Ngataringa\Shorelines\Ngataringa_shoreline.shp,7,2024-01-01,DSAS_Date,attribute table,LDS,attribute table,0.075,attribute table:Pixel_ER,,0.0,attribute table:Georef_ER,,1,defaulted to CPS=1,0.43,0.43649169522454834,READY,
Auckland,Ngataringa,Ngataringa_shoreline.shp,Z:\Retrolens\Auckland\Ngataringa\Shorelines\Ngataringa_shoreline.shp,8,2024-01-01,DSAS_Date,attribute table,LDS,attribute table,0.075,attribute table:Pixel_ER,,0.0,attribute table:Georef_ER,,1,defaulted to CPS=1,0.43,0.43649169522454834,READY,
Auckland,Ngataringa,Ngataringa_shoreline.shp,Z:\Retrolens\Auckland\Ngataringa\Shorelines\Ngataringa_shoreline.shp,9,2012-01-01,DSAS_Date,attribute table,LDS,attribute table,0.5,attribute table:Pixel_ER,,0.0,attribute table:Georef_ER,,1,defaulted to CPS=1,0.43,0.6594694837519018,READY,
Auckland,Ngataringa,Ngataringa_shoreline.shp,Z:\Retrolens\Auckland\Ngataringa\Shorelines\Ngataringa_shoreline.shp,10,2012-01-01,DSAS_Date,attribute table,LDS,attribute table,0.5,attribute table:Pixel_ER,,0.0,attribute table:Georef_ER,,1,defaulted to CPS=1,0.43,0.6594694837519018,READY,
Auckland,Ngataringa,Ngataringa_shoreline.shp,Z:\Retrolens\Auckland\Ngataringa\Shorelines\Ngataringa_shoreline.shp,11,2012-01-01,DSAS_Date,attribute table,LDS,attribute table,0.5,attribute table:Pixel_ER,,0.0,attribute table:Georef_ER,,1,defaulted to CPS=1,0.43,0.6594694837519018,READY,
Auckland,Ngataringa,Ngataringa_shoreline.shp,Z:\Retrolens\Auckland\Ngataringa\Shorelines\Ngataringa_shoreline.shp,12,2012-01-01,DSAS_Date,attribute table,LDS,attribute table,0.5,attribute table:Pixel_ER,,0.0,attribute table:Georef_ER,,1,defaulted to CPS=1,0.43,0.6594694837519018,READY,
Auckland,Ngataringa,Ngataringa_shoreline.shp,Z:\Retrolens\Auckland\Ngataringa\Shorelines\Ngataringa_shoreline.shp,13,2012-01-01,DSAS_Date,attribute table,LDS,attribute table,0.5,attribute table:Pixel_ER,,0.0,attribute table:Georef_ER,,1,defaulted to CPS=1,0.43,0.6594694837519018,READY,
Auckland,Ngataringa,Ngataringa_shoreline.shp,Z:\Retrolens\Auckland\Ngataringa\Shorelines\Ngataringa_shoreline.shp,14,2012-01-01,DSAS_Date,attribute table,LDS,attribute table,0.5,attribute table:Pixel_ER,,0.0,attribute table:Georef_ER,,1,defaulted to CPS=1,0.43,0.6594694837519018,READY,
Auckland,Ngataringa,Ngataringa_shoreline.shp,Z:\Retrolens\Auckland\Ngataringa\Shorelines\Ngataringa_shoreline.shp,15,2012-01-01,DSAS_Date,attribute table,LDS,attribute table,0.5,attribute table:Pixel_ER,,0.0,attribute table:Georef_ER,,1,defaulted to CPS=1,0.43,0.6594694837519018,READY,
Auckland,Ngataringa,Ngataringa_shoreline.shp,Z:\Retrolens\Auckland\Ngataringa\Shorelines\Ngataringa_shoreline.shp,16,2012-01-01,DSAS_Date,attribute table,LDS,attribute table,0.5,attribute table:Pixel_ER,,0.0,attribute table:Georef_ER,,1,defaulted to CPS=1,0.43,0.6594694837519018,READY,
Auckland,Ngataringa,Ngataringa_shoreline.shp,Z:\Retrolens\Auckland\Ngataringa\Shorelines\Ngataringa_shoreline.shp,17,2012-01-01,DSAS_Date,attribute table,LDS,attribute table,0.5,attribute table:Pixel_ER,,0.0,attribute table:Georef_ER,,1,defaulted to CPS=1,0.43,0.6594694837519018,READY,
Auckland,Ngataringa,Ngataringa_shoreline.shp,Z:\Retrolens\Auckland\Ngataringa\Shorelines\Ngataringa_shoreline.shp,18,2012-01-01,DSAS_Date,attribute table,LDS,attribute table,0.5,attribute table:Pixel_ER,,0.0,attribute table:Georef_ER,,1,defaulted to CPS=1,0.43,0.6594694837519018,READY,
Auckland,Ngataringa,Ngataringa_shoreline.shp,Z:\Retrolens\Auckland\Ngataringa\Shorelines\Ngataringa_shoreline.shp,19,2012-01-01,DSAS_Date,attribute table,LDS,attribute table,0.5,attribute table:Pixel_ER,,0.0,attribute table:Georef_ER,,1,defaulted to CPS=1,0.43,0.6594694837519018,READY,
Auckland,Ngataringa,Ngataringa_shoreline.shp,Z:\Retrolens\Auckland\Ngataringa\Shorelines\Ngataringa_shoreline.shp,20,2012-01-01,DSAS_Date,attribute table,LDS,attribute table,0.5,attribute table:Pixel_ER,,0.0,attribute table:Georef_ER,,1,defaulted to CPS=1,0.43,0.6594694837519018,READY,
Auckland,Ngataringa,Ngataringa_shoreline.shp,Z:\Retrolens\Auckland\Ngataringa\Shorelines\Ngataringa_shoreline.shp,21,2003-01-01,DSAS_Date,attribute table,LDS,attribute table,2.5,attribute table:Pixel_ER,,0.0,attribute table:Georef_ER,,1,defaulted to CPS=1,0.43,2.536710468303389,READY,
Auckland,Ngataringa,Ngataringa_shoreline.shp,Z:\Retrolens\Auckland\Ngataringa\Shorelines\Ngataringa_shoreline.shp,22,2003-01-01,DSAS_Date,attribute table,LDS,attribute table,2.5,attribute table:Pixel_ER,,0.0,attribute table:Georef_ER,,1,defaulted to CPS=1,0.43,2.536710468303389,READY,
Auckland,Ngataringa,Ngataringa_shoreline.shp,Z:\Retrolens\Auckland\Ngataringa\Shorelines\Ngataringa_shoreline.shp,23,2003-01-01,DSAS_Date,attribute table,LDS,attribute table,2.5,attribute table:Pixel_ER,,0.0,attribute table:Georef_ER,,1,defaulted to CPS=1,0.43,2.536710468303389,READY,
Auckland,Ngataringa,Ngataringa_shoreline.shp,Z:\Retrolens\Auckland\Ngataringa\Shorelines\Ngataringa_shoreline.shp,24,2003-01-01,DSAS_Date,attribute table,LDS,attribute table,2.5,attribute table:Pixel_ER,,0.0,attribute table:Georef_ER,,1,defaulted to CPS=1,0.43,2.536710468303389,READY,
Auckland,Ngataringa,Ngataringa_shoreline.shp,Z:\Retrolens\Auckland\Ngataringa\Shorelines\Ngataringa_shoreline.shp,25,1988-02-01,DSAS_Date,attribute table,RL,attribute table,0.715065011149239,gml-sidecar:stack-exact-date:1988-02-01:Ngataringa_1988Feb01.jp2,Z:\Retrolens\Auckland\Ngataringa\Stack\Ngataringa_1988Feb01.jp2,2.43,attribute table:Georef_ER,,1,defaulted to CPS=1,0.43,2.569264091168882,READY,
Auckland,Ngataringa,Ngataringa_shoreline.shp,Z:\Retrolens\Auckland\Ngataringa\Shorelines\Ngataringa_shoreline.shp,26,1988-02-01,DSAS_Date,attribute table,RL,attribute table,0.715065011149239,gml-sidecar:stack-exact-date:1988-02-01:Ngataringa_1988Feb01.jp2,Z:\Retrolens\Auckland\Ngataringa\Stack\Ngataringa_1988Feb01.jp2,2.43,attribute table:Georef_ER,,1,defaulted to CPS=1,0.43,2.569264091168882,READY,
Auckland,Ngataringa,Ngataringa_shoreline.shp,Z:\Retrolens\Auckland\Ngataringa\Shorelines\Ngataringa_shoreline.shp,27,1988-02-01,DSAS_Date,attribute table,RL,attribute table,0.715065011149239,gml-sidecar:stack-exact-date:1988-02-01:Ngataringa_1988Feb01.jp2,Z:\Retrolens\Auckland\Ngataringa\Stack\Ngataringa_1988Feb01.jp2,2.43,attribute table:Georef_ER,,1,defaulted to CPS=1,0.43,2.569264091168882,READY,
Auckland,Ngataringa,Ngataringa_shoreline.shp,Z:\Retrolens\Auckland\Ngataringa\Shorelines\Ngataringa_shoreline.shp,28,1988-02-01,DSAS_Date,attribute table,RL,attribute table,0.715065011149239,gml-sidecar:stack-exact-date:1988-02-01:Ngataringa_1988Feb01.jp2,Z:\Retrolens\Auckland\Ngataringa\Stack\Ngataringa_1988Feb01.jp2,2.43,attribute table:Georef_ER,,1,defaulted to CPS=1,0.43,2.569264091168882,READY,
Auckland,Ngataringa,Ngataringa_shoreline.shp,Z:\Retrolens\Auckland\Ngataringa\Shorelines\Ngataringa_shoreline.shp,29,1988-02-01,DSAS_Date,attribute table,RL,attribute table,0.715065011149239,gml-sidecar:stack-exact-date:1988-02-01:Ngataringa_1988Feb01.jp2,Z:\Retrolens\Auckland\Ngataringa\Stack\Ngataringa_1988Feb01.jp2,2.43,attribute table:Georef_ER,,1,defaulted to CPS=1,0.43,2.569264091168882,READY,
Auckland,Ngataringa,Ngataringa_shoreline.shp,Z:\Retrolens\Auckland\Ngataringa\Shorelines\Ngataringa_shoreline.shp,30,1988-02-01,DSAS_Date,attribute table,RL,attribute table,0.715065011149239,gml-sidecar:stack-exact-date:1988-02-01:Ngataringa_1988Feb01.jp2,Z:\Retrolens\Auckland\Ngataringa\Stack\Ngataringa_1988Feb01.jp2,2.43,attribute table:Georef_ER,,1,defaulted to CPS=1,0.43,2.569264091168882,READY,
Auckland,Ngataringa,Ngataringa_shoreline.shp,Z:\Retrolens\Auckland\Ngataringa\Shorelines\Ngataringa_shoreline.shp,31,1988-02-01,DSAS_Date,attribute table,RL,attribute table,0.715065011149239,gml-sidecar:stack-exact-date:1988-02-01:Ngataringa_1988Feb01.jp2,Z:\Retrolens\Auckland\Ngataringa\Stack\Ngataringa_1988Feb01.jp2,2.43,attribute table:Georef_ER,,1,defaulted to CPS=1,0.43,2.569264091168882,READY,
Auckland,Ngataringa,Ngataringa_shoreline.shp,Z:\Retrolens\Auckland\Ngataringa\Shorelines\Ngataringa_shoreline.shp,32,1988-02-01,DSAS_Date,attribute table,RL,attribute table,0.715065011149239,gml-sidecar:stack-exact-date:1988-02-01:Ngataringa_1988Feb01.jp2,Z:\Retrolens\Auckland\Ngataringa\Stack\Ngataringa_1988Feb01.jp2,2.43,attribute table:Georef_ER,,1,defaulted to CPS=1,0.43,2.569264091168882,READY,
Auckland,Ngataringa,Ngataringa_shoreline.shp,Z:\Retrolens\Auckland\Ngataringa\Shorelines\Ngataringa_shoreline.shp,33,1980-10-24,DSAS_Date,attribute table,RL,attribute table,0.743152822372739,gml-sidecar:stack-exact-date:1980-10-24:Ngataringa_1980Oct24.jp2,Z:\Retrolens\Auckland\Ngataringa\Stack\Ngataringa_1980Oct24.jp2,2.43,attribute table:Georef_ER,,1,defaulted to CPS=1,0.43,2.5772225587637108,READY,
Auckland,Ngataringa,Ngataringa_shoreline.shp,Z:\Retrolens\Auckland\Ngataringa\Shorelines\Ngataringa_shoreline.shp,34,1980-10-24,DSAS_Date,attribute table,RL,attribute table,0.743152822372739,gml-sidecar:stack-exact-date:1980-10-24:Ngataringa_1980Oct24.jp2,Z:\Retrolens\Auckland\Ngataringa\Stack\Ngataringa_1980Oct24.jp2,2.43,attribute table:Georef_ER,,1,defaulted to CPS=1,0.43,2.5772225587637108,READY,
Auckland,Ngataringa,Ngataringa_shoreline.shp,Z:\Retrolens\Auckland\Ngataringa\Shorelines\Ngataringa_shoreline.shp,35,1980-10-24,DSAS_Date,attribute table,RL,attribute table,0.743152822372739,gml-sidecar:stack-exact-date:1980-10-24:Ngataringa_1980Oct24.jp2,Z:\Retrolens\Auckland\Ngataringa\Stack\Ngataringa_1980Oct24.jp2,2.43,attribute table:Georef_ER,,1,defaulted to CPS=1,0.43,2.5772225587637108,READY,
Auckland,Ngataringa,Ngataringa_shoreline.shp,Z:\Retrolens\Auckland\Ngataringa\Shorelines\Ngataringa_shoreline.shp,36,1980-10-24,DSAS_Date,attribute table,RL,attribute table,0.743152822372739,gml-sidecar:stack-exact-date:1980-10-24:Ngataringa_1980Oct24.jp2,Z:\Retrolens\Auckland\Ngataringa\Stack\Ngataringa_1980Oct24.jp2,2.43,attribute table:Georef_ER,,1,defaulted to CPS=1,0.43,2.5772225587637108,READY,
Auckland,Ngataringa,Ngataringa_shoreline.shp,Z:\Retrolens\Auckland\Ngataringa\Shorelines\Ngataringa_shoreline.shp,37,1975-07-31,DSAS_Date,attribute table,RL,attribute table,1.45278499532441,gml-sidecar:stack-exact-date:1975-07-31:Ngataringa_1975Jul31.jp2,Z:\Retrolens\Auckland\Ngataringa\Stack\Ngataringa_1975Jul31.jp2,2.9,attribute table:Georef_ER,,1,defaulted to CPS=1,0.43,3.271923630318982,READY,
Auckland,Ngataringa,Ngataringa_shoreline.shp,Z:\Retrolens\Auckland\Ngataringa\Shorelines\Ngataringa_shoreline.shp,38,1975-07-31,DSAS_Date,attribute table,RL,attribute table,1.45278499532441,gml-sidecar:stack-exact-date:1975-07-31:Ngataringa_1975Jul31.jp2,Z:\Retrolens\Auckland\Ngataringa\Stack\Ngataringa_1975Jul31.jp2,2.9,attribute table:Georef_ER,,1,defaulted to CPS=1,0.43,3.271923630318982,READY,
Auckland,Ngataringa,Ngataringa_shoreline.shp,Z:\Retrolens\Auckland\Ngataringa\Shorelines\Ngataringa_shoreline.shp,39,1975-07-31,DSAS_Date,attribute table,RL,attribute table,1.45278499532441,gml-sidecar:stack-exact-date:1975-07-31:Ngataringa_1975Jul31.jp2,Z:\Retrolens\Auckland\Ngataringa\Stack\Ngataringa_1975Jul31.jp2,2.9,attribute table:Georef_ER,,1,defaulted to CPS=1,0.43,3.271923630318982,READY,
Auckland,Ngataringa,Ngataringa_shoreline.shp,Z:\Retrolens\Auckland\Ngataringa\Shorelines\Ngataringa_shoreline.shp,40,1975-07-31,DSAS_Date,attribute table,RL,attribute table,1.45278499532441,gml-sidecar:stack-exact-date:1975-07-31:Ngataringa_1975Jul31.jp2,Z:\Retrolens\Auckland\Ngataringa\Stack\Ngataringa_1975Jul31.jp2,2.9,attribute table:Georef_ER,,1,defaulted to CPS=1,0.43,3.271923630318982,READY,
Auckland,Ngataringa,Ngataringa_shoreline.shp,Z:\Retrolens\Auckland\Ngataringa\Shorelines\Ngataringa_shoreline.shp,41,1975-07-31,DSAS_Date,attribute table,RL,attribute table,1.45278499532441,gml-sidecar:stack-exact-date:1975-07-31:Ngataringa_1975Jul31.jp2,Z:\Retrolens\Auckland\Ngataringa\Stack\Ngataringa_1975Jul31.jp2,2.9,attribute table:Georef_ER,,1,defaulted to CPS=1,0.43,3.271923630318982,READY,
Auckland,Ngataringa,Ngataringa_shoreline.shp,Z:\Retrolens\Auckland\Ngataringa\Shorelines\Ngataringa_shoreline.shp,42,1975-07-31,DSAS_Date,attribute table,RL,attribute table,1.45278499532441,gml-sidecar:stack-exact-date:1975-07-31:Ngataringa_1975Jul31.jp2,Z:\Retrolens\Auckland\Ngataringa\Stack\Ngataringa_1975Jul31.jp2,2.9,attribute table:Georef_ER,,1,defaulted to CPS=1,0.43,3.271923630318982,READY,
Auckland,Ngataringa,Ngataringa_shoreline.shp,Z:\Retrolens\Auckland\Ngataringa\Shorelines\Ngataringa_shoreline.shp,43,1975-07-31,DSAS_Date,attribute table,RL,attribute table,1.45278499532441,gml-sidecar:stack-exact-date:1975-07-31:Ngataringa_1975Jul31.jp2,Z:\Retrolens\Auckland\Ngataringa\Stack\Ngataringa_1975Jul31.jp2,2.9,attribute table:Georef_ER,,1,defaulted to CPS=1,0.43,3.271923630318982,READY,
Auckland,Ngataringa,Ngataringa_shoreline.shp,Z:\Retrolens\Auckland\Ngataringa\Shorelines\Ngataringa_shoreline.shp,44,1972-04-14,DSAS_Date,attribute table,RL,attribute table,0.674119993142028,gml-sidecar:stack-exact-date:1972-04-14:Ngataringa_1972Apr14.jp2,Z:\Retrolens\Auckland\Ngataringa\Stack\Ngataringa_1972Apr14.jp2,2.43,attribute table:Georef_ER,,1,defaulted to CPS=1,0.43,2.5581707849855935,READY,
Auckland,Ngataringa,Ngataringa_shoreline.shp,Z:\Retrolens\Auckland\Ngataringa\Shorelines\Ngataringa_shoreline.shp,45,1972-04-14,DSAS_Date,attribute table,RL,attribute table,0.674119993142028,gml-sidecar:stack-exact-date:1972-04-14:Ngataringa_1972Apr14.jp2,Z:\Retrolens\Auckland\Ngataringa\Stack\Ngataringa_1972Apr14.jp2,2.43,attribute table:Georef_ER,,1,defaulted to CPS=1,0.43,2.5581707849855935,READY,
Auckland,Ngataringa,Ngataringa_shoreline.shp,Z:\Retrolens\Auckland\Ngataringa\Shorelines\Ngataringa_shoreline.shp,46,1972-04-14,DSAS_Date,attribute table,RL,attribute table,0.674119993142028,gml-sidecar:stack-exact-date:1972-04-14:Ngataringa_1972Apr14.jp2,Z:\Retrolens\Auckland\Ngataringa\Stack\Ngataringa_1972Apr14.jp2,2.43,attribute table:Georef_ER,,1,defaulted to CPS=1,0.43,2.5581707849855935,READY,
Auckland,Ngataringa,Ngataringa_shoreline.shp,Z:\Retrolens\Auckland\Ngataringa\Shorelines\Ngataringa_shoreline.shp,47,1972-04-14,DSAS_Date,attribute table,RL,attribute table,0.674119993142028,gml-sidecar:stack-exact-date:1972-04-14:Ngataringa_1972Apr14.jp2,Z:\Retrolens\Auckland\Ngataringa\Stack\Ngataringa_1972Apr14.jp2,2.43,attribute table:Georef_ER,,1,defaulted to CPS=1,0.43,2.5581707849855935,READY,
Auckland,Ngataringa,Ngataringa_shoreline.shp,Z:\Retrolens\Auckland\Ngataringa\Shorelines\Ngataringa_shoreline.shp,48,1972-04-14,DSAS_Date,attribute table,RL,attribute table,0.674119993142028,gml-sidecar:stack-exact-date:1972-04-14:Ngataringa_1972Apr14.jp2,Z:\Retrolens\Auckland\Ngataringa\Stack\Ngataringa_1972Apr14.jp2,2.43,attribute table:Georef_ER,,1,defaulted to CPS=1,0.43,2.5581707849855935,READY,
Auckland,Ngataringa,Ngataringa_shoreline.shp,Z:\Retrolens\Auckland\Ngataringa\Shorelines\Ngataringa_shoreline.shp,49,1972-04-14,DSAS_Date,attribute table,RL,attribute table,0.674119993142028,gml-sidecar:stack-exact-date:1972-04-14:Ngataringa_1972Apr14.jp2,Z:\Retrolens\Auckland\Ngataringa\Stack\Ngataringa_1972Apr14.jp2,2.43,attribute table:Georef_ER,,1,defaulted to CPS=1,0.43,2.5581707849855935,READY,
Auckland,Ngataringa,Ngataringa_shoreline.shp,Z:\Retrolens\Auckland\Ngataringa\Shorelines\Ngataringa_shoreline.shp,50,1972-04-14,DSAS_Date,attribute table,RL,attribute table,0.674119993142028,gml-sidecar:stack-exact-date:1972-04-14:Ngataringa_1972Apr14.jp2,Z:\Retrolens\Auckland\Ngataringa\Stack\Ngataringa_1972Apr14.jp2,2.43,attribute table:Georef_ER,,1,defaulted to CPS=1,0.43,2.5581707849855935,READY,
Auckland,Ngataringa,Ngataringa_shoreline.shp,Z:\Retrolens\Auckland\Ngataringa\Shorelines\Ngataringa_shoreline.shp,51,1972-04-14,DSAS_Date,attribute table,RL,attribute table,0.674119993142028,gml-sidecar:stack-exact-date:1972-04-14:Ngataringa_1972Apr14.jp2,Z:\Retrolens\Auckland\Ngataringa\Stack\Ngataringa_1972Apr14.jp2,2.43,attribute table:Georef_ER,,1,defaulted to CPS=1,0.43,2.5581707849855935,READY,
Auckland,Ngataringa,Ngataringa_shoreline.shp,Z:\Retrolens\Auckland\Ngataringa\Shorelines\Ngataringa_shoreline.shp,52,1972-04-14,DSAS_Date,attribute table,RL,attribute table,0.674119993142028,gml-sidecar:stack-exact-date:1972-04-14:Ngataringa_1972Apr14.jp2,Z:\Retrolens\Auckland\Ngataringa\Stack\Ngataringa_1972Apr14.jp2,2.43,attribute table:Georef_ER,,1,defaulted to CPS=1,0.43,2.5581707849855935,READY,
Auckland,Ngataringa,Ngataringa_shoreline.shp,Z:\Retrolens\Auckland\Ngataringa\Shorelines\Ngataringa_shoreline.shp,53,1972-04-14,DSAS_Date,attribute table,RL,attribute table,0.674119993142028,gml-sidecar:stack-exact-date:1972-04-14:Ngataringa_1972Apr14.jp2,Z:\Retrolens\Auckland\Ngataringa\Stack\Ngataringa_1972Apr14.jp2,2.43,attribute table:Georef_ER,,1,defaulted to CPS=1,0.43,2.5581707849855935,READY,
Auckland,Ngataringa,Ngataringa_shoreline.shp,Z:\Retrolens\Auckland\Ngataringa\Shorelines\Ngataringa_shoreline.shp,54,1972-04-14,DSAS_Date,attribute table,RL,attribute table,0.674119993142028,gml-sidecar:stack-exact-date:1972-04-14:Ngataringa_1972Apr14.jp2,Z:\Retrolens\Auckland\Ngataringa\Stack\Ngataringa_1972Apr14.jp2,2.43,attribute table:Georef_ER,,1,defaulted to CPS=1,0.43,2.5581707849855935,READY,
Auckland,Ngataringa,Ngataringa_shoreline.shp,Z:\Retrolens\Auckland\Ngataringa\Shorelines\Ngataringa_shoreline.shp,55,1972-04-14,DSAS_Date,attribute table,RL,attribute table,0.674119993142028,gml-sidecar:stack-exact-date:1972-04-14:Ngataringa_1972Apr14.jp2,Z:\Retrolens\Auckland\Ngataringa\Stack\Ngataringa_1972Apr14.jp2,2.43,attribute table:Georef_ER,,1,defaulted to CPS=1,0.43,2.5581707849855935,READY,
Auckland,Ngataringa,Ngataringa_shoreline.shp,Z:\Retrolens\Auckland\Ngataringa\Shorelines\Ngataringa_shoreline.shp,56,1968-09-28,DSAS_Date,attribute table,RL,attribute table,1.85605636888124,gml-sidecar:stack-exact-date:1968-09-28:Ngataringa_1968Sep28.jp2,Z:\Retrolens\Auckland\Ngataringa\Stack\Ngataringa_1968Sep28.jp2,2.9,attribute table:Georef_ER,,1,defaulted to CPS=1,0.43,3.4698480146059154,READY,
Auckland,Ngataringa,Ngataringa_shoreline.shp,Z:\Retrolens\Auckland\Ngataringa\Shorelines\Ngataringa_shoreline.shp,57,1968-09-28,DSAS_Date,attribute table,RL,attribute table,1.85605636888124,gml-sidecar:stack-exact-date:1968-09-28:Ngataringa_1968Sep28.jp2,Z:\Retrolens\Auckland\Ngataringa\Stack\Ngataringa_1968Sep28.jp2,2.9,attribute table:Georef_ER,,1,defaulted to CPS=1,0.43,3.4698480146059154,READY,
Auckland,Ngataringa,Ngataringa_shoreline.shp,Z:\Retrolens\Auckland\Ngataringa\Shorelines\Ngataringa_shoreline.shp,58,1968-09-28,DSAS_Date,attribute table,RL,attribute table,1.85605636888124,gml-sidecar:stack-exact-date:1968-09-28:Ngataringa_1968Sep28.jp2,Z:\Retrolens\Auckland\Ngataringa\Stack\Ngataringa_1968Sep28.jp2,2.9,attribute table:Georef_ER,,1,defaulted to CPS=1,0.43,3.4698480146059154,READY,
Auckland,Ngataringa,Ngataringa_shoreline.shp,Z:\Retrolens\Auckland\Ngataringa\Shorelines\Ngataringa_shoreline.shp,59,1968-09-28,DSAS_Date,attribute table,RL,attribute table,1.85605636888124,gml-sidecar:stack-exact-date:1968-09-28:Ngataringa_1968Sep28.jp2,Z:\Retrolens\Auckland\Ngataringa\Stack\Ngataringa_1968Sep28.jp2,2.9,attribute table:Georef_ER,,1,defaulted to CPS=1,0.43,3.4698480146059154,READY,
Auckland,Ngataringa,Ngataringa_shoreline.shp,Z:\Retrolens\Auckland\Ngataringa\Shorelines\Ngataringa_shoreline.shp,60,1968-09-28,DSAS_Date,attribute table,RL,attribute table,1.85605636888124,gml-sidecar:stack-exact-date:1968-09-28:Ngataringa_1968Sep28.jp2,Z:\Retrolens\Auckland\Ngataringa\Stack\Ngataringa_1968Sep28.jp2,2.9,attribute table:Georef_ER,,1,defaulted to CPS=1,0.43,3.4698480146059154,READY,
Auckland,Ngataringa,Ngataringa_shoreline.shp,Z:\Retrolens\Auckland\Ngataringa\Shorelines\Ngataringa_shoreline.shp,61,1968-09-28,DSAS_Date,attribute table,RL,attribute table,1.85605636888124,gml-sidecar:stack-exact-date:1968-09-28:Ngataringa_1968Sep28.jp2,Z:\Retrolens\Auckland\Ngataringa\Stack\Ngataringa_1968Sep28.jp2,2.9,attribute table:Georef_ER,,1,defaulted to CPS=1,0.43,3.4698480146059154,READY,
Auckland,Ngataringa,Ngataringa_shoreline.shp,Z:\Retrolens\Auckland\Ngataringa\Shorelines\Ngataringa_shoreline.shp,62,1968-09-28,DSAS_Date,attribute table,RL,attribute table,1.85605636888124,gml-sidecar:stack-exact-date:1968-09-28:Ngataringa_1968Sep28.jp2,Z:\Retrolens\Auckland\Ngataringa\Stack\Ngataringa_1968Sep28.jp2,2.9,attribute table:Georef_ER,,1,defaulted to CPS=1,0.43,3.4698480146059154,READY,
Auckland,Ngataringa,Ngataringa_shoreline.shp,Z:\Retrolens\Auckland\Ngataringa\Shorelines\Ngataringa_shoreline.shp,63,1968-09-28,DSAS_Date,attribute table,RL,attribute table,1.85605636888124,gml-sidecar:stack-exact-date:1968-09-28:Ngataringa_1968Sep28.jp2,Z:\Retrolens\Auckland\Ngataringa\Stack\Ngataringa_1968Sep28.jp2,2.9,attribute table:Georef_ER,,1,defaulted to CPS=1,0.43,3.4698480146059154,READY,
Auckland,Ngataringa,Ngataringa_shoreline.shp,Z:\Retrolens\Auckland\Ngataringa\Shorelines\Ngataringa_shoreline.shp,64,1968-09-28,DSAS_Date,attribute table,RL,attribute table,1.85605636888124,gml-sidecar:stack-exact-date:1968-09-28:Ngataringa_1968Sep28.jp2,Z:\Retrolens\Auckland\Ngataringa\Stack\Ngataringa_1968Sep28.jp2,2.9,attribute table:Georef_ER,,1,defaulted to CPS=1,0.43,3.4698480146059154,READY,
Auckland,Ngataringa,Ngataringa_shoreline.shp,Z:\Retrolens\Auckland\Ngataringa\Shorelines\Ngataringa_shoreline.shp,65,1968-09-28,DSAS_Date,attribute table,RL,attribute table,1.85605636888124,gml-sidecar:stack-exact-date:1968-09-28:Ngataringa_1968Sep28.jp2,Z:\Retrolens\Auckland\Ngataringa\Stack\Ngataringa_1968Sep28.jp2,2.9,attribute table:Georef_ER,,1,defaulted to CPS=1,0.43,3.4698480146059154,READY,
Auckland,Ngataringa,Ngataringa_shoreline.shp,Z:\Retrolens\Auckland\Ngataringa\Shorelines\Ngataringa_shoreline.shp,66,1968-09-28,DSAS_Date,attribute table,RL,attribute table,1.85605636888124,gml-sidecar:stack-exact-date:1968-09-28:Ngataringa_1968Sep28.jp2,Z:\Retrolens\Auckland\Ngataringa\Stack\Ngataringa_1968Sep28.jp2,2.9,attribute table:Georef_ER,,1,defaulted to CPS=1,0.43,3.4698480146059154,READY,
Auckland,Ngataringa,Ngataringa_shoreline.shp,Z:\Retrolens\Auckland\Ngataringa\Shorelines\Ngataringa_shoreline.shp,67,1968-09-28,DSAS_Date,attribute table,RL,attribute table,1.85605636888124,gml-sidecar:stack-exact-date:1968-09-28:Ngataringa_1968Sep28.jp2,Z:\Retrolens\Auckland\Ngataringa\Stack\Ngataringa_1968Sep28.jp2,2.9,attribute table:Georef_ER,,1,defaulted to CPS=1,0.43,3.4698480146059154,READY,
Auckland,Ngataringa,Ngataringa_shoreline.shp,Z:\Retrolens\Auckland\Ngataringa\Shorelines\Ngataringa_shoreline.shp,68,1963-04-27,DSAS_Date,attribute table,RL,attribute table,0.437792591570216,gml-sidecar:stack-exact-date:1963-04-27:Ngataringa_1963Apr27.jp2,Z:\Retrolens\Auckland\Ngataringa\Stack\Ngataringa_1963Apr27.jp2,2.09,attribute table:Georef_ER,,1,defaulted to CPS=1,0.43,2.1782245874183324,READY,
Auckland,Ngataringa,Ngataringa_shoreline.shp,Z:\Retrolens\Auckland\Ngataringa\Shorelines\Ngataringa_shoreline.shp,69,1963-04-27,DSAS_Date,attribute table,RL,attribute table,0.437792591570216,gml-sidecar:stack-exact-date:1963-04-27:Ngataringa_1963Apr27.jp2,Z:\Retrolens\Auckland\Ngataringa\Stack\Ngataringa_1963Apr27.jp2,2.09,attribute table:Georef_ER,,1,defaulted to CPS=1,0.43,2.1782245874183324,READY,
Auckland,Ngataringa,Ngataringa_shoreline.shp,Z:\Retrolens\Auckland\Ngataringa\Shorelines\Ngataringa_shoreline.shp,70,1963-04-27,DSAS_Date,attribute table,RL,attribute table,0.437792591570216,gml-sidecar:stack-exact-date:1963-04-27:Ngataringa_1963Apr27.jp2,Z:\Retrolens\Auckland\Ngataringa\Stack\Ngataringa_1963Apr27.jp2,2.09,attribute table:Georef_ER,,1,defaulted to CPS=1,0.43,2.1782245874183324,READY,
Auckland,Ngataringa,Ngataringa_shoreline.shp,Z:\Retrolens\Auckland\Ngataringa\Shorelines\Ngataringa_shoreline.shp,71,1963-04-27,DSAS_Date,attribute table,RL,attribute table,0.437792591570216,gml-sidecar:stack-exact-date:1963-04-27:Ngataringa_1963Apr27.jp2,Z:\Retrolens\Auckland\Ngataringa\Stack\Ngataringa_1963Apr27.jp2,2.09,attribute table:Georef_ER,,1,defaulted to CPS=1,0.43,2.1782245874183324,READY,
Auckland,Ngataringa,Ngataringa_shoreline.shp,Z:\Retrolens\Auckland\Ngataringa\Shorelines\Ngataringa_shoreline.shp,72,1963-04-27,DSAS_Date,attribute table,RL,attribute table,0.437792591570216,gml-sidecar:stack-exact-date:1963-04-27:Ngataringa_1963Apr27.jp2,Z:\Retrolens\Auckland\Ngataringa\Stack\Ngataringa_1963Apr27.jp2,2.09,attribute table:Georef_ER,,1,defaulted to CPS=1,0.43,2.1782245874183324,READY,
Auckland,Ngataringa,Ngataringa_shoreline.shp,Z:\Retrolens\Auckland\Ngataringa\Shorelines\Ngataringa_shoreline.shp,73,1963-04-27,DSAS_Date,attribute table,RL,attribute table,0.437792591570216,gml-sidecar:stack-exact-date:1963-04-27:Ngataringa_1963Apr27.jp2,Z:\Retrolens\Auckland\Ngataringa\Stack\Ngataringa_1963Apr27.jp2,2.09,attribute table:Georef_ER,,1,defaulted to CPS=1,0.43,2.1782245874183324,READY,
Auckland,Ngataringa,Ngataringa_shoreline.shp,Z:\Retrolens\Auckland\Ngataringa\Shorelines\Ngataringa_shoreline.shp,74,1963-04-27,DSAS_Date,attribute table,RL,attribute table,0.437792591570216,gml-sidecar:stack-exact-date:1963-04-27:Ngataringa_1963Apr27.jp2,Z:\Retrolens\Auckland\Ngataringa\Stack\Ngataringa_1963Apr27.jp2,2.09,attribute table:Georef_ER,,1,defaulted to CPS=1,0.43,2.1782245874183324,READY,
Auckland,Ngataringa,Ngataringa_shoreline.shp,Z:\Retrolens\Auckland\Ngataringa\Shorelines\Ngataringa_shoreline.shp,75,1963-04-27,DSAS_Date,attribute table,RL,attribute table,0.437792591570216,gml-sidecar:stack-exact-date:1963-04-27:Ngataringa_1963Apr27.jp2,Z:\Retrolens\Auckland\Ngataringa\Stack\Ngataringa_1963Apr27.jp2,2.09,attribute table:Georef_ER,,1,defaulted to CPS=1,0.43,2.1782245874183324,READY,
Auckland,Ngataringa,Ngataringa_shoreline.shp,Z:\Retrolens\Auckland\Ngataringa\Shorelines\Ngataringa_shoreline.shp,76,1963-04-27,DSAS_Date,attribute table,RL,attribute table,0.437792591570216,gml-sidecar:stack-exact-date:1963-04-27:Ngataringa_1963Apr27.jp2,Z:\Retrolens\Auckland\Ngataringa\Stack\Ngataringa_1963Apr27.jp2,2.09,attribute table:Georef_ER,,1,defaulted to CPS=1,0.43,2.1782245874183324,READY,
Auckland,Ngataringa,Ngataringa_shoreline.shp,Z:\Retrolens\Auckland\Ngataringa\Shorelines\Ngataringa_shoreline.shp,77,1963-04-27,DSAS_Date,attribute table,RL,attribute table,0.437792591570216,gml-sidecar:stack-exact-date:1963-04-27:Ngataringa_1963Apr27.jp2,Z:\Retrolens\Auckland\Ngataringa\Stack\Ngataringa_1963Apr27.jp2,2.09,attribute table:Georef_ER,,1,defaulted to CPS=1,0.43,2.1782245874183324,READY,
Auckland,Ngataringa,Ngataringa_shoreline.shp,Z:\Retrolens\Auckland\Ngataringa\Shorelines\Ngataringa_shoreline.shp,78,1963-04-27,DSAS_Date,attribute table,RL,attribute table,0.437792591570216,gml-sidecar:stack-exact-date:1963-04-27:Ngataringa_1963Apr27.jp2,Z:\Retrolens\Auckland\Ngataringa\Stack\Ngataringa_1963Apr27.jp2,2.09,attribute table:Georef_ER,,1,defaulted to CPS=1,0.43,2.1782245874183324,READY,
Auckland,Ngataringa,Ngataringa_shoreline.shp,Z:\Retrolens\Auckland\Ngataringa\Shorelines\Ngataringa_shoreline.shp,79,1950-09-19,DSAS_Date,attribute table,RL,attribute table,0.502102245215972,gml-sidecar:stack-exact-date:1950-09-19:Ngataringa_1950Sep19.jp2,Z:\Retrolens\Auckland\Ngataringa\Stack\Ngataringa_1950Sep19.jp2,2.09,attribute table:Georef_ER,,1,defaulted to CPS=1,0.43,2.1920553516393966,READY,
Auckland,Ngataringa,Ngataringa_shoreline.shp,Z:\Retrolens\Auckland\Ngataringa\Shorelines\Ngataringa_shoreline.shp,80,1950-09-19,DSAS_Date,attribute table,RL,attribute table,0.502102245215972,gml-sidecar:stack-exact-date:1950-09-19:Ngataringa_1950Sep19.jp2,Z:\Retrolens\Auckland\Ngataringa\Stack\Ngataringa_1950Sep19.jp2,2.09,attribute table:Georef_ER,,1,defaulted to CPS=1,0.43,2.1920553516393966,READY,
Auckland,Ngataringa,Ngataringa_shoreline.shp,Z:\Retrolens\Auckland\Ngataringa\Shorelines\Ngataringa_shoreline.shp,81,1950-09-19,DSAS_Date,attribute table,RL,attribute table,0.502102245215972,gml-sidecar:stack-exact-date:1950-09-19:Ngataringa_1950Sep19.jp2,Z:\Retrolens\Auckland\Ngataringa\Stack\Ngataringa_1950Sep19.jp2,2.09,attribute table:Georef_ER,,1,defaulted to CPS=1,0.43,2.1920553516393966,READY,
Auckland,Ngataringa,Ngataringa_shoreline.shp,Z:\Retrolens\Auckland\Ngataringa\Shorelines\Ngataringa_shoreline.shp,82,1950-09-19,DSAS_Date,attribute table,RL,attribute table,0.502102245215972,gml-sidecar:stack-exact-date:1950-09-19:Ngataringa_1950Sep19.jp2,Z:\Retrolens\Auckland\Ngataringa\Stack\Ngataringa_1950Sep19.jp2,2.09,attribute table:Georef_ER,,1,defaulted to CPS=1,0.43,2.1920553516393966,READY,
Auckland,Ngataringa,Ngataringa_shoreline.shp,Z:\Retrolens\Auckland\Ngataringa\Shorelines\Ngataringa_shoreline.shp,83,1950-09-19,DSAS_Date,attribute table,RL,attribute table,0.502102245215972,gml-sidecar:stack-exact-date:1950-09-19:Ngataringa_1950Sep19.jp2,Z:\Retrolens\Auckland\Ngataringa\Stack\Ngataringa_1950Sep19.jp2,2.09,attribute table:Georef_ER,,1,defaulted to CPS=1,0.43,2.1920553516393966,READY,
Auckland,Ngataringa,Ngataringa_shoreline.shp,Z:\Retrolens\Auckland\Ngataringa\Shorelines\Ngataringa_shoreline.shp,84,1950-09-19,DSAS_Date,attribute table,RL,attribute table,0.502102245215972,gml-sidecar:stack-exact-date:1950-09-19:Ngataringa_1950Sep19.jp2,Z:\Retrolens\Auckland\Ngataringa\Stack\Ngataringa_1950Sep19.jp2,2.09,attribute table:Georef_ER,,1,defaulted to CPS=1,0.43,2.1920553516393966,READY,
Auckland,Ngataringa,Ngataringa_shoreline.shp,Z:\Retrolens\Auckland\Ngataringa\Shorelines\Ngataringa_shoreline.shp,85,1950-09-19,DSAS_Date,attribute table,RL,attribute table,0.502102245215972,gml-sidecar:stack-exact-date:1950-09-19:Ngataringa_1950Sep19.jp2,Z:\Retrolens\Auckland\Ngataringa\Stack\Ngataringa_1950Sep19.jp2,2.09,attribute table:Georef_ER,,1,defaulted to CPS=1,0.43,2.1920553516393966,READY,
Auckland,Ngataringa,Ngataringa_shoreline.shp,Z:\Retrolens\Auckland\Ngataringa\Shorelines\Ngataringa_shoreline.shp,86,1950-09-19,DSAS_Date,attribute table,RL,attribute table,0.502102245215972,gml-sidecar:stack-exact-date:1950-09-19:Ngataringa_1950Sep19.jp2,Z:\Retrolens\Auckland\Ngataringa\Stack\Ngataringa_1950Sep19.jp2,2.09,attribute table:Georef_ER,,1,defaulted to CPS=1,0.43,2.1920553516393966,READY,
Auckland,Ngataringa,Ngataringa_shoreline.shp,Z:\Retrolens\Auckland\Ngataringa\Shorelines\Ngataringa_shoreline.shp,87,1950-09-19,DSAS_Date,attribute table,RL,attribute table,0.502102245215972,gml-sidecar:stack-exact-date:1950-09-19:Ngataringa_1950Sep19.jp2,Z:\Retrolens\Auckland\Ngataringa\Stack\Ngataringa_1950Sep19.jp2,2.09,attribute table:Georef_ER,,1,defaulted to CPS=1,0.43,2.1920553516393966,READY,
Auckland,Ngataringa,Ngataringa_shoreline.shp,Z:\Retrolens\Auckland\Ngataringa\Shorelines\Ngataringa_shoreline.shp,88,1950-09-19,DSAS_Date,attribute table,RL,attribute table,0.502102245215972,gml-sidecar:stack-exact-date:1950-09-19:Ngataringa_1950Sep19.jp2,Z:\Retrolens\Auckland\Ngataringa\Stack\Ngataringa_1950Sep19.jp2,2.09,attribute table:Georef_ER,,1,defaulted to CPS=1,0.43,2.1920553516393966,READY,
Auckland,Ngataringa,Ngataringa_shoreline.shp,Z:\Retrolens\Auckland\Ngataringa\Shorelines\Ngataringa_shoreline.shp,89,1950-09-19,DSAS_Date,attribute table,RL,attribute table,0.502102245215972,gml-sidecar:stack-exact-date:1950-09-19:Ngataringa_1950Sep19.jp2,Z:\Retrolens\Auckland\Ngataringa\Stack\Ngataringa_1950Sep19.jp2,2.09,attribute table:Georef_ER,,1,defaulted to CPS=1,0.43,2.1920553516393966,READY,
Auckland,Ngataringa,Ngataringa_shoreline.shp,Z:\Retrolens\Auckland\Ngataringa\Shorelines\Ngataringa_shoreline.shp,90,1940-04-22,DSAS_Date,attribute table,RL,attribute table,0.510987731011859,gml-sidecar:stack-exact-date:1940-04-22:Ngataringa_1940Apr22.jp2,Z:\Retrolens\Auckland\Ngataringa\Stack\Ngataringa_1940Apr22.jp2,2.09,attribute table:Georef_ER,,1,defaulted to CPS=1,0.43,2.1941076685624723,READY,
Auckland,Ngataringa,Ngataringa_shoreline.shp,Z:\Retrolens\Auckland\Ngataringa\Shorelines\Ngataringa_shoreline.shp,91,1940-04-22,DSAS_Date,attribute table,RL,attribute table,0.510987731011859,gml-sidecar:stack-exact-date:1940-04-22:Ngataringa_1940Apr22.jp2,Z:\Retrolens\Auckland\Ngataringa\Stack\Ngataringa_1940Apr22.jp2,2.09,attribute table:Georef_ER,,1,defaulted to CPS=1,0.43,2.1941076685624723,READY,
Auckland,Ngataringa,Ngataringa_shoreline.shp,Z:\Retrolens\Auckland\Ngataringa\Shorelines\Ngataringa_shoreline.shp,92,1940-04-22,DSAS_Date,attribute table,RL,attribute table,0.510987731011859,gml-sidecar:stack-exact-date:1940-04-22:Ngataringa_1940Apr22.jp2,Z:\Retrolens\Auckland\Ngataringa\Stack\Ngataringa_1940Apr22.jp2,2.09,attribute table:Georef_ER,,1,defaulted to CPS=1,0.43,2.1941076685624723,READY,
Auckland,Ngataringa,Ngataringa_shoreline.shp,Z:\Retrolens\Auckland\Ngataringa\Shorelines\Ngataringa_shoreline.shp,93,1940-04-22,DSAS_Date,attribute table,RL,attribute table,0.510987731011859,gml-sidecar:stack-exact-date:1940-04-22:Ngataringa_1940Apr22.jp2,Z:\Retrolens\Auckland\Ngataringa\Stack\Ngataringa_1940Apr22.jp2,2.09,attribute table:Georef_ER,,1,defaulted to CPS=1,0.43,2.1941076685624723,READY,
Auckland,Ngataringa,Ngataringa_shoreline.shp,Z:\Retrolens\Auckland\Ngataringa\Shorelines\Ngataringa_shoreline.shp,94,1940-04-22,DSAS_Date,attribute table,RL,attribute table,0.510987731011859,gml-sidecar:stack-exact-date:1940-04-22:Ngataringa_1940Apr22.jp2,Z:\Retrolens\Auckland\Ngataringa\Stack\Ngataringa_1940Apr22.jp2,2.09,attribute table:Georef_ER,,1,defaulted to CPS=1,0.43,2.1941076685624723,READY,
Auckland,Ngataringa,Ngataringa_shoreline.shp,Z:\Retrolens\Auckland\Ngataringa\Shorelines\Ngataringa_shoreline.shp,95,1940-04-22,DSAS_Date,attribute table,RL,attribute table,0.510987731011859,gml-sidecar:stack-exact-date:1940-04-22:Ngataringa_1940Apr22.jp2,Z:\Retrolens\Auckland\Ngataringa\Stack\Ngataringa_1940Apr22.jp2,2.09,attribute table:Georef_ER,,1,defaulted to CPS=1,0.43,2.1941076685624723,READY,
Auckland,Ngataringa,Ngataringa_shoreline.shp,Z:\Retrolens\Auckland\Ngataringa\Shorelines\Ngataringa_shoreline.shp,96,1940-04-22,DSAS_Date,attribute table,RL,attribute table,0.510987731011859,gml-sidecar:stack-exact-date:1940-04-22:Ngataringa_1940Apr22.jp2,Z:\Retrolens\Auckland\Ngataringa\Stack\Ngataringa_1940Apr22.jp2,2.09,attribute table:Georef_ER,,1,defaulted to CPS=1,0.43,2.1941076685624723,READY,
Auckland,Ngataringa,Ngataringa_shoreline.shp,Z:\Retrolens\Auckland\Ngataringa\Shorelines\Ngataringa_shoreline.shp,97,1940-04-22,DSAS_Date,attribute table,RL,attribute table,0.510987731011859,gml-sidecar:stack-exact-date:1940-04-22:Ngataringa_1940Apr22.jp2,Z:\Retrolens\Auckland\Ngataringa\Stack\Ngataringa_1940Apr22.jp2,2.09,attribute table:Georef_ER,,1,defaulted to CPS=1,0.43,2.1941076685624723,READY,
Auckland,Ngataringa,Ngataringa_shoreline.shp,Z:\Retrolens\Auckland\Ngataringa\Shorelines\Ngataringa_shoreline.shp,98,1940-04-22,DSAS_Date,attribute table,RL,attribute table,0.510987731011859,gml-sidecar:stack-exact-date:1940-04-22:Ngataringa_1940Apr22.jp2,Z:\Retrolens\Auckland\Ngataringa\Stack\Ngataringa_1940Apr22.jp2,2.09,attribute table:Georef_ER,,1,defaulted to CPS=1,0.43,2.1941076685624723,READY,
Auckland,Ngataringa,Ngataringa_shoreline.shp,Z:\Retrolens\Auckland\Ngataringa\Shorelines\Ngataringa_shoreline.shp,99,1940-04-22,DSAS_Date,attribute table,RL,attribute table,0.510987731011859,gml-sidecar:stack-exact-date:1940-04-22:Ngataringa_1940Apr22.jp2,Z:\Retrolens\Auckland\Ngataringa\Stack\Ngataringa_1940Apr22.jp2,2.09,attribute table:Georef_ER,,1,defaulted to CPS=1,0.43,2.1941076685624723,READY,
Auckland,Ngataringa,Ngataringa_shoreline.shp,Z:\Retrolens\Auckland\Ngataringa\Shorelines\Ngataringa_shoreline.shp,100,1940-04-22,DSAS_Date,attribute table,RL,attribute table,0.510987731011859,gml-sidecar:stack-exact-date:1940-04-22:Ngataringa_1940Apr22.jp2,Z:\Retrolens\Auckland\Ngataringa\Stack\Ngataringa_1940Apr22.jp2,2.09,attribute table:Georef_ER,,1,defaulted to CPS=1,0.43,2.1941076685624723,READY,
Auckland,Ngataringa,Ngataringa_shoreline.shp,Z:\Retrolens\Auckland\Ngataringa\Shorelines\Ngataringa_shoreline.shp,101,1940-04-22,DSAS_Date,attribute table,RL,attribute table,0.510987731011859,gml-sidecar:stack-exact-date:1940-04-22:Ngataringa_1940Apr22.jp2,Z:\Retrolens\Auckland\Ngataringa\Stack\Ngataringa_1940Apr22.jp2,2.09,attribute table:Georef_ER,,1,defaulted to CPS=1,0.43,2.1941076685624723,READY,
Auckland,Ngataringa,Ngataringa_shoreline.shp,Z:\Retrolens\Auckland\Ngataringa\Shorelines\Ngataringa_shoreline.shp,102,1940-04-22,DSAS_Date,attribute table,RL,attribute table,0.510987731011859,gml-sidecar:stack-exact-date:1940-04-22:Ngataringa_1940Apr22.jp2,Z:\Retrolens\Auckland\Ngataringa\Stack\Ngataringa_1940Apr22.jp2,2.09,attribute table:Georef_ER,,1,defaulted to CPS=1,0.43,2.1941076685624723,READY,
Auckland,Ngataringa,Ngataringa_shoreline.shp,Z:\Retrolens\Auckland\Ngataringa\Shorelines\Ngataringa_shoreline.shp,103,1940-04-22,DSAS_Date,attribute table,RL,attribute table,0.510987731011859,gml-sidecar:stack-exact-date:1940-04-22:Ngataringa_1940Apr22.jp2,Z:\Retrolens\Auckland\Ngataringa\Stack\Ngataringa_1940Apr22.jp2,2.09,attribute table:Georef_ER,,1,defaulted to CPS=1,0.43,2.1941076685624723,READY,
Auckland,Ngataringa,Ngataringa_shoreline.shp,Z:\Retrolens\Auckland\Ngataringa\Shorelines\Ngataringa_shoreline.shp,104,1940-04-22,DSAS_Date,attribute table,RL,attribute table,0.510987731011859,gml-sidecar:stack-exact-date:1940-04-22:Ngataringa_1940Apr22.jp2,Z:\Retrolens\Auckland\Ngataringa\Stack\Ngataringa_1940Apr22.jp2,2.09,attribute table:Georef_ER,,1,defaulted to CPS=1,0.43,2.1941076685624723,READY,
Auckland,Ngataringa,Ngataringa_shoreline.shp,Z:\Retrolens\Auckland\Ngataringa\Shorelines\Ngataringa_shoreline.shp,105,1940-04-22,DSAS_Date,attribute table,RL,attribute table,0.510987731011859,gml-sidecar:stack-exact-date:1940-04-22:Ngataringa_1940Apr22.jp2,Z:\Retrolens\Auckland\Ngataringa\Stack\Ngataringa_1940Apr22.jp2,2.09,attribute table:Georef_ER,,1,defaulted to CPS=1,0.43,2.1941076685624723,READY,
Auckland,Ngataringa,Ngataringa_shoreline.shp,Z:\Retrolens\Auckland\Ngataringa\Shorelines\Ngataringa_shoreline.shp,106,1940-04-22,DSAS_Date,attribute table,RL,attribute table,0.510987731011859,gml-sidecar:stack-exact-date:1940-04-22:Ngataringa_1940Apr22.jp2,Z:\Retrolens\Auckland\Ngataringa\Stack\Ngataringa_1940Apr22.jp2,2.09,attribute table:Georef_ER,,1,defaulted to CPS=1,0.43,2.1941076685624723,READY,
Auckland,Ngataringa,Ngataringa_shoreline.shp,Z:\Retrolens\Auckland\Ngataringa\Shorelines\Ngataringa_shoreline.shp,107,1940-04-22,DSAS_Date,attribute table,RL,attribute table,0.510987731011859,gml-sidecar:stack-exact-date:1940-04-22:Ngataringa_1940Apr22.jp2,Z:\Retrolens\Auckland\Ngataringa\Stack\Ngataringa_1940Apr22.jp2,2.09,attribute table:Georef_ER,,1,defaulted to CPS=1,0.43,2.1941076685624723,READY,
Auckland,Ngataringa,Ngataringa_shoreline.shp,Z:\Retrolens\Auckland\Ngataringa\Shorelines\Ngataringa_shoreline.shp,108,1940-04-22,DSAS_Date,attribute table,RL,attribute table,0.510987731011859,gml-sidecar:stack-exact-date:1940-04-22:Ngataringa_1940Apr22.jp2,Z:\Retrolens\Auckland\Ngataringa\Stack\Ngataringa_1940Apr22.jp2,2.09,attribute table:Georef_ER,,1,defaulted to CPS=1,0.43,2.1941076685624723,READY,
Auckland,Ngataringa,Ngataringa_shoreline.shp,Z:\Retrolens\Auckland\Ngataringa\Shorelines\Ngataringa_shoreline.shp,109,1940-04-22,DSAS_Date,attribute table,RL,attribute table,0.510987731011859,gml-sidecar:stack-exact-date:1940-04-22:Ngataringa_1940Apr22.jp2,Z:\Retrolens\Auckland\Ngataringa\Stack\Ngataringa_1940Apr22.jp2,2.09,attribute table:Georef_ER,,1,defaulted to CPS=1,0.43,2.1941076685624723,READY,
Auckland,OmokoritoBay,OmokoritoBay_18MAR2024.shp,Z:\Retrolens\Auckland\OmokoritoBay\Shorelines\OmokoritoBay_18MAR2024.shp,0,2024-03-18,Date,attribute table,MAX,attribute table,0.49,attribute table:Pixel_Er,,1.17,attribute table:Georef_ER,,3,attribute table:CPS,0.97,1.596840630745598,READY,
Auckland,OmokoritoBay,OmokoritoBay_18MAR2024.shp,Z:\Retrolens\Auckland\OmokoritoBay\Shorelines\OmokoritoBay_18MAR2024.shp,1,2024-03-18,Date,attribute table,MAX,attribute table,0.49,attribute table:Pixel_Er,,1.17,attribute table:Georef_ER,,3,attribute table:CPS,0.97,1.596840630745598,READY,
Auckland,OmokoritoBay,OmokoritoBay_18MAR2024.shp,Z:\Retrolens\Auckland\OmokoritoBay\Shorelines\OmokoritoBay_18MAR2024.shp,2,2024-03-18,Date,attribute table,MAX,attribute table,0.49,attribute table:Pixel_Er,,1.17,attribute table:Georef_ER,,3,attribute table:CPS,0.97,1.596840630745598,READY,
Auckland,OmokoritoBay,OmokoritoBay_18MAR2024.shp,Z:\Retrolens\Auckland\OmokoritoBay\Shorelines\OmokoritoBay_18MAR2024.shp,3,2024-03-18,Date,attribute table,MAX,attribute table,0.49,attribute table:Pixel_Er,,1.17,attribute table:Georef_ER,,3,attribute table:CPS,0.97,1.596840630745598,READY,
Auckland,OmokoritoBay,OmokoritoBay_18MAR2024.shp,Z:\Retrolens\Auckland\OmokoritoBay\Shorelines\OmokoritoBay_18MAR2024.shp,4,2024-03-18,Date,attribute table,MAX,attribute table,0.49,attribute table:Pixel_Er,,1.17,attribute table:Georef_ER,,3,attribute table:CPS,0.97,1.596840630745598,READY,
Auckland,OmokoritoBay,OmokoritoBay_18MAR2024.shp,Z:\Retrolens\Auckland\OmokoritoBay\Shorelines\OmokoritoBay_18MAR2024.shp,5,2024-03-18,Date,attribute table,MAX,attribute table,0.49,attribute table:Pixel_Er,,1.17,attribute table:Georef_ER,,3,attribute table:CPS,0.97,1.596840630745598,READY,
Auckland,OmokoritoBay,OmokoritoBay_18MAR2024.shp,Z:\Retrolens\Auckland\OmokoritoBay\Shorelines\OmokoritoBay_18MAR2024.shp,6,2024-03-18,Date,attribute table,MAX,attribute table,0.49,attribute table:Pixel_Er,,1.17,attribute table:Georef_ER,,3,attribute table:CPS,0.97,1.596840630745598,READY,
Auckland,OmokoritoBay,OmokoritoBay_18MAR2024.shp,Z:\Retrolens\Auckland\OmokoritoBay\Shorelines\OmokoritoBay_18MAR2024.shp,7,2024-03-18,Date,attribute table,MAX,attribute table,0.49,attribute table:Pixel_Er,,1.17,attribute table:Georef_ER,,3,attribute table:CPS,0.97,1.596840630745598,READY,
Auckland,OmokoritoBay,OmokoritoBay_18MAR2024.shp,Z:\Retrolens\Auckland\OmokoritoBay\Shorelines\OmokoritoBay_18MAR2024.shp,8,2024-03-18,Date,attribute table,MAX,attribute table,0.49,attribute table:Pixel_Er,,1.17,attribute table:Georef_ER,,3,attribute table:CPS,0.97,1.596840630745598,READY,
Auckland,OmokoritoBay,OmokoritoBay_18MAR2024.shp,Z:\Retrolens\Auckland\OmokoritoBay\Shorelines\OmokoritoBay_18MAR2024.shp,9,2024-03-18,Date,attribute table,MAX,attribute table,0.49,attribute table:Pixel_Er,,1.17,attribute table:Georef_ER,,3,attribute table:CPS,0.97,1.596840630745598,READY,
Auckland,OmokoritoBay,OmokoritoBay_18MAR2024.shp,Z:\Retrolens\Auckland\OmokoritoBay\Shorelines\OmokoritoBay_18MAR2024.shp,10,2024-03-18,Date,attribute table,MAX,attribute table,0.49,attribute table:Pixel_Er,,1.17,attribute table:Georef_ER,,3,attribute table:CPS,0.97,1.596840630745598,READY,
Auckland,OmokoritoBay,OmokoritoBay_18MAR2024.shp,Z:\Retrolens\Auckland\OmokoritoBay\Shorelines\OmokoritoBay_18MAR2024.shp,11,2024-03-18,Date,attribute table,MAX,attribute table,0.49,attribute table:Pixel_Er,,1.17,attribute table:Georef_ER,,2,attribute table:CPS,0.73,1.4635231463834113,READY,
Auckland,OmokoritoBay,OmokoritoBay_09MAR2011.shp,Z:\Retrolens\Auckland\OmokoritoBay\Shorelines\OmokoritoBay_09MAR2011.shp,0,2011-03-09,Date,attribute table,LDS,attribute table,0.5,attribute table:Pixel_Er,,0.0,attribute table:Georef_ER,,2,attribute table:CPS,0.73,0.8848163651289458,READY,
Auckland,OmokoritoBay,OmokoritoBay_09MAR2011.shp,Z:\Retrolens\Auckland\OmokoritoBay\Shorelines\OmokoritoBay_09MAR2011.shp,1,2011-03-09,Date,attribute table,LDS,attribute table,0.5,attribute table:Pixel_Er,,0.0,attribute table:Georef_ER,,2,attribute table:CPS,0.73,0.8848163651289458,READY,
Auckland,OmokoritoBay,OmokoritoBay_09MAR2011.shp,Z:\Retrolens\Auckland\OmokoritoBay\Shorelines\OmokoritoBay_09MAR2011.shp,2,2011-03-09,Date,attribute table,LDS,attribute table,0.5,attribute table:Pixel_Er,,0.0,attribute table:Georef_ER,,2,attribute table:CPS,0.73,0.8848163651289458,READY,
Auckland,OmokoritoBay,OmokoritoBay_09MAR2011.shp,Z:\Retrolens\Auckland\OmokoritoBay\Shorelines\OmokoritoBay_09MAR2011.shp,3,2011-03-09,Date,attribute table,LDS,attribute table,0.5,attribute table:Pixel_Er,,0.0,attribute table:Georef_ER,,2,attribute table:CPS,0.73,0.8848163651289458,READY,
Auckland,OmokoritoBay,OmokoritoBay_09MAR2011.shp,Z:\Retrolens\Auckland\OmokoritoBay\Shorelines\OmokoritoBay_09MAR2011.shp,4,2011-03-09,Date,attribute table,LDS,attribute table,0.5,attribute table:Pixel_Er,,0.0,attribute table:Georef_ER,,2,attribute table:CPS,0.73,0.8848163651289458,READY,
Auckland,OmokoritoBay,OmokoritoBay_09MAR2011.shp,Z:\Retrolens\Auckland\OmokoritoBay\Shorelines\OmokoritoBay_09MAR2011.shp,5,2011-03-09,Date,attribute table,LDS,attribute table,0.5,attribute table:Pixel_Er,,0.0,attribute table:Georef_ER,,2,attribute table:CPS,0.73,0.8848163651289458,READY,
Auckland,OmokoritoBay,OmokoritoBay_09MAR2011.shp,Z:\Retrolens\Auckland\OmokoritoBay\Shorelines\OmokoritoBay_09MAR2011.shp,6,2011-03-09,Date,attribute table,LDS,attribute table,0.5,attribute table:Pixel_Er,,0.0,attribute table:Georef_ER,,2,attribute table:CPS,0.73,0.8848163651289458,READY,
Auckland,OmokoritoBay,OmokoritoBay_09MAR2011.shp,Z:\Retrolens\Auckland\OmokoritoBay\Shorelines\OmokoritoBay_09MAR2011.shp,7,2011-03-09,Date,attribute table,LDS,attribute table,0.5,attribute table:Pixel_Er,,0.0,attribute table:Georef_ER,,2,attribute table:CPS,0.73,0.8848163651289458,READY,
Auckland,OmokoritoBay,OmokoritoBay_09MAR2011.shp,Z:\Retrolens\Auckland\OmokoritoBay\Shorelines\OmokoritoBay_09MAR2011.shp,8,2011-03-09,Date,attribute table,LDS,attribute table,0.5,attribute table:Pixel_Er,,0.0,attribute table:Georef_ER,,2,attribute table:CPS,0.73,0.8848163651289458,READY,
Auckland,OmokoritoBay,OmokoritoBay_09MAR2011.shp,Z:\Retrolens\Auckland\OmokoritoBay\Shorelines\OmokoritoBay_09MAR2011.shp,9,2011-03-09,Date,attribute table,LDS,attribute table,0.5,attribute table:Pixel_Er,,0.0,attribute table:Georef_ER,,2,attribute table:CPS,0.73,0.8848163651289458,READY,
Auckland,OmokoritoBay,OmokoritoBay_09MAR2011.shp,Z:\Retrolens\Auckland\OmokoritoBay\Shorelines\OmokoritoBay_09MAR2011.shp,10,2011-03-09,Date,attribute table,LDS,attribute table,0.5,attribute table:Pixel_Er,,0.0,attribute table:Georef_ER,,3,attribute table:CPS,0.97,1.091283647820309,READY,
Auckland,OmokoritoBay,OmokoritoBay_15APR1975.shp,Z:\Retrolens\Auckland\OmokoritoBay\Shorelines\OmokoritoBay_15APR1975.shp,0,1975-04-15,Date,attribute table,RL,attribute table,2.17,attribute table:Pixel_Er,,2.9,attribute table:Georef_ER,,3,attribute table:CPS,0.97,3.7496399827183406,READY,
Auckland,OmokoritoBay,OmokoritoBay_15APR1975.shp,Z:\Retrolens\Auckland\OmokoritoBay\Shorelines\OmokoritoBay_15APR1975.shp,1,1975-04-15,Date,attribute table,RL,attribute table,2.17,attribute table:Pixel_Er,,2.9,attribute table:Georef_ER,,3,attribute table:CPS,0.97,3.7496399827183406,READY,
Auckland,OmokoritoBay,OmokoritoBay_15APR1975.shp,Z:\Retrolens\Auckland\OmokoritoBay\Shorelines\OmokoritoBay_15APR1975.shp,2,1975-04-15,Date,attribute table,RL,attribute table,2.17,attribute table:Pixel_Er,,2.9,attribute table:Georef_ER,,3,attribute table:CPS,0.97,3.7496399827183406,READY,
Auckland,OmokoritoBay,OmokoritoBay_15APR1975.shp,Z:\Retrolens\Auckland\OmokoritoBay\Shorelines\OmokoritoBay_15APR1975.shp,3,1975-04-15,Date,attribute table,RL,attribute table,2.17,attribute table:Pixel_Er,,2.9,attribute table:Georef_ER,,3,attribute table:CPS,0.97,3.7496399827183406,READY,
Auckland,OmokoritoBay,OmokoritoBay_15APR1975.shp,Z:\Retrolens\Auckland\OmokoritoBay\Shorelines\OmokoritoBay_15APR1975.shp,4,1975-04-15,Date,attribute table,RL,attribute table,2.17,attribute table:Pixel_Er,,2.9,attribute table:Georef_ER,,3,attribute table:CPS,0.97,3.7496399827183406,READY,
Auckland,OmokoritoBay,OmokoritoBay_15APR1975.shp,Z:\Retrolens\Auckland\OmokoritoBay\Shorelines\OmokoritoBay_15APR1975.shp,5,1975-04-15,Date,attribute table,RL,attribute table,2.17,attribute table:Pixel_Er,,2.9,attribute table:Georef_ER,,3,attribute table:CPS,0.97,3.7496399827183406,READY,
Auckland,OmokoritoBay,OmokoritoBay_15APR1975.shp,Z:\Retrolens\Auckland\OmokoritoBay\Shorelines\OmokoritoBay_15APR1975.shp,6,1975-04-15,Date,attribute table,RL,attribute table,2.17,attribute table:Pixel_Er,,2.9,attribute table:Georef_ER,,3,attribute table:CPS,0.97,3.7496399827183406,READY,
Auckland,OmokoritoBay,OmokoritoBay_15APR1975.shp,Z:\Retrolens\Auckland\OmokoritoBay\Shorelines\OmokoritoBay_15APR1975.shp,7,1975-04-15,Date,attribute table,RL,attribute table,2.17,attribute table:Pixel_Er,,2.9,attribute table:Georef_ER,,3,attribute table:CPS,0.97,3.7496399827183406,READY,
Auckland,OmokoritoBay,OmokoritoBay_15APR1975.shp,Z:\Retrolens\Auckland\OmokoritoBay\Shorelines\OmokoritoBay_15APR1975.shp,8,1975-04-15,Date,attribute table,RL,attribute table,2.17,attribute table:Pixel_Er,,2.9,attribute table:Georef_ER,,3,attribute table:CPS,0.97,3.7496399827183406,READY,
Auckland,OmokoritoBay,OmokoritoBay_15APR1975.shp,Z:\Retrolens\Auckland\OmokoritoBay\Shorelines\OmokoritoBay_15APR1975.shp,9,1975-04-15,Date,attribute table,RL,attribute table,2.17,attribute table:Pixel_Er,,2.9,attribute table:Georef_ER,,3,attribute table:CPS,0.97,3.7496399827183406,READY,
Auckland,OmokoritoBay,OmokoritoBay_15APR1975.shp,Z:\Retrolens\Auckland\OmokoritoBay\Shorelines\OmokoritoBay_15APR1975.shp,10,1975-04-15,Date,attribute table,RL,attribute table,2.17,attribute table:Pixel_Er,,2.9,attribute table:Georef_ER,,4,attribute table:CPS,2.07,4.171786188193254,READY,
Auckland,OmokoritoBay,OmokoritoBay_15APR1975.shp,Z:\Retrolens\Auckland\OmokoritoBay\Shorelines\OmokoritoBay_15APR1975.shp,11,1975-04-15,Date,attribute table,RL,attribute table,2.17,attribute table:Pixel_Er,,2.9,attribute table:Georef_ER,,3,attribute table:CPS,0.97,3.7496399827183406,READY,
Auckland,OmokoritoBay,OmokoritoBay_15APR1975.shp,Z:\Retrolens\Auckland\OmokoritoBay\Shorelines\OmokoritoBay_15APR1975.shp,12,1975-04-15,Date,attribute table,RL,attribute table,2.17,attribute table:Pixel_Er,,2.9,attribute table:Georef_ER,,3,attribute table:CPS,0.97,3.7496399827183406,READY,
Auckland,OmokoritoBay,OmokoritoBay_15APR1975.shp,Z:\Retrolens\Auckland\OmokoritoBay\Shorelines\OmokoritoBay_15APR1975.shp,13,1975-04-15,Date,attribute table,RL,attribute table,2.17,attribute table:Pixel_Er,,2.9,attribute table:Georef_ER,,3,attribute table:CPS,0.97,3.7496399827183406,READY,
Auckland,OmokoritoBay,OmokoritoBay_15APR1975.shp,Z:\Retrolens\Auckland\OmokoritoBay\Shorelines\OmokoritoBay_15APR1975.shp,14,1975-04-15,Date,attribute table,RL,attribute table,2.17,attribute table:Pixel_Er,,2.9,attribute table:Georef_ER,,2,attribute table:CPS,0.73,3.694834231734896,READY,
Auckland,OmokoritoBay,OmokoritoBay_05FEB1996.shp,Z:\Retrolens\Auckland\OmokoritoBay\Shorelines\OmokoritoBay_05FEB1996.shp,0,1996-02-05,Date,attribute table,RL,attribute table,1.46,attribute table:Pixel_Er,,2.9,attribute table:Georef_ER,,3,attribute table:CPS,0.97,3.388583774971485,READY,
Auckland,OmokoritoBay,OmokoritoBay_05FEB1996.shp,Z:\Retrolens\Auckland\OmokoritoBay\Shorelines\OmokoritoBay_05FEB1996.shp,1,1996-02-05,Date,attribute table,RL,attribute table,1.46,attribute table:Pixel_Er,,2.9,attribute table:Georef_ER,,3,attribute table:CPS,0.97,3.388583774971485,READY,
Auckland,OmokoritoBay,OmokoritoBay_05FEB1996.shp,Z:\Retrolens\Auckland\OmokoritoBay\Shorelines\OmokoritoBay_05FEB1996.shp,2,1996-02-05,Date,attribute table,RL,attribute table,1.46,attribute table:Pixel_Er,,2.9,attribute table:Georef_ER,,3,attribute table:CPS,0.97,3.388583774971485,READY,
Auckland,OmokoritoBay,OmokoritoBay_05FEB1996.shp,Z:\Retrolens\Auckland\OmokoritoBay\Shorelines\OmokoritoBay_05FEB1996.shp,3,1996-02-05,Date,attribute table,RL,attribute table,1.46,attribute table:Pixel_Er,,2.9,attribute table:Georef_ER,,3,attribute table:CPS,0.97,3.388583774971485,READY,
Auckland,OmokoritoBay,OmokoritoBay_05FEB1996.shp,Z:\Retrolens\Auckland\OmokoritoBay\Shorelines\OmokoritoBay_05FEB1996.shp,4,1996-02-05,Date,attribute table,RL,attribute table,1.46,attribute table:Pixel_Er,,2.9,attribute table:Georef_ER,,3,attribute table:CPS,0.97,3.388583774971485,READY,
Auckland,OmokoritoBay,OmokoritoBay_05FEB1996.shp,Z:\Retrolens\Auckland\OmokoritoBay\Shorelines\OmokoritoBay_05FEB1996.shp,5,1996-02-05,Date,attribute table,RL,attribute table,1.46,attribute table:Pixel_Er,,2.9,attribute table:Georef_ER,,3,attribute table:CPS,0.97,3.388583774971485,READY,
Auckland,OmokoritoBay,OmokoritoBay_05FEB1996.shp,Z:\Retrolens\Auckland\OmokoritoBay\Shorelines\OmokoritoBay_05FEB1996.shp,6,1996-02-05,Date,attribute table,RL,attribute table,1.46,attribute table:Pixel_Er,,2.9,attribute table:Georef_ER,,3,attribute table:CPS,0.97,3.388583774971485,READY,
Auckland,OmokoritoBay,OmokoritoBay_05FEB1996.shp,Z:\Retrolens\Auckland\OmokoritoBay\Shorelines\OmokoritoBay_05FEB1996.shp,7,1996-02-05,Date,attribute table,RL,attribute table,1.46,attribute table:Pixel_Er,,2.9,attribute table:Georef_ER,,3,attribute table:CPS,0.97,3.388583774971485,READY,
Auckland,OmokoritoBay,OmokoritoBay_05FEB1996.shp,Z:\Retrolens\Auckland\OmokoritoBay\Shorelines\OmokoritoBay_05FEB1996.shp,8,1996-02-05,Date,attribute table,RL,attribute table,1.46,attribute table:Pixel_Er,,2.9,attribute table:Georef_ER,,4,attribute table:CPS,2.07,3.850519445477454,READY,
Auckland,OmokoritoBay,OmokoritoBay_05FEB1996.shp,Z:\Retrolens\Auckland\OmokoritoBay\Shorelines\OmokoritoBay_05FEB1996.shp,9,1996-02-05,Date,attribute table,RL,attribute table,1.46,attribute table:Pixel_Er,,2.9,attribute table:Georef_ER,,4,attribute table:CPS,2.07,3.850519445477454,READY,
Auckland,OmokoritoBay,OmokoritoBay_05FEB1996.shp,Z:\Retrolens\Auckland\OmokoritoBay\Shorelines\OmokoritoBay_05FEB1996.shp,10,1996-02-05,Date,attribute table,RL,attribute table,1.46,attribute table:Pixel_Er,,2.9,attribute table:Georef_ER,,4,attribute table:CPS,2.07,3.850519445477454,READY,
Auckland,OmokoritoBay,OmokoritoBay_05FEB1996.shp,Z:\Retrolens\Auckland\OmokoritoBay\Shorelines\OmokoritoBay_05FEB1996.shp,11,1996-02-05,Date,attribute table,RL,attribute table,1.46,attribute table:Pixel_Er,,2.9,attribute table:Georef_ER,,3,attribute table:CPS,0.97,3.388583774971485,READY,
Auckland,OmokoritoBay,OmokoritoBay_24APR1940.shp,Z:\Retrolens\Auckland\OmokoritoBay\Shorelines\OmokoritoBay_24APR1940.shp,0,1940-04-24,Date,attribute table,RL,attribute table,0.54,attribute table:Pixel_Er,,2.09,attribute table:Georef_ER,,2,attribute table:CPS,0.73,2.278727715195477,READY,
Auckland,OmokoritoBay,OmokoritoBay_24APR1940.shp,Z:\Retrolens\Auckland\OmokoritoBay\Shorelines\OmokoritoBay_24APR1940.shp,1,1940-04-24,Date,attribute table,RL,attribute table,0.54,attribute table:Pixel_Er,,2.09,attribute table:Georef_ER,,2,attribute table:CPS,0.73,2.278727715195477,READY,
Auckland,OmokoritoBay,OmokoritoBay_24APR1940.shp,Z:\Retrolens\Auckland\OmokoritoBay\Shorelines\OmokoritoBay_24APR1940.shp,2,1940-04-24,Date,attribute table,RL,attribute table,0.54,attribute table:Pixel_Er,,2.09,attribute table:Georef_ER,,2,attribute table:CPS,0.73,2.278727715195477,READY,
Auckland,OmokoritoBay,OmokoritoBay_24APR1940.shp,Z:\Retrolens\Auckland\OmokoritoBay\Shorelines\OmokoritoBay_24APR1940.shp,3,1940-04-24,Date,attribute table,RL,attribute table,0.54,attribute table:Pixel_Er,,2.09,attribute table:Georef_ER,,2,attribute table:CPS,0.73,2.278727715195477,READY,
Auckland,OmokoritoBay,OmokoritoBay_09FEB1982.shp,Z:\Retrolens\Auckland\OmokoritoBay\Shorelines\OmokoritoBay_09FEB1982.shp,0,1982-02-09,Date,attribute table,RL,attribute table,0.71,attribute table:Pixel_Er,,2.43,attribute table:Georef_ER,,3,attribute table:CPS,0.97,2.711069899504622,READY,
Auckland,OmokoritoBay,OmokoritoBay_09FEB1982.shp,Z:\Retrolens\Auckland\OmokoritoBay\Shorelines\OmokoritoBay_09FEB1982.shp,1,1982-02-09,Date,attribute table,RL,attribute table,0.71,attribute table:Pixel_Er,,2.43,attribute table:Georef_ER,,3,attribute table:CPS,0.97,2.711069899504622,READY,
Auckland,OmokoritoBay,OmokoritoBay_09FEB1982.shp,Z:\Retrolens\Auckland\OmokoritoBay\Shorelines\OmokoritoBay_09FEB1982.shp,2,1982-02-09,Date,attribute table,RL,attribute table,0.71,attribute table:Pixel_Er,,2.43,attribute table:Georef_ER,,3,attribute table:CPS,0.97,2.711069899504622,READY,
Auckland,OmokoritoBay,OmokoritoBay_09FEB1982.shp,Z:\Retrolens\Auckland\OmokoritoBay\Shorelines\OmokoritoBay_09FEB1982.shp,3,1982-02-09,Date,attribute table,RL,attribute table,0.71,attribute table:Pixel_Er,,2.43,attribute table:Georef_ER,,3,attribute table:CPS,0.97,2.711069899504622,READY,
Auckland,OmokoritoBay,OmokoritoBay_09FEB1982.shp,Z:\Retrolens\Auckland\OmokoritoBay\Shorelines\OmokoritoBay_09FEB1982.shp,4,1982-02-09,Date,attribute table,RL,attribute table,0.71,attribute table:Pixel_Er,,2.43,attribute table:Georef_ER,,3,attribute table:CPS,0.97,2.711069899504622,READY,
Auckland,OmokoritoBay,OmokoritoBay_09FEB1982.shp,Z:\Retrolens\Auckland\OmokoritoBay\Shorelines\OmokoritoBay_09FEB1982.shp,5,1982-02-09,Date,attribute table,RL,attribute table,0.71,attribute table:Pixel_Er,,2.43,attribute table:Georef_ER,,3,attribute table:CPS,0.97,2.711069899504622,READY,
Auckland,OmokoritoBay,OmokoritoBay_09FEB1982.shp,Z:\Retrolens\Auckland\OmokoritoBay\Shorelines\OmokoritoBay_09FEB1982.shp,6,1982-02-09,Date,attribute table,RL,attribute table,0.71,attribute table:Pixel_Er,,2.43,attribute table:Georef_ER,,3,attribute table:CPS,0.97,2.711069899504622,READY,
Auckland,OmokoritoBay,OmokoritoBay_09FEB1982.shp,Z:\Retrolens\Auckland\OmokoritoBay\Shorelines\OmokoritoBay_09FEB1982.shp,7,1982-02-09,Date,attribute table,RL,attribute table,0.71,attribute table:Pixel_Er,,2.43,attribute table:Georef_ER,,3,attribute table:CPS,0.97,2.711069899504622,READY,
Auckland,OmokoritoBay,OmokoritoBay_09FEB1982.shp,Z:\Retrolens\Auckland\OmokoritoBay\Shorelines\OmokoritoBay_09FEB1982.shp,8,1982-02-09,Date,attribute table,RL,attribute table,0.71,attribute table:Pixel_Er,,2.43,attribute table:Georef_ER,,3,attribute table:CPS,0.97,2.711069899504622,READY,
Auckland,OmokoritoBay,OmokoritoBay_09FEB1982.shp,Z:\Retrolens\Auckland\OmokoritoBay\Shorelines\OmokoritoBay_09FEB1982.shp,9,1982-02-09,Date,attribute table,RL,attribute table,0.71,attribute table:Pixel_Er,,2.43,attribute table:Georef_ER,,3,attribute table:CPS,0.97,2.711069899504622,READY,
Auckland,OmokoritoBay,OmokoritoBay_09FEB1982.shp,Z:\Retrolens\Auckland\OmokoritoBay\Shorelines\OmokoritoBay_09FEB1982.shp,10,1982-02-09,Date,attribute table,RL,attribute table,0.71,attribute table:Pixel_Er,,2.43,attribute table:Georef_ER,,3,attribute table:CPS,0.97,2.711069899504622,READY,
Auckland,OmokoritoBay,OmokoritoBay_09FEB1982.shp,Z:\Retrolens\Auckland\OmokoritoBay\Shorelines\OmokoritoBay_09FEB1982.shp,11,1982-02-09,Date,attribute table,RL,attribute table,0.71,attribute table:Pixel_Er,,2.43,attribute table:Georef_ER,,3,attribute table:CPS,0.97,2.711069899504622,READY,
Auckland,OmokoritoBay,OmokoritoBay_09FEB1982.shp,Z:\Retrolens\Auckland\OmokoritoBay\Shorelines\OmokoritoBay_09FEB1982.shp,12,1982-02-09,Date,attribute table,RL,attribute table,0.71,attribute table:Pixel_Er,,2.43,attribute table:Georef_ER,,3,attribute table:CPS,0.97,2.711069899504622,READY,
Auckland,OmokoritoBay,OmokoritoBay_09FEB1982.shp,Z:\Retrolens\Auckland\OmokoritoBay\Shorelines\OmokoritoBay_09FEB1982.shp,13,1982-02-09,Date,attribute table,RL,attribute table,0.71,attribute table:Pixel_Er,,2.43,attribute table:Georef_ER,,4,attribute table:CPS,2.07,3.2701529016240203,READY,
Auckland,OmokoritoBay,OmokoritoBay_09FEB1982.shp,Z:\Retrolens\Auckland\OmokoritoBay\Shorelines\OmokoritoBay_09FEB1982.shp,14,1982-02-09,Date,attribute table,RL,attribute table,0.71,attribute table:Pixel_Er,,2.43,attribute table:Georef_ER,,3,attribute table:CPS,0.97,2.711069899504622,READY,
Auckland,OmokoritoBay,OmokoritoBay_09FEB1982.shp,Z:\Retrolens\Auckland\OmokoritoBay\Shorelines\OmokoritoBay_09FEB1982.shp,15,1982-02-09,Date,attribute table,RL,attribute table,0.71,attribute table:Pixel_Er,,2.43,attribute table:Georef_ER,,3,attribute table:CPS,0.97,2.711069899504622,READY,
Auckland,OmokoritoBay,OmokoritoBay_09FEB1982.shp,Z:\Retrolens\Auckland\OmokoritoBay\Shorelines\OmokoritoBay_09FEB1982.shp,16,1982-02-09,Date,attribute table,RL,attribute table,0.71,attribute table:Pixel_Er,,2.43,attribute table:Georef_ER,,4,attribute table:CPS,2.07,3.2701529016240203,READY,
Auckland,OmokoritoBay,OmokoritoBay_09FEB1982.shp,Z:\Retrolens\Auckland\OmokoritoBay\Shorelines\OmokoritoBay_09FEB1982.shp,17,1982-02-09,Date,attribute table,RL,attribute table,0.71,attribute table:Pixel_Er,,2.43,attribute table:Georef_ER,,4,attribute table:CPS,2.07,3.2701529016240203,READY,
Auckland,OmokoritoBay,OmokoritoBay_09FEB1982.shp,Z:\Retrolens\Auckland\OmokoritoBay\Shorelines\OmokoritoBay_09FEB1982.shp,18,1982-02-09,Date,attribute table,RL,attribute table,0.71,attribute table:Pixel_Er,,2.43,attribute table:Georef_ER,,3,attribute table:CPS,0.97,2.711069899504622,READY,
Auckland,OmokoritoBay,OmokoritoBay_09FEB1982.shp,Z:\Retrolens\Auckland\OmokoritoBay\Shorelines\OmokoritoBay_09FEB1982.shp,19,1982-02-09,Date,attribute table,RL,attribute table,0.71,attribute table:Pixel_Er,,2.43,attribute table:Georef_ER,,3,attribute table:CPS,0.97,2.711069899504622,READY,
Auckland,OmokoritoBay,OmokoritoBay_28SEP1968.shp,Z:\Retrolens\Auckland\OmokoritoBay\Shorelines\OmokoritoBay_28SEP1968.shp,0,1968-09-28,Date,attribute table,RL,attribute table,1.81,attribute table:Pixel_Er,,2.9,attribute table:Georef_ER,,3,attribute table:CPS,0.97,3.553449028760649,READY,
Auckland,OmokoritoBay,OmokoritoBay_28SEP1968.shp,Z:\Retrolens\Auckland\OmokoritoBay\Shorelines\OmokoritoBay_28SEP1968.shp,1,1968-09-28,Date,attribute table,RL,attribute table,1.81,attribute table:Pixel_Er,,2.9,attribute table:Georef_ER,,3,attribute table:CPS,0.97,3.553449028760649,READY,
Auckland,OmokoritoBay,OmokoritoBay_28SEP1968.shp,Z:\Retrolens\Auckland\OmokoritoBay\Shorelines\OmokoritoBay_28SEP1968.shp,2,1968-09-28,Date,attribute table,RL,attribute table,1.81,attribute table:Pixel_Er,,2.9,attribute table:Georef_ER,,3,attribute table:CPS,0.97,3.553449028760649,READY,
Auckland,OmokoritoBay,OmokoritoBay_28SEP1968.shp,Z:\Retrolens\Auckland\OmokoritoBay\Shorelines\OmokoritoBay_28SEP1968.shp,3,1968-09-28,Date,attribute table,RL,attribute table,1.81,attribute table:Pixel_Er,,2.9,attribute table:Georef_ER,,3,attribute table:CPS,0.97,3.553449028760649,READY,
Auckland,OmokoritoBay,OmokoritoBay_28SEP1968.shp,Z:\Retrolens\Auckland\OmokoritoBay\Shorelines\OmokoritoBay_28SEP1968.shp,4,1968-09-28,Date,attribute table,RL,attribute table,1.81,attribute table:Pixel_Er,,2.9,attribute table:Georef_ER,,3,attribute table:CPS,0.97,3.553449028760649,READY,
Auckland,OmokoritoBay,OmokoritoBay_28SEP1968.shp,Z:\Retrolens\Auckland\OmokoritoBay\Shorelines\OmokoritoBay_28SEP1968.shp,5,1968-09-28,Date,attribute table,RL,attribute table,1.81,attribute table:Pixel_Er,,2.9,attribute table:Georef_ER,,3,attribute table:CPS,0.97,3.553449028760649,READY,
Auckland,OmokoritoBay,OmokoritoBay_28SEP1968.shp,Z:\Retrolens\Auckland\OmokoritoBay\Shorelines\OmokoritoBay_28SEP1968.shp,6,1968-09-28,Date,attribute table,RL,attribute table,1.81,attribute table:Pixel_Er,,2.9,attribute table:Georef_ER,,3,attribute table:CPS,0.97,3.553449028760649,READY,
Auckland,OmokoritoBay,OmokoritoBay_28SEP1968.shp,Z:\Retrolens\Auckland\OmokoritoBay\Shorelines\OmokoritoBay_28SEP1968.shp,7,1968-09-28,Date,attribute table,RL,attribute table,1.81,attribute table:Pixel_Er,,2.9,attribute table:Georef_ER,,3,attribute table:CPS,0.97,3.553449028760649,READY,
Auckland,OmokoritoBay,OmokoritoBay_28SEP1968.shp,Z:\Retrolens\Auckland\OmokoritoBay\Shorelines\OmokoritoBay_28SEP1968.shp,8,1968-09-28,Date,attribute table,RL,attribute table,1.81,attribute table:Pixel_Er,,2.9,attribute table:Georef_ER,,3,attribute table:CPS,0.97,3.553449028760649,READY,
Auckland,OmokoritoBay,OmokoritoBay_28SEP1968.shp,Z:\Retrolens\Auckland\OmokoritoBay\Shorelines\OmokoritoBay_28SEP1968.shp,9,1968-09-28,Date,attribute table,RL,attribute table,1.81,attribute table:Pixel_Er,,2.9,attribute table:Georef_ER,,3,attribute table:CPS,0.97,3.553449028760649,READY,
Auckland,OmokoritoBay,OmokoritoBay_28SEP1968.shp,Z:\Retrolens\Auckland\OmokoritoBay\Shorelines\OmokoritoBay_28SEP1968.shp,10,1968-09-28,Date,attribute table,RL,attribute table,1.81,attribute table:Pixel_Er,,2.9,attribute table:Georef_ER,,3,attribute table:CPS,0.97,3.553449028760649,READY,
Auckland,OmokoritoBay,OmokoritoBay_28SEP1968.shp,Z:\Retrolens\Auckland\OmokoritoBay\Shorelines\OmokoritoBay_28SEP1968.shp,11,1968-09-28,Date,attribute table,RL,attribute table,1.81,attribute table:Pixel_Er,,2.9,attribute table:Georef_ER,,3,attribute table:CPS,0.97,3.553449028760649,READY,
Auckland,OmokoritoBay,OmokoritoBay_28SEP1968.shp,Z:\Retrolens\Auckland\OmokoritoBay\Shorelines\OmokoritoBay_28SEP1968.shp,12,1968-09-28,Date,attribute table,RL,attribute table,1.81,attribute table:Pixel_Er,,2.9,attribute table:Georef_ER,,3,attribute table:CPS,0.97,3.553449028760649,READY,
Auckland,OmokoritoBay,OmokoritoBay_28SEP1968.shp,Z:\Retrolens\Auckland\OmokoritoBay\Shorelines\OmokoritoBay_28SEP1968.shp,13,1968-09-28,Date,attribute table,RL,attribute table,1.81,attribute table:Pixel_Er,,2.9,attribute table:Georef_ER,,3,attribute table:CPS,0.97,3.553449028760649,READY,
Auckland,OmokoritoBay,OmokoritoBay_28SEP1968.shp,Z:\Retrolens\Auckland\OmokoritoBay\Shorelines\OmokoritoBay_28SEP1968.shp,14,1968-09-28,Date,attribute table,RL,attribute table,1.81,attribute table:Pixel_Er,,2.9,attribute table:Georef_ER,,2,attribute table:CPS,0.73,3.49556862327147,READY,
Auckland,OrongoPoint,OrongoPoint_29JUN2011.shp,Z:\Retrolens\Auckland\OrongoPoint\Shorelines\OrongoPoint_29JUN2011.shp,0,2011-06-29,Date,attribute table,LDS,attribute table,0.5,attribute table:Pixel_Er,,0.0,attribute table:Georef_ER,,3,attribute table:CPS,0.97,1.091283647820309,READY,
Auckland,OrongoPoint,OrongoPoint_29JUN2011.shp,Z:\Retrolens\Auckland\OrongoPoint\Shorelines\OrongoPoint_29JUN2011.shp,1,2011-06-29,Date,attribute table,LDS,attribute table,0.5,attribute table:Pixel_Er,,0.0,attribute table:Georef_ER,,3,attribute table:CPS,0.97,1.091283647820309,READY,
Auckland,OrongoPoint,OrongoPoint_29JUN2011.shp,Z:\Retrolens\Auckland\OrongoPoint\Shorelines\OrongoPoint_29JUN2011.shp,2,2011-06-29,Date,attribute table,LDS,attribute table,0.5,attribute table:Pixel_Er,,0.0,attribute table:Georef_ER,,3,attribute table:CPS,0.97,1.091283647820309,READY,
Auckland,OrongoPoint,OrongoPoint_29JUN2011.shp,Z:\Retrolens\Auckland\OrongoPoint\Shorelines\OrongoPoint_29JUN2011.shp,3,2011-06-29,Date,attribute table,LDS,attribute table,0.5,attribute table:Pixel_Er,,0.0,attribute table:Georef_ER,,3,attribute table:CPS,0.97,1.091283647820309,READY,
Auckland,OrongoPoint,OrongoPoint_29JUN2011.shp,Z:\Retrolens\Auckland\OrongoPoint\Shorelines\OrongoPoint_29JUN2011.shp,4,2011-06-29,Date,attribute table,LDS,attribute table,0.5,attribute table:Pixel_Er,,0.0,attribute table:Georef_ER,,3,attribute table:CPS,0.97,1.091283647820309,READY,
Auckland,OrongoPoint,OrongoPoint_29JUN2011.shp,Z:\Retrolens\Auckland\OrongoPoint\Shorelines\OrongoPoint_29JUN2011.shp,5,2011-06-29,Date,attribute table,LDS,attribute table,0.5,attribute table:Pixel_Er,,0.0,attribute table:Georef_ER,,3,attribute table:CPS,0.97,1.091283647820309,READY,
Auckland,OrongoPoint,OrongoPoint_29JUN2011.shp,Z:\Retrolens\Auckland\OrongoPoint\Shorelines\OrongoPoint_29JUN2011.shp,6,2011-06-29,Date,attribute table,LDS,attribute table,0.5,attribute table:Pixel_Er,,0.0,attribute table:Georef_ER,,3,attribute table:CPS,0.97,1.091283647820309,READY,
Auckland,OrongoPoint,OrongoPoint_29JUN2011.shp,Z:\Retrolens\Auckland\OrongoPoint\Shorelines\OrongoPoint_29JUN2011.shp,7,2011-06-29,Date,attribute table,LDS,attribute table,0.5,attribute table:Pixel_Er,,0.0,attribute table:Georef_ER,,3,attribute table:CPS,0.97,1.091283647820309,READY,
Auckland,OrongoPoint,OrongoPoint_29JUN2011.shp,Z:\Retrolens\Auckland\OrongoPoint\Shorelines\OrongoPoint_29JUN2011.shp,8,2011-06-29,Date,attribute table,LDS,attribute table,0.5,attribute table:Pixel_Er,,0.0,attribute table:Georef_ER,,3,attribute table:CPS,0.97,1.091283647820309,READY,
Auckland,OrongoPoint,OrongoPoint_29JUN2011.shp,Z:\Retrolens\Auckland\OrongoPoint\Shorelines\OrongoPoint_29JUN2011.shp,9,2011-06-29,Date,attribute table,LDS,attribute table,0.5,attribute table:Pixel_Er,,0.0,attribute table:Georef_ER,,3,attribute table:CPS,0.97,1.091283647820309,READY,
Auckland,OrongoPoint,OrongoPoint_17JAN2022.shp,Z:\Retrolens\Auckland\OrongoPoint\Shorelines\OrongoPoint_17JAN2022.shp,0,2022-01-17,Date,attribute table,LDS,attribute table,0.075,attribute table:Pixel_Er,,0.0,attribute table:Georef_ER,,2,attribute table:CPS,0.73,0.7338426261808454,READY,
Auckland,OrongoPoint,OrongoPoint_17JAN2022.shp,Z:\Retrolens\Auckland\OrongoPoint\Shorelines\OrongoPoint_17JAN2022.shp,1,2022-01-17,Date,attribute table,LDS,attribute table,0.075,attribute table:Pixel_Er,,0.0,attribute table:Georef_ER,,2,attribute table:CPS,0.73,0.7338426261808454,READY,
Auckland,OrongoPoint,OrongoPoint_17JAN2022.shp,Z:\Retrolens\Auckland\OrongoPoint\Shorelines\OrongoPoint_17JAN2022.shp,2,2022-01-17,Date,attribute table,LDS,attribute table,0.075,attribute table:Pixel_Er,,0.0,attribute table:Georef_ER,,2,attribute table:CPS,0.73,0.7338426261808454,READY,
Auckland,OrongoPoint,OrongoPoint_17JAN2022.shp,Z:\Retrolens\Auckland\OrongoPoint\Shorelines\OrongoPoint_17JAN2022.shp,3,2022-01-17,Date,attribute table,LDS,attribute table,0.075,attribute table:Pixel_Er,,0.0,attribute table:Georef_ER,,2,attribute table:CPS,0.73,0.7338426261808454,READY,
Auckland,OrongoPoint,OrongoPoint_17JAN2022.shp,Z:\Retrolens\Auckland\OrongoPoint\Shorelines\OrongoPoint_17JAN2022.shp,4,2022-01-17,Date,attribute table,LDS,attribute table,0.075,attribute table:Pixel_Er,,0.0,attribute table:Georef_ER,,2,attribute table:CPS,0.73,0.7338426261808454,READY,
Auckland,OrongoPoint,OrongoPoint_17JAN2022.shp,Z:\Retrolens\Auckland\OrongoPoint\Shorelines\OrongoPoint_17JAN2022.shp,5,2022-01-17,Date,attribute table,LDS,attribute table,0.075,attribute table:Pixel_Er,,0.0,attribute table:Georef_ER,,2,attribute table:CPS,0.73,0.7338426261808454,READY,
Auckland,OrongoPoint,OrongoPoint_17JAN2022.shp,Z:\Retrolens\Auckland\OrongoPoint\Shorelines\OrongoPoint_17JAN2022.shp,6,2022-01-17,Date,attribute table,LDS,attribute table,0.075,attribute table:Pixel_Er,,0.0,attribute table:Georef_ER,,3,attribute table:CPS,0.97,0.9728951639308318,READY,
Auckland,OrongoPoint,OrongoPoint_17JAN2022.shp,Z:\Retrolens\Auckland\OrongoPoint\Shorelines\OrongoPoint_17JAN2022.shp,7,2022-01-17,Date,attribute table,LDS,attribute table,0.075,attribute table:Pixel_Er,,0.0,attribute table:Georef_ER,,3,attribute table:CPS,0.97,0.9728951639308318,READY,
Auckland,OrongoPoint,OrongoPoint_02SEP1982.shp,Z:\Retrolens\Auckland\OrongoPoint\Shorelines\OrongoPoint_02SEP1982.shp,0,1982-09-02,Date,attribute table,RL,attribute table,0.75,attribute table:Pixel_Er,,2.43,attribute table:Georef_ER,,3,attribute table:CPS,0.97,2.721819244549498,READY,
Auckland,OrongoPoint,OrongoPoint_02SEP1982.shp,Z:\Retrolens\Auckland\OrongoPoint\Shorelines\OrongoPoint_02SEP1982.shp,1,1982-09-02,Date,attribute table,RL,attribute table,0.75,attribute table:Pixel_Er,,2.43,attribute table:Georef_ER,,3,attribute table:CPS,0.97,2.721819244549498,READY,
Auckland,OrongoPoint,OrongoPoint_02SEP1982.shp,Z:\Retrolens\Auckland\OrongoPoint\Shorelines\OrongoPoint_02SEP1982.shp,2,1982-09-02,Date,attribute table,RL,attribute table,0.75,attribute table:Pixel_Er,,2.43,attribute table:Georef_ER,,3,attribute table:CPS,0.97,2.721819244549498,READY,
Auckland,OrongoPoint,OrongoPoint_02SEP1982.shp,Z:\Retrolens\Auckland\OrongoPoint\Shorelines\OrongoPoint_02SEP1982.shp,3,1982-09-02,Date,attribute table,RL,attribute table,0.75,attribute table:Pixel_Er,,2.43,attribute table:Georef_ER,,3,attribute table:CPS,0.97,2.721819244549498,READY,
Auckland,OrongoPoint,OrongoPoint_02SEP1982.shp,Z:\Retrolens\Auckland\OrongoPoint\Shorelines\OrongoPoint_02SEP1982.shp,4,1982-09-02,Date,attribute table,RL,attribute table,0.75,attribute table:Pixel_Er,,2.43,attribute table:Georef_ER,,3,attribute table:CPS,0.97,2.721819244549498,READY,
Auckland,OrongoPoint,OrongoPoint_02SEP1982.shp,Z:\Retrolens\Auckland\OrongoPoint\Shorelines\OrongoPoint_02SEP1982.shp,5,1982-09-02,Date,attribute table,RL,attribute table,0.75,attribute table:Pixel_Er,,2.43,attribute table:Georef_ER,,3,attribute table:CPS,0.97,2.721819244549498,READY,
Auckland,OrongoPoint,OrongoPoint_14OCT1966.shp,Z:\Retrolens\Auckland\OrongoPoint\Shorelines\OrongoPoint_14OCT1966.shp,0,1966-10-14,Date,attribute table,RL,attribute table,1.89,attribute table:Pixel_Er,,2.9,attribute table:Georef_ER,,2,attribute table:CPS,0.73,3.5376545902617456,READY,
Auckland,OrongoPoint,OrongoPoint_14OCT1966.shp,Z:\Retrolens\Auckland\OrongoPoint\Shorelines\OrongoPoint_14OCT1966.shp,1,1966-10-14,Date,attribute table,RL,attribute table,1.89,attribute table:Pixel_Er,,2.9,attribute table:Georef_ER,,2,attribute table:CPS,0.73,3.5376545902617456,READY,
Auckland,OrongoPoint,OrongoPoint_14OCT1966.shp,Z:\Retrolens\Auckland\OrongoPoint\Shorelines\OrongoPoint_14OCT1966.shp,2,1966-10-14,Date,attribute table,RL,attribute table,1.89,attribute table:Pixel_Er,,2.9,attribute table:Georef_ER,,2,attribute table:CPS,0.73,3.5376545902617456,READY,
Auckland,OrongoPoint,OrongoPoint_14OCT1966.shp,Z:\Retrolens\Auckland\OrongoPoint\Shorelines\OrongoPoint_14OCT1966.shp,3,1966-10-14,Date,attribute table,RL,attribute table,1.89,attribute table:Pixel_Er,,2.9,attribute table:Georef_ER,,2,attribute table:CPS,0.73,3.5376545902617456,READY,
Auckland,OrongoPoint,OrongoPoint_14OCT1966.shp,Z:\Retrolens\Auckland\OrongoPoint\Shorelines\OrongoPoint_14OCT1966.shp,4,1966-10-14,Date,attribute table,RL,attribute table,1.89,attribute table:Pixel_Er,,2.9,attribute table:Georef_ER,,2,attribute table:CPS,0.73,3.5376545902617456,READY,
Auckland,OrongoPoint,OrongoPoint_14OCT1966.shp,Z:\Retrolens\Auckland\OrongoPoint\Shorelines\OrongoPoint_14OCT1966.shp,5,1966-10-14,Date,attribute table,RL,attribute table,1.89,attribute table:Pixel_Er,,2.9,attribute table:Georef_ER,,2,attribute table:CPS,0.73,3.5376545902617456,READY,
Auckland,OrongoPoint,OrongoPoint_14OCT1966.shp,Z:\Retrolens\Auckland\OrongoPoint\Shorelines\OrongoPoint_14OCT1966.shp,6,1966-10-14,Date,attribute table,RL,attribute table,1.89,attribute table:Pixel_Er,,2.9,attribute table:Georef_ER,,2,attribute table:CPS,0.73,3.5376545902617456,READY,
Auckland,OrongoPoint,OrongoPoint_14OCT1966.shp,Z:\Retrolens\Auckland\OrongoPoint\Shorelines\OrongoPoint_14OCT1966.shp,7,1966-10-14,Date,attribute table,RL,attribute table,1.89,attribute table:Pixel_Er,,2.9,attribute table:Georef_ER,,2,attribute table:CPS,0.73,3.5376545902617456,READY,
Auckland,OrongoPoint,OrongoPoint_16DEC1976.shp,Z:\Retrolens\Auckland\OrongoPoint\Shorelines\OrongoPoint_16DEC1976.shp,0,1976-12-16,Date,attribute table,RL,attribute table,1.36,attribute table:Pixel_Er,,2.9,attribute table:Georef_ER,,3,attribute table:CPS,0.97,3.3467148070906787,READY,
Auckland,OrongoPoint,OrongoPoint_16DEC1976.shp,Z:\Retrolens\Auckland\OrongoPoint\Shorelines\OrongoPoint_16DEC1976.shp,1,1976-12-16,Date,attribute table,RL,attribute table,1.36,attribute table:Pixel_Er,,2.9,attribute table:Georef_ER,,3,attribute table:CPS,0.97,3.3467148070906787,READY,
Auckland,OrongoPoint,OrongoPoint_16DEC1976.shp,Z:\Retrolens\Auckland\OrongoPoint\Shorelines\OrongoPoint_16DEC1976.shp,2,1976-12-16,Date,attribute table,RL,attribute table,1.36,attribute table:Pixel_Er,,2.9,attribute table:Georef_ER,,3,attribute table:CPS,0.97,3.3467148070906787,READY,
Auckland,OrongoPoint,OrongoPoint_16DEC1976.shp,Z:\Retrolens\Auckland\OrongoPoint\Shorelines\OrongoPoint_16DEC1976.shp,3,1976-12-16,Date,attribute table,RL,attribute table,1.36,attribute table:Pixel_Er,,2.9,attribute table:Georef_ER,,3,attribute table:CPS,0.97,3.3467148070906787,READY,
Auckland,OrongoPoint,OrongoPoint_16DEC1976.shp,Z:\Retrolens\Auckland\OrongoPoint\Shorelines\OrongoPoint_16DEC1976.shp,4,1976-12-16,Date,attribute table,RL,attribute table,1.36,attribute table:Pixel_Er,,2.9,attribute table:Georef_ER,,3,attribute table:CPS,0.97,3.3467148070906787,READY,
Auckland,OrongoPoint,OrongoPoint_16DEC1976.shp,Z:\Retrolens\Auckland\OrongoPoint\Shorelines\OrongoPoint_16DEC1976.shp,5,1976-12-16,Date,attribute table,RL,attribute table,1.36,attribute table:Pixel_Er,,2.9,attribute table:Georef_ER,,3,attribute table:CPS,0.97,3.3467148070906787,READY,
Auckland,OrongoPoint,OrongoPoint_16DEC1976.shp,Z:\Retrolens\Auckland\OrongoPoint\Shorelines\OrongoPoint_16DEC1976.shp,6,1976-12-16,Date,attribute table,RL,attribute table,1.36,attribute table:Pixel_Er,,2.9,attribute table:Georef_ER,,3,attribute table:CPS,0.97,3.3467148070906787,READY,
Auckland,OrongoPoint,OrongoPoint_16DEC1976.shp,Z:\Retrolens\Auckland\OrongoPoint\Shorelines\OrongoPoint_16DEC1976.shp,7,1976-12-16,Date,attribute table,RL,attribute table,1.36,attribute table:Pixel_Er,,2.9,attribute table:Georef_ER,,3,attribute table:CPS,0.97,3.3467148070906787,READY,
Auckland,OrongoPoint,OrongoPoint_29FEB1992.shp,Z:\Retrolens\Auckland\OrongoPoint\Shorelines\OrongoPoint_29FEB1992.shp,0,1992-02-29,Date,attribute table,RL,attribute table,0.75,attribute table:Pixel_Er,,2.43,attribute table:Georef_ER,,3,attribute table:CPS,0.97,2.721819244549498,READY,
Auckland,OrongoPoint,OrongoPoint_29FEB1992.shp,Z:\Retrolens\Auckland\OrongoPoint\Shorelines\OrongoPoint_29FEB1992.shp,1,1992-02-29,Date,attribute table,RL,attribute table,0.75,attribute table:Pixel_Er,,2.43,attribute table:Georef_ER,,3,attribute table:CPS,0.97,2.721819244549498,READY,
Auckland,OrongoPoint,OrongoPoint_29FEB1992.shp,Z:\Retrolens\Auckland\OrongoPoint\Shorelines\OrongoPoint_29FEB1992.shp,2,1992-02-29,Date,attribute table,RL,attribute table,0.75,attribute table:Pixel_Er,,2.43,attribute table:Georef_ER,,3,attribute table:CPS,0.97,2.721819244549498,READY,
Auckland,OrongoPoint,OrongoPoint_29FEB1992.shp,Z:\Retrolens\Auckland\OrongoPoint\Shorelines\OrongoPoint_29FEB1992.shp,3,1992-02-29,Date,attribute table,RL,attribute table,0.75,attribute table:Pixel_Er,,2.43,attribute table:Georef_ER,,3,attribute table:CPS,0.97,2.721819244549498,READY,
Auckland,OrongoPoint,OrongoPoint_04DEC1973.shp,Z:\Retrolens\Auckland\OrongoPoint\Shorelines\OrongoPoint_04DEC1973.shp,0,1973-12-04,Date,attribute table,RL,attribute table,0.8,attribute table:Pixel_Er,,2.43,attribute table:Georef_ER,,2,attribute table:CPS,0.73,2.6604135016948023,READY,
Auckland,OrongoPoint,OrongoPoint_04DEC1973.shp,Z:\Retrolens\Auckland\OrongoPoint\Shorelines\OrongoPoint_04DEC1973.shp,1,1973-12-04,Date,attribute table,RL,attribute table,0.8,attribute table:Pixel_Er,,2.43,attribute table:Georef_ER,,2,attribute table:CPS,0.73,2.6604135016948023,READY,
Auckland,OrongoPoint,OrongoPoint_04DEC1973.shp,Z:\Retrolens\Auckland\OrongoPoint\Shorelines\OrongoPoint_04DEC1973.shp,2,1973-12-04,Date,attribute table,RL,attribute table,0.8,attribute table:Pixel_Er,,2.43,attribute table:Georef_ER,,2,attribute table:CPS,0.73,2.6604135016948023,READY,
Auckland,OrongoPoint,OrongoPoint_04DEC1973.shp,Z:\Retrolens\Auckland\OrongoPoint\Shorelines\OrongoPoint_04DEC1973.shp,3,1973-12-04,Date,attribute table,RL,attribute table,0.8,attribute table:Pixel_Er,,2.43,attribute table:Georef_ER,,2,attribute table:CPS,0.73,2.6604135016948023,READY,
Auckland,PollenIsland,PollenIsland_shoreline.shp,Z:\Retrolens\Auckland\PollenIsland\Shorelines\PollenIsland_shoreline.shp,0,1955-09-09,DSAS_Date,attribute table,RL,attribute table,0.500231136407934,gml-sidecar:stack-exact-date:1955-09-09:PollenIsland_1955Sep09.jp2,Z:\Retrolens\Auckland\PollenIsland\Stack\PollenIsland_1955Sep09.jp2,2.09,attribute table:Georef_ER,,1,defaulted to CPS=1,0.43,2.1916275207781024,READY,
Auckland,PollenIsland,PollenIsland_shoreline.shp,Z:\Retrolens\Auckland\PollenIsland\Shorelines\PollenIsland_shoreline.shp,1,1955-09-09,DSAS_Date,attribute table,RL,attribute table,0.500231136407934,gml-sidecar:stack-exact-date:1955-09-09:PollenIsland_1955Sep09.jp2,Z:\Retrolens\Auckland\PollenIsland\Stack\PollenIsland_1955Sep09.jp2,2.09,attribute table:Georef_ER,,1,defaulted to CPS=1,0.43,2.1916275207781024,READY,
Auckland,PollenIsland,PollenIsland_shoreline.shp,Z:\Retrolens\Auckland\PollenIsland\Shorelines\PollenIsland_shoreline.shp,2,1955-09-09,DSAS_Date,attribute table,RL,attribute table,0.500231136407934,gml-sidecar:stack-exact-date:1955-09-09:PollenIsland_1955Sep09.jp2,Z:\Retrolens\Auckland\PollenIsland\Stack\PollenIsland_1955Sep09.jp2,2.09,attribute table:Georef_ER,,1,defaulted to CPS=1,0.43,2.1916275207781024,READY,
Auckland,PollenIsland,PollenIsland_shoreline.shp,Z:\Retrolens\Auckland\PollenIsland\Shorelines\PollenIsland_shoreline.shp,3,1955-09-09,DSAS_Date,attribute table,RL,attribute table,0.500231136407934,gml-sidecar:stack-exact-date:1955-09-09:PollenIsland_1955Sep09.jp2,Z:\Retrolens\Auckland\PollenIsland\Stack\PollenIsland_1955Sep09.jp2,2.09,attribute table:Georef_ER,,1,defaulted to CPS=1,0.43,2.1916275207781024,READY,
Auckland,PollenIsland,PollenIsland_shoreline.shp,Z:\Retrolens\Auckland\PollenIsland\Shorelines\PollenIsland_shoreline.shp,4,1955-09-09,DSAS_Date,attribute table,RL,attribute table,0.500231136407934,gml-sidecar:stack-exact-date:1955-09-09:PollenIsland_1955Sep09.jp2,Z:\Retrolens\Auckland\PollenIsland\Stack\PollenIsland_1955Sep09.jp2,2.09,attribute table:Georef_ER,,1,defaulted to CPS=1,0.43,2.1916275207781024,READY,
Auckland,PollenIsland,PollenIsland_shoreline.shp,Z:\Retrolens\Auckland\PollenIsland\Shorelines\PollenIsland_shoreline.shp,5,1955-09-09,DSAS_Date,attribute table,RL,attribute table,0.500231136407934,gml-sidecar:stack-exact-date:1955-09-09:PollenIsland_1955Sep09.jp2,Z:\Retrolens\Auckland\PollenIsland\Stack\PollenIsland_1955Sep09.jp2,2.09,attribute table:Georef_ER,,1,defaulted to CPS=1,0.43,2.1916275207781024,READY,
Auckland,PollenIsland,PollenIsland_shoreline.shp,Z:\Retrolens\Auckland\PollenIsland\Shorelines\PollenIsland_shoreline.shp,6,1955-09-09,DSAS_Date,attribute table,RL,attribute table,0.500231136407934,gml-sidecar:stack-exact-date:1955-09-09:PollenIsland_1955Sep09.jp2,Z:\Retrolens\Auckland\PollenIsland\Stack\PollenIsland_1955Sep09.jp2,2.09,attribute table:Georef_ER,,1,defaulted to CPS=1,0.43,2.1916275207781024,READY,
Auckland,PollenIsland,PollenIsland_shoreline.shp,Z:\Retrolens\Auckland\PollenIsland\Shorelines\PollenIsland_shoreline.shp,7,1955-09-09,DSAS_Date,attribute table,RL,attribute table,0.500231136407934,gml-sidecar:stack-exact-date:1955-09-09:PollenIsland_1955Sep09.jp2,Z:\Retrolens\Auckland\PollenIsland\Stack\PollenIsland_1955Sep09.jp2,2.09,attribute table:Georef_ER,,1,defaulted to CPS=1,0.43,2.1916275207781024,READY,
Auckland,PollenIsland,PollenIsland_shoreline.shp,Z:\Retrolens\Auckland\PollenIsland\Shorelines\PollenIsland_shoreline.shp,8,1955-09-09,DSAS_Date,attribute table,RL,attribute table,0.500231136407934,gml-sidecar:stack-exact-date:1955-09-09:PollenIsland_1955Sep09.jp2,Z:\Retrolens\Auckland\PollenIsland\Stack\PollenIsland_1955Sep09.jp2,2.09,attribute table:Georef_ER,,1,defaulted to CPS=1,0.43,2.1916275207781024,READY,
Auckland,PollenIsland,PollenIsland_shoreline.shp,Z:\Retrolens\Auckland\PollenIsland\Shorelines\PollenIsland_shoreline.shp,9,1955-09-09,DSAS_Date,attribute table,RL,attribute table,0.500231136407934,gml-sidecar:stack-exact-date:1955-09-09:PollenIsland_1955Sep09.jp2,Z:\Retrolens\Auckland\PollenIsland\Stack\PollenIsland_1955Sep09.jp2,2.09,attribute table:Georef_ER,,1,defaulted to CPS=1,0.43,2.1916275207781024,READY,
Auckland,PollenIsland,PollenIsland_shoreline.shp,Z:\Retrolens\Auckland\PollenIsland\Shorelines\PollenIsland_shoreline.shp,10,1955-09-09,DSAS_Date,attribute table,RL,attribute table,0.500231136407934,gml-sidecar:stack-exact-date:1955-09-09:PollenIsland_1955Sep09.jp2,Z:\Retrolens\Auckland\PollenIsland\Stack\PollenIsland_1955Sep09.jp2,2.09,attribute table:Georef_ER,,1,defaulted to CPS=1,0.43,2.1916275207781024,READY,
Auckland,PollenIsland,PollenIsland_shoreline.shp,Z:\Retrolens\Auckland\PollenIsland\Shorelines\PollenIsland_shoreline.shp,11,1955-09-09,DSAS_Date,attribute table,RL,attribute table,0.500231136407934,gml-sidecar:stack-exact-date:1955-09-09:PollenIsland_1955Sep09.jp2,Z:\Retrolens\Auckland\PollenIsland\Stack\PollenIsland_1955Sep09.jp2,2.09,attribute table:Georef_ER,,1,defaulted to CPS=1,0.43,2.1916275207781024,READY,
Auckland,PollenIsland,PollenIsland_shoreline.shp,Z:\Retrolens\Auckland\PollenIsland\Shorelines\PollenIsland_shoreline.shp,12,1955-09-09,DSAS_Date,attribute table,RL,attribute table,0.500231136407934,gml-sidecar:stack-exact-date:1955-09-09:PollenIsland_1955Sep09.jp2,Z:\Retrolens\Auckland\PollenIsland\Stack\PollenIsland_1955Sep09.jp2,2.09,attribute table:Georef_ER,,1,defaulted to CPS=1,0.43,2.1916275207781024,READY,
Auckland,PollenIsland,PollenIsland_shoreline.shp,Z:\Retrolens\Auckland\PollenIsland\Shorelines\PollenIsland_shoreline.shp,13,1955-09-09,DSAS_Date,attribute table,RL,attribute table,0.500231136407934,gml-sidecar:stack-exact-date:1955-09-09:PollenIsland_1955Sep09.jp2,Z:\Retrolens\Auckland\PollenIsland\Stack\PollenIsland_1955Sep09.jp2,2.09,attribute table:Georef_ER,,1,defaulted to CPS=1,0.43,2.1916275207781024,READY,
Auckland,PollenIsland,PollenIsland_shoreline.shp,Z:\Retrolens\Auckland\PollenIsland\Shorelines\PollenIsland_shoreline.shp,14,1955-09-09,DSAS_Date,attribute table,RL,attribute table,0.500231136407934,gml-sidecar:stack-exact-date:1955-09-09:PollenIsland_1955Sep09.jp2,Z:\Retrolens\Auckland\PollenIsland\Stack\PollenIsland_1955Sep09.jp2,2.09,attribute table:Georef_ER,,1,defaulted to CPS=1,0.43,2.1916275207781024,READY,
Auckland,PollenIsland,PollenIsland_shoreline.shp,Z:\Retrolens\Auckland\PollenIsland\Shorelines\PollenIsland_shoreline.shp,15,1955-09-09,DSAS_Date,attribute table,RL,attribute table,0.500231136407934,gml-sidecar:stack-exact-date:1955-09-09:PollenIsland_1955Sep09.jp2,Z:\Retrolens\Auckland\PollenIsland\Stack\PollenIsland_1955Sep09.jp2,2.09,attribute table:Georef_ER,,1,defaulted to CPS=1,0.43,2.1916275207781024,READY,
Auckland,PollenIsland,PollenIsland_shoreline.shp,Z:\Retrolens\Auckland\PollenIsland\Shorelines\PollenIsland_shoreline.shp,16,1955-09-09,DSAS_Date,attribute table,RL,attribute table,0.500231136407934,gml-sidecar:stack-exact-date:1955-09-09:PollenIsland_1955Sep09.jp2,Z:\Retrolens\Auckland\PollenIsland\Stack\PollenIsland_1955Sep09.jp2,2.09,attribute table:Georef_ER,,1,defaulted to CPS=1,0.43,2.1916275207781024,READY,
Auckland,PollenIsland,PollenIsland_shoreline.shp,Z:\Retrolens\Auckland\PollenIsland\Shorelines\PollenIsland_shoreline.shp,17,1955-09-09,DSAS_Date,attribute table,RL,attribute table,0.500231136407934,gml-sidecar:stack-exact-date:1955-09-09:PollenIsland_1955Sep09.jp2,Z:\Retrolens\Auckland\PollenIsland\Stack\PollenIsland_1955Sep09.jp2,2.09,attribute table:Georef_ER,,1,defaulted to CPS=1,0.43,2.1916275207781024,READY,
Auckland,PollenIsland,PollenIsland_shoreline.shp,Z:\Retrolens\Auckland\PollenIsland\Shorelines\PollenIsland_shoreline.shp,18,1955-09-09,DSAS_Date,attribute table,RL,attribute table,0.500231136407934,gml-sidecar:stack-exact-date:1955-09-09:PollenIsland_1955Sep09.jp2,Z:\Retrolens\Auckland\PollenIsland\Stack\PollenIsland_1955Sep09.jp2,2.09,attribute table:Georef_ER,,1,defaulted to CPS=1,0.43,2.1916275207781024,READY,
Auckland,PollenIsland,PollenIsland_shoreline.shp,Z:\Retrolens\Auckland\PollenIsland\Shorelines\PollenIsland_shoreline.shp,19,1955-09-09,DSAS_Date,attribute table,RL,attribute table,0.500231136407934,gml-sidecar:stack-exact-date:1955-09-09:PollenIsland_1955Sep09.jp2,Z:\Retrolens\Auckland\PollenIsland\Stack\PollenIsland_1955Sep09.jp2,2.09,attribute table:Georef_ER,,1,defaulted to CPS=1,0.43,2.1916275207781024,READY,
Auckland,PollenIsland,PollenIsland_shoreline.shp,Z:\Retrolens\Auckland\PollenIsland\Shorelines\PollenIsland_shoreline.shp,20,1955-09-09,DSAS_Date,attribute table,RL,attribute table,0.500231136407934,gml-sidecar:stack-exact-date:1955-09-09:PollenIsland_1955Sep09.jp2,Z:\Retrolens\Auckland\PollenIsland\Stack\PollenIsland_1955Sep09.jp2,2.09,attribute table:Georef_ER,,1,defaulted to CPS=1,0.43,2.1916275207781024,READY,
Auckland,PollenIsland,PollenIsland_shoreline.shp,Z:\Retrolens\Auckland\PollenIsland\Shorelines\PollenIsland_shoreline.shp,21,1955-09-09,DSAS_Date,attribute table,RL,attribute table,0.500231136407934,gml-sidecar:stack-exact-date:1955-09-09:PollenIsland_1955Sep09.jp2,Z:\Retrolens\Auckland\PollenIsland\Stack\PollenIsland_1955Sep09.jp2,2.09,attribute table:Georef_ER,,1,defaulted to CPS=1,0.43,2.1916275207781024,READY,
Auckland,PollenIsland,PollenIsland_shoreline.shp,Z:\Retrolens\Auckland\PollenIsland\Shorelines\PollenIsland_shoreline.shp,22,1955-09-09,DSAS_Date,attribute table,RL,attribute table,0.500231136407934,gml-sidecar:stack-exact-date:1955-09-09:PollenIsland_1955Sep09.jp2,Z:\Retrolens\Auckland\PollenIsland\Stack\PollenIsland_1955Sep09.jp2,2.09,attribute table:Georef_ER,,1,defaulted to CPS=1,0.43,2.1916275207781024,READY,
Auckland,PollenIsland,PollenIsland_shoreline.shp,Z:\Retrolens\Auckland\PollenIsland\Shorelines\PollenIsland_shoreline.shp,23,1955-09-09,DSAS_Date,attribute table,RL,attribute table,0.500231136407934,gml-sidecar:stack-exact-date:1955-09-09:PollenIsland_1955Sep09.jp2,Z:\Retrolens\Auckland\PollenIsland\Stack\PollenIsland_1955Sep09.jp2,2.09,attribute table:Georef_ER,,1,defaulted to CPS=1,0.43,2.1916275207781024,READY,
Auckland,PollenIsland,PollenIsland_shoreline.shp,Z:\Retrolens\Auckland\PollenIsland\Shorelines\PollenIsland_shoreline.shp,24,1940-04-14,DSAS_Date,attribute table,RL,attribute table,0.516516419585533,gml-sidecar:stack-exact-date:1940-04-14:PollenIsland_1940Apr14.jp2,Z:\Retrolens\Auckland\PollenIsland\Stack\PollenIsland_1940Apr14.jp2,2.09,attribute table:Georef_ER,,1,defaulted to CPS=1,0.43,2.1954018337656223,READY,
Auckland,PollenIsland,PollenIsland_shoreline.shp,Z:\Retrolens\Auckland\PollenIsland\Shorelines\PollenIsland_shoreline.shp,25,1940-04-14,DSAS_Date,attribute table,RL,attribute table,0.516516419585533,gml-sidecar:stack-exact-date:1940-04-14:PollenIsland_1940Apr14.jp2,Z:\Retrolens\Auckland\PollenIsland\Stack\PollenIsland_1940Apr14.jp2,2.09,attribute table:Georef_ER,,1,defaulted to CPS=1,0.43,2.1954018337656223,READY,
Auckland,PollenIsland,PollenIsland_shoreline.shp,Z:\Retrolens\Auckland\PollenIsland\Shorelines\PollenIsland_shoreline.shp,26,1940-04-14,DSAS_Date,attribute table,RL,attribute table,0.516516419585533,gml-sidecar:stack-exact-date:1940-04-14:PollenIsland_1940Apr14.jp2,Z:\Retrolens\Auckland\PollenIsland\Stack\PollenIsland_1940Apr14.jp2,2.09,attribute table:Georef_ER,,1,defaulted to CPS=1,0.43,2.1954018337656223,READY,
Auckland,PollenIsland,PollenIsland_shoreline.shp,Z:\Retrolens\Auckland\PollenIsland\Shorelines\PollenIsland_shoreline.shp,27,1940-04-14,DSAS_Date,attribute table,RL,attribute table,0.516516419585533,gml-sidecar:stack-exact-date:1940-04-14:PollenIsland_1940Apr14.jp2,Z:\Retrolens\Auckland\PollenIsland\Stack\PollenIsland_1940Apr14.jp2,2.09,attribute table:Georef_ER,,1,defaulted to CPS=1,0.43,2.1954018337656223,READY,
Auckland,PollenIsland,PollenIsland_shoreline.shp,Z:\Retrolens\Auckland\PollenIsland\Shorelines\PollenIsland_shoreline.shp,28,1940-04-14,DSAS_Date,attribute table,RL,attribute table,0.516516419585533,gml-sidecar:stack-exact-date:1940-04-14:PollenIsland_1940Apr14.jp2,Z:\Retrolens\Auckland\PollenIsland\Stack\PollenIsland_1940Apr14.jp2,2.09,attribute table:Georef_ER,,1,defaulted to CPS=1,0.43,2.1954018337656223,READY,
Auckland,PollenIsland,PollenIsland_shoreline.shp,Z:\Retrolens\Auckland\PollenIsland\Shorelines\PollenIsland_shoreline.shp,29,1940-04-14,DSAS_Date,attribute table,RL,attribute table,0.516516419585533,gml-sidecar:stack-exact-date:1940-04-14:PollenIsland_1940Apr14.jp2,Z:\Retrolens\Auckland\PollenIsland\Stack\PollenIsland_1940Apr14.jp2,2.09,attribute table:Georef_ER,,1,defaulted to CPS=1,0.43,2.1954018337656223,READY,
Auckland,PollenIsland,PollenIsland_shoreline.shp,Z:\Retrolens\Auckland\PollenIsland\Shorelines\PollenIsland_shoreline.shp,30,1940-04-14,DSAS_Date,attribute table,RL,attribute table,0.516516419585533,gml-sidecar:stack-exact-date:1940-04-14:PollenIsland_1940Apr14.jp2,Z:\Retrolens\Auckland\PollenIsland\Stack\PollenIsland_1940Apr14.jp2,2.09,attribute table:Georef_ER,,1,defaulted to CPS=1,0.43,2.1954018337656223,READY,
Auckland,PollenIsland,PollenIsland_shoreline.shp,Z:\Retrolens\Auckland\PollenIsland\Shorelines\PollenIsland_shoreline.shp,31,1940-04-14,DSAS_Date,attribute table,RL,attribute table,0.516516419585533,gml-sidecar:stack-exact-date:1940-04-14:PollenIsland_1940Apr14.jp2,Z:\Retrolens\Auckland\PollenIsland\Stack\PollenIsland_1940Apr14.jp2,2.09,attribute table:Georef_ER,,1,defaulted to CPS=1,0.43,2.1954018337656223,READY,
Auckland,PollenIsland,PollenIsland_shoreline.shp,Z:\Retrolens\Auckland\PollenIsland\Shorelines\PollenIsland_shoreline.shp,32,1940-04-14,DSAS_Date,attribute table,RL,attribute table,0.516516419585533,gml-sidecar:stack-exact-date:1940-04-14:PollenIsland_1940Apr14.jp2,Z:\Retrolens\Auckland\PollenIsland\Stack\PollenIsland_1940Apr14.jp2,2.09,attribute table:Georef_ER,,1,defaulted to CPS=1,0.43,2.1954018337656223,READY,
Auckland,PollenIsland,PollenIsland_shoreline.shp,Z:\Retrolens\Auckland\PollenIsland\Shorelines\PollenIsland_shoreline.shp,33,1940-04-14,DSAS_Date,attribute table,RL,attribute table,0.516516419585533,gml-sidecar:stack-exact-date:1940-04-14:PollenIsland_1940Apr14.jp2,Z:\Retrolens\Auckland\PollenIsland\Stack\PollenIsland_1940Apr14.jp2,2.09,attribute table:Georef_ER,,1,defaulted to CPS=1,0.43,2.1954018337656223,READY,
Auckland,PollenIsland,PollenIsland_shoreline.shp,Z:\Retrolens\Auckland\PollenIsland\Shorelines\PollenIsland_shoreline.shp,34,1940-04-14,DSAS_Date,attribute table,RL,attribute table,0.516516419585533,gml-sidecar:stack-exact-date:1940-04-14:PollenIsland_1940Apr14.jp2,Z:\Retrolens\Auckland\PollenIsland\Stack\PollenIsland_1940Apr14.jp2,2.09,attribute table:Georef_ER,,1,defaulted to CPS=1,0.43,2.1954018337656223,READY,
Auckland,PollenIsland,PollenIsland_shoreline.shp,Z:\Retrolens\Auckland\PollenIsland\Shorelines\PollenIsland_shoreline.shp,35,1940-04-14,DSAS_Date,attribute table,RL,attribute table,0.516516419585533,gml-sidecar:stack-exact-date:1940-04-14:PollenIsland_1940Apr14.jp2,Z:\Retrolens\Auckland\PollenIsland\Stack\PollenIsland_1940Apr14.jp2,2.09,attribute table:Georef_ER,,1,defaulted to CPS=1,0.43,2.1954018337656223,READY,
Auckland,PollenIsland,PollenIsland_shoreline.shp,Z:\Retrolens\Auckland\PollenIsland\Shorelines\PollenIsland_shoreline.shp,36,1940-04-14,DSAS_Date,attribute table,RL,attribute table,0.516516419585533,gml-sidecar:stack-exact-date:1940-04-14:PollenIsland_1940Apr14.jp2,Z:\Retrolens\Auckland\PollenIsland\Stack\PollenIsland_1940Apr14.jp2,2.09,attribute table:Georef_ER,,1,defaulted to CPS=1,0.43,2.1954018337656223,READY,
Auckland,PollenIsland,PollenIsland_shoreline.shp,Z:\Retrolens\Auckland\PollenIsland\Shorelines\PollenIsland_shoreline.shp,37,1940-04-14,DSAS_Date,attribute table,RL,attribute table,0.516516419585533,gml-sidecar:stack-exact-date:1940-04-14:PollenIsland_1940Apr14.jp2,Z:\Retrolens\Auckland\PollenIsland\Stack\PollenIsland_1940Apr14.jp2,2.09,attribute table:Georef_ER,,1,defaulted to CPS=1,0.43,2.1954018337656223,READY,
Auckland,PollenIsland,PollenIsland_shoreline.shp,Z:\Retrolens\Auckland\PollenIsland\Shorelines\PollenIsland_shoreline.shp,38,1940-04-14,DSAS_Date,attribute table,RL,attribute table,0.516516419585533,gml-sidecar:stack-exact-date:1940-04-14:PollenIsland_1940Apr14.jp2,Z:\Retrolens\Auckland\PollenIsland\Stack\PollenIsland_1940Apr14.jp2,2.09,attribute table:Georef_ER,,1,defaulted to CPS=1,0.43,2.1954018337656223,READY,
Auckland,PollenIsland,PollenIsland_shoreline.shp,Z:\Retrolens\Auckland\PollenIsland\Shorelines\PollenIsland_shoreline.shp,39,1940-04-14,DSAS_Date,attribute table,RL,attribute table,0.516516419585533,gml-sidecar:stack-exact-date:1940-04-14:PollenIsland_1940Apr14.jp2,Z:\Retrolens\Auckland\PollenIsland\Stack\PollenIsland_1940Apr14.jp2,2.09,attribute table:Georef_ER,,1,defaulted to CPS=1,0.43,2.1954018337656223,READY,
Auckland,PollenIsland,PollenIsland_shoreline.shp,Z:\Retrolens\Auckland\PollenIsland\Shorelines\PollenIsland_shoreline.shp,40,1940-04-14,DSAS_Date,attribute table,RL,attribute table,0.516516419585533,gml-sidecar:stack-exact-date:1940-04-14:PollenIsland_1940Apr14.jp2,Z:\Retrolens\Auckland\PollenIsland\Stack\PollenIsland_1940Apr14.jp2,2.09,attribute table:Georef_ER,,1,defaulted to CPS=1,0.43,2.1954018337656223,READY,
Auckland,PollenIsland,PollenIsland_shoreline.shp,Z:\Retrolens\Auckland\PollenIsland\Shorelines\PollenIsland_shoreline.shp,41,1940-04-14,DSAS_Date,attribute table,RL,attribute table,0.516516419585533,gml-sidecar:stack-exact-date:1940-04-14:PollenIsland_1940Apr14.jp2,Z:\Retrolens\Auckland\PollenIsland\Stack\PollenIsland_1940Apr14.jp2,2.09,attribute table:Georef_ER,,1,defaulted to CPS=1,0.43,2.1954018337656223,READY,
Auckland,PollenIsland,PollenIsland_shoreline.shp,Z:\Retrolens\Auckland\PollenIsland\Shorelines\PollenIsland_shoreline.shp,42,1940-04-14,DSAS_Date,attribute table,RL,attribute table,0.516516419585533,gml-sidecar:stack-exact-date:1940-04-14:PollenIsland_1940Apr14.jp2,Z:\Retrolens\Auckland\PollenIsland\Stack\PollenIsland_1940Apr14.jp2,2.09,attribute table:Georef_ER,,1,defaulted to CPS=1,0.43,2.1954018337656223,READY,
Auckland,PollenIsland,PollenIsland_shoreline.shp,Z:\Retrolens\Auckland\PollenIsland\Shorelines\PollenIsland_shoreline.shp,43,1961-11-02,DSAS_Date,attribute table,RL,attribute table,0.43697282943354,gml-sidecar:stack-exact-date:1961-11-02:PollenIsland_1961Nov02.jp2,Z:\Retrolens\Auckland\PollenIsland\Stack\PollenIsland_1961Nov02.jp2,2.09,attribute table:Georef_ER,,1,defaulted to CPS=1,0.43,2.1780599747626677,READY,
Auckland,PollenIsland,PollenIsland_shoreline.shp,Z:\Retrolens\Auckland\PollenIsland\Shorelines\PollenIsland_shoreline.shp,44,1961-11-02,DSAS_Date,attribute table,RL,attribute table,0.43697282943354,gml-sidecar:stack-exact-date:1961-11-02:PollenIsland_1961Nov02.jp2,Z:\Retrolens\Auckland\PollenIsland\Stack\PollenIsland_1961Nov02.jp2,2.09,attribute table:Georef_ER,,1,defaulted to CPS=1,0.43,2.1780599747626677,READY,
Auckland,PollenIsland,PollenIsland_shoreline.shp,Z:\Retrolens\Auckland\PollenIsland\Shorelines\PollenIsland_shoreline.shp,45,1961-11-02,DSAS_Date,attribute table,RL,attribute table,0.43697282943354,gml-sidecar:stack-exact-date:1961-11-02:PollenIsland_1961Nov02.jp2,Z:\Retrolens\Auckland\PollenIsland\Stack\PollenIsland_1961Nov02.jp2,2.09,attribute table:Georef_ER,,1,defaulted to CPS=1,0.43,2.1780599747626677,READY,
Auckland,PollenIsland,PollenIsland_shoreline.shp,Z:\Retrolens\Auckland\PollenIsland\Shorelines\PollenIsland_shoreline.shp,46,1961-11-02,DSAS_Date,attribute table,RL,attribute table,0.43697282943354,gml-sidecar:stack-exact-date:1961-11-02:PollenIsland_1961Nov02.jp2,Z:\Retrolens\Auckland\PollenIsland\Stack\PollenIsland_1961Nov02.jp2,2.09,attribute table:Georef_ER,,1,defaulted to CPS=1,0.43,2.1780599747626677,READY,
Auckland,PollenIsland,PollenIsland_shoreline.shp,Z:\Retrolens\Auckland\PollenIsland\Shorelines\PollenIsland_shoreline.shp,47,1961-11-02,DSAS_Date,attribute table,RL,attribute table,0.43697282943354,gml-sidecar:stack-exact-date:1961-11-02:PollenIsland_1961Nov02.jp2,Z:\Retrolens\Auckland\PollenIsland\Stack\PollenIsland_1961Nov02.jp2,2.09,attribute table:Georef_ER,,1,defaulted to CPS=1,0.43,2.1780599747626677,READY,
Auckland,PollenIsland,PollenIsland_shoreline.shp,Z:\Retrolens\Auckland\PollenIsland\Shorelines\PollenIsland_shoreline.shp,48,1961-11-02,DSAS_Date,attribute table,RL,attribute table,0.43697282943354,gml-sidecar:stack-exact-date:1961-11-02:PollenIsland_1961Nov02.jp2,Z:\Retrolens\Auckland\PollenIsland\Stack\PollenIsland_1961Nov02.jp2,2.09,attribute table:Georef_ER,,1,defaulted to CPS=1,0.43,2.1780599747626677,READY,
Auckland,PollenIsland,PollenIsland_shoreline.shp,Z:\Retrolens\Auckland\PollenIsland\Shorelines\PollenIsland_shoreline.shp,49,1961-11-02,DSAS_Date,attribute table,RL,attribute table,0.43697282943354,gml-sidecar:stack-exact-date:1961-11-02:PollenIsland_1961Nov02.jp2,Z:\Retrolens\Auckland\PollenIsland\Stack\PollenIsland_1961Nov02.jp2,2.09,attribute table:Georef_ER,,1,defaulted to CPS=1,0.43,2.1780599747626677,READY,
Auckland,PollenIsland,PollenIsland_shoreline.shp,Z:\Retrolens\Auckland\PollenIsland\Shorelines\PollenIsland_shoreline.shp,50,1961-11-02,DSAS_Date,attribute table,RL,attribute table,0.43697282943354,gml-sidecar:stack-exact-date:1961-11-02:PollenIsland_1961Nov02.jp2,Z:\Retrolens\Auckland\PollenIsland\Stack\PollenIsland_1961Nov02.jp2,2.09,attribute table:Georef_ER,,1,defaulted to CPS=1,0.43,2.1780599747626677,READY,
Auckland,PollenIsland,PollenIsland_shoreline.shp,Z:\Retrolens\Auckland\PollenIsland\Shorelines\PollenIsland_shoreline.shp,51,1961-11-02,DSAS_Date,attribute table,RL,attribute table,0.43697282943354,gml-sidecar:stack-exact-date:1961-11-02:PollenIsland_1961Nov02.jp2,Z:\Retrolens\Auckland\PollenIsland\Stack\PollenIsland_1961Nov02.jp2,2.09,attribute table:Georef_ER,,1,defaulted to CPS=1,0.43,2.1780599747626677,READY,
Auckland,PollenIsland,PollenIsland_shoreline.shp,Z:\Retrolens\Auckland\PollenIsland\Shorelines\PollenIsland_shoreline.shp,52,1961-11-02,DSAS_Date,attribute table,RL,attribute table,0.43697282943354,gml-sidecar:stack-exact-date:1961-11-02:PollenIsland_1961Nov02.jp2,Z:\Retrolens\Auckland\PollenIsland\Stack\PollenIsland_1961Nov02.jp2,2.09,attribute table:Georef_ER,,1,defaulted to CPS=1,0.43,2.1780599747626677,READY,
Auckland,PollenIsland,PollenIsland_shoreline.shp,Z:\Retrolens\Auckland\PollenIsland\Shorelines\PollenIsland_shoreline.shp,53,1961-11-02,DSAS_Date,attribute table,RL,attribute table,0.43697282943354,gml-sidecar:stack-exact-date:1961-11-02:PollenIsland_1961Nov02.jp2,Z:\Retrolens\Auckland\PollenIsland\Stack\PollenIsland_1961Nov02.jp2,2.09,attribute table:Georef_ER,,1,defaulted to CPS=1,0.43,2.1780599747626677,READY,
Auckland,PollenIsland,PollenIsland_shoreline.shp,Z:\Retrolens\Auckland\PollenIsland\Shorelines\PollenIsland_shoreline.shp,54,1961-11-02,DSAS_Date,attribute table,RL,attribute table,0.43697282943354,gml-sidecar:stack-exact-date:1961-11-02:PollenIsland_1961Nov02.jp2,Z:\Retrolens\Auckland\PollenIsland\Stack\PollenIsland_1961Nov02.jp2,2.09,attribute table:Georef_ER,,1,defaulted to CPS=1,0.43,2.1780599747626677,READY,
Auckland,PollenIsland,PollenIsland_shoreline.shp,Z:\Retrolens\Auckland\PollenIsland\Shorelines\PollenIsland_shoreline.shp,55,1961-11-02,DSAS_Date,attribute table,RL,attribute table,0.43697282943354,gml-sidecar:stack-exact-date:1961-11-02:PollenIsland_1961Nov02.jp2,Z:\Retrolens\Auckland\PollenIsland\Stack\PollenIsland_1961Nov02.jp2,2.09,attribute table:Georef_ER,,1,defaulted to CPS=1,0.43,2.1780599747626677,READY,
Auckland,PollenIsland,PollenIsland_shoreline.shp,Z:\Retrolens\Auckland\PollenIsland\Shorelines\PollenIsland_shoreline.shp,56,1961-11-02,DSAS_Date,attribute table,RL,attribute table,0.43697282943354,gml-sidecar:stack-exact-date:1961-11-02:PollenIsland_1961Nov02.jp2,Z:\Retrolens\Auckland\PollenIsland\Stack\PollenIsland_1961Nov02.jp2,2.09,attribute table:Georef_ER,,1,defaulted to CPS=1,0.43,2.1780599747626677,READY,
Auckland,PollenIsland,PollenIsland_shoreline.shp,Z:\Retrolens\Auckland\PollenIsland\Shorelines\PollenIsland_shoreline.shp,57,1961-11-02,DSAS_Date,attribute table,RL,attribute table,0.43697282943354,gml-sidecar:stack-exact-date:1961-11-02:PollenIsland_1961Nov02.jp2,Z:\Retrolens\Auckland\PollenIsland\Stack\PollenIsland_1961Nov02.jp2,2.09,attribute table:Georef_ER,,1,defaulted to CPS=1,0.43,2.1780599747626677,READY,
Auckland,PollenIsland,PollenIsland_shoreline.shp,Z:\Retrolens\Auckland\PollenIsland\Shorelines\PollenIsland_shoreline.shp,58,1961-11-02,DSAS_Date,attribute table,RL,attribute table,0.43697282943354,gml-sidecar:stack-exact-date:1961-11-02:PollenIsland_1961Nov02.jp2,Z:\Retrolens\Auckland\PollenIsland\Stack\PollenIsland_1961Nov02.jp2,2.09,attribute table:Georef_ER,,1,defaulted to CPS=1,0.43,2.1780599747626677,READY,
Auckland,PollenIsland,PollenIsland_shoreline.shp,Z:\Retrolens\Auckland\PollenIsland\Shorelines\PollenIsland_shoreline.shp,59,1961-11-02,DSAS_Date,attribute table,RL,attribute table,0.43697282943354,gml-sidecar:stack-exact-date:1961-11-02:PollenIsland_1961Nov02.jp2,Z:\Retrolens\Auckland\PollenIsland\Stack\PollenIsland_1961Nov02.jp2,2.09,attribute table:Georef_ER,,1,defaulted to CPS=1,0.43,2.1780599747626677,READY,
Auckland,PollenIsland,PollenIsland_shoreline.shp,Z:\Retrolens\Auckland\PollenIsland\Shorelines\PollenIsland_shoreline.shp,60,1961-11-02,DSAS_Date,attribute table,RL,attribute table,0.43697282943354,gml-sidecar:stack-exact-date:1961-11-02:PollenIsland_1961Nov02.jp2,Z:\Retrolens\Auckland\PollenIsland\Stack\PollenIsland_1961Nov02.jp2,2.09,attribute table:Georef_ER,,1,defaulted to CPS=1,0.43,2.1780599747626677,READY,
Auckland,PollenIsland,PollenIsland_shoreline.shp,Z:\Retrolens\Auckland\PollenIsland\Shorelines\PollenIsland_shoreline.shp,61,1961-11-02,DSAS_Date,attribute table,RL,attribute table,0.43697282943354,gml-sidecar:stack-exact-date:1961-11-02:PollenIsland_1961Nov02.jp2,Z:\Retrolens\Auckland\PollenIsland\Stack\PollenIsland_1961Nov02.jp2,2.09,attribute table:Georef_ER,,1,defaulted to CPS=1,0.43,2.1780599747626677,READY,
Auckland,PollenIsland,PollenIsland_shoreline.shp,Z:\Retrolens\Auckland\PollenIsland\Shorelines\PollenIsland_shoreline.shp,62,1961-11-02,DSAS_Date,attribute table,RL,attribute table,0.43697282943354,gml-sidecar:stack-exact-date:1961-11-02:PollenIsland_1961Nov02.jp2,Z:\Retrolens\Auckland\PollenIsland\Stack\PollenIsland_1961Nov02.jp2,2.09,attribute table:Georef_ER,,1,defaulted to CPS=1,0.43,2.1780599747626677,READY,
Auckland,PollenIsland,PollenIsland_shoreline.shp,Z:\Retrolens\Auckland\PollenIsland\Shorelines\PollenIsland_shoreline.shp,63,1961-11-02,DSAS_Date,attribute table,RL,attribute table,0.43697282943354,gml-sidecar:stack-exact-date:1961-11-02:PollenIsland_1961Nov02.jp2,Z:\Retrolens\Auckland\PollenIsland\Stack\PollenIsland_1961Nov02.jp2,2.09,attribute table:Georef_ER,,1,defaulted to CPS=1,0.43,2.1780599747626677,READY,
Auckland,PollenIsland,PollenIsland_shoreline.shp,Z:\Retrolens\Auckland\PollenIsland\Shorelines\PollenIsland_shoreline.shp,64,1961-11-02,DSAS_Date,attribute table,RL,attribute table,0.43697282943354,gml-sidecar:stack-exact-date:1961-11-02:PollenIsland_1961Nov02.jp2,Z:\Retrolens\Auckland\PollenIsland\Stack\PollenIsland_1961Nov02.jp2,2.09,attribute table:Georef_ER,,1,defaulted to CPS=1,0.43,2.1780599747626677,READY,
Auckland,PollenIsland,PollenIsland_shoreline.shp,Z:\Retrolens\Auckland\PollenIsland\Shorelines\PollenIsland_shoreline.shp,65,1961-11-02,DSAS_Date,attribute table,RL,attribute table,0.43697282943354,gml-sidecar:stack-exact-date:1961-11-02:PollenIsland_1961Nov02.jp2,Z:\Retrolens\Auckland\PollenIsland\Stack\PollenIsland_1961Nov02.jp2,2.09,attribute table:Georef_ER,,1,defaulted to CPS=1,0.43,2.1780599747626677,READY,
Auckland,PollenIsland,PollenIsland_shoreline.shp,Z:\Retrolens\Auckland\PollenIsland\Shorelines\PollenIsland_shoreline.shp,66,1961-11-02,DSAS_Date,attribute table,RL,attribute table,0.43697282943354,gml-sidecar:stack-exact-date:1961-11-02:PollenIsland_1961Nov02.jp2,Z:\Retrolens\Auckland\PollenIsland\Stack\PollenIsland_1961Nov02.jp2,2.09,attribute table:Georef_ER,,1,defaulted to CPS=1,0.43,2.1780599747626677,READY,
Auckland,PollenIsland,PollenIsland_shoreline.shp,Z:\Retrolens\Auckland\PollenIsland\Shorelines\PollenIsland_shoreline.shp,67,1961-11-02,DSAS_Date,attribute table,RL,attribute table,0.43697282943354,gml-sidecar:stack-exact-date:1961-11-02:PollenIsland_1961Nov02.jp2,Z:\Retrolens\Auckland\PollenIsland\Stack\PollenIsland_1961Nov02.jp2,2.09,attribute table:Georef_ER,,1,defaulted to CPS=1,0.43,2.1780599747626677,READY,
Auckland,PollenIsland,PollenIsland_shoreline.shp,Z:\Retrolens\Auckland\PollenIsland\Shorelines\PollenIsland_shoreline.shp,68,1961-11-02,DSAS_Date,attribute table,RL,attribute table,0.43697282943354,gml-sidecar:stack-exact-date:1961-11-02:PollenIsland_1961Nov02.jp2,Z:\Retrolens\Auckland\PollenIsland\Stack\PollenIsland_1961Nov02.jp2,2.09,attribute table:Georef_ER,,1,defaulted to CPS=1,0.43,2.1780599747626677,READY,
Auckland,PollenIsland,PollenIsland_shoreline.shp,Z:\Retrolens\Auckland\PollenIsland\Shorelines\PollenIsland_shoreline.shp,69,1961-11-02,DSAS_Date,attribute table,RL,attribute table,0.43697282943354,gml-sidecar:stack-exact-date:1961-11-02:PollenIsland_1961Nov02.jp2,Z:\Retrolens\Auckland\PollenIsland\Stack\PollenIsland_1961Nov02.jp2,2.09,attribute table:Georef_ER,,1,defaulted to CPS=1,0.43,2.1780599747626677,READY,
Auckland,PollenIsland,PollenIsland_shoreline.shp,Z:\Retrolens\Auckland\PollenIsland\Shorelines\PollenIsland_shoreline.shp,70,1966-08-01,DSAS_Date,attribute table,RL,attribute table,0.242703010295762,gml-sidecar:stack-exact-date:1966-08-01:PollenIsland_1966Aug01jp2.jp2,Z:\Retrolens\Auckland\PollenIsland\Stack\PollenIsland_1966Aug01jp2.jp2,2.09,attribute table:Georef_ER,,1,defaulted to CPS=1,0.43,2.1475345750899155,READY,
Auckland,PollenIsland,PollenIsland_shoreline.shp,Z:\Retrolens\Auckland\PollenIsland\Shorelines\PollenIsland_shoreline.shp,71,1966-08-01,DSAS_Date,attribute table,RL,attribute table,0.242703010295762,gml-sidecar:stack-exact-date:1966-08-01:PollenIsland_1966Aug01jp2.jp2,Z:\Retrolens\Auckland\PollenIsland\Stack\PollenIsland_1966Aug01jp2.jp2,2.09,attribute table:Georef_ER,,1,defaulted to CPS=1,0.43,2.1475345750899155,READY,
Auckland,PollenIsland,PollenIsland_shoreline.shp,Z:\Retrolens\Auckland\PollenIsland\Shorelines\PollenIsland_shoreline.shp,72,1966-08-01,DSAS_Date,attribute table,RL,attribute table,0.242703010295762,gml-sidecar:stack-exact-date:1966-08-01:PollenIsland_1966Aug01jp2.jp2,Z:\Retrolens\Auckland\PollenIsland\Stack\PollenIsland_1966Aug01jp2.jp2,2.09,attribute table:Georef_ER,,1,defaulted to CPS=1,0.43,2.1475345750899155,READY,
Auckland,PollenIsland,PollenIsland_shoreline.shp,Z:\Retrolens\Auckland\PollenIsland\Shorelines\PollenIsland_shoreline.shp,73,1966-08-01,DSAS_Date,attribute table,RL,attribute table,0.242703010295762,gml-sidecar:stack-exact-date:1966-08-01:PollenIsland_1966Aug01jp2.jp2,Z:\Retrolens\Auckland\PollenIsland\Stack\PollenIsland_1966Aug01jp2.jp2,2.09,attribute table:Georef_ER,,1,defaulted to CPS=1,0.43,2.1475345750899155,READY,
Auckland,PollenIsland,PollenIsland_shoreline.shp,Z:\Retrolens\Auckland\PollenIsland\Shorelines\PollenIsland_shoreline.shp,74,1966-08-01,DSAS_Date,attribute table,RL,attribute table,0.242703010295762,gml-sidecar:stack-exact-date:1966-08-01:PollenIsland_1966Aug01jp2.jp2,Z:\Retrolens\Auckland\PollenIsland\Stack\PollenIsland_1966Aug01jp2.jp2,2.09,attribute table:Georef_ER,,1,defaulted to CPS=1,0.43,2.1475345750899155,READY,
Auckland,PollenIsland,PollenIsland_shoreline.shp,Z:\Retrolens\Auckland\PollenIsland\Shorelines\PollenIsland_shoreline.shp,75,1966-08-01,DSAS_Date,attribute table,RL,attribute table,0.242703010295762,gml-sidecar:stack-exact-date:1966-08-01:PollenIsland_1966Aug01jp2.jp2,Z:\Retrolens\Auckland\PollenIsland\Stack\PollenIsland_1966Aug01jp2.jp2,2.09,attribute table:Georef_ER,,1,defaulted to CPS=1,0.43,2.1475345750899155,READY,
Auckland,PollenIsland,PollenIsland_shoreline.shp,Z:\Retrolens\Auckland\PollenIsland\Shorelines\PollenIsland_shoreline.shp,76,1966-08-01,DSAS_Date,attribute table,RL,attribute table,0.242703010295762,gml-sidecar:stack-exact-date:1966-08-01:PollenIsland_1966Aug01jp2.jp2,Z:\Retrolens\Auckland\PollenIsland\Stack\PollenIsland_1966Aug01jp2.jp2,2.09,attribute table:Georef_ER,,1,defaulted to CPS=1,0.43,2.1475345750899155,READY,
Auckland,PollenIsland,PollenIsland_shoreline.shp,Z:\Retrolens\Auckland\PollenIsland\Shorelines\PollenIsland_shoreline.shp,77,1966-08-01,DSAS_Date,attribute table,RL,attribute table,0.242703010295762,gml-sidecar:stack-exact-date:1966-08-01:PollenIsland_1966Aug01jp2.jp2,Z:\Retrolens\Auckland\PollenIsland\Stack\PollenIsland_1966Aug01jp2.jp2,2.09,attribute table:Georef_ER,,1,defaulted to CPS=1,0.43,2.1475345750899155,READY,
Auckland,PollenIsland,PollenIsland_shoreline.shp,Z:\Retrolens\Auckland\PollenIsland\Shorelines\PollenIsland_shoreline.shp,78,1966-08-01,DSAS_Date,attribute table,RL,attribute table,0.242703010295762,gml-sidecar:stack-exact-date:1966-08-01:PollenIsland_1966Aug01jp2.jp2,Z:\Retrolens\Auckland\PollenIsland\Stack\PollenIsland_1966Aug01jp2.jp2,2.09,attribute table:Georef_ER,,1,defaulted to CPS=1,0.43,2.1475345750899155,READY,
Auckland,PollenIsland,PollenIsland_shoreline.shp,Z:\Retrolens\Auckland\PollenIsland\Shorelines\PollenIsland_shoreline.shp,79,1966-08-01,DSAS_Date,attribute table,RL,attribute table,0.242703010295762,gml-sidecar:stack-exact-date:1966-08-01:PollenIsland_1966Aug01jp2.jp2,Z:\Retrolens\Auckland\PollenIsland\Stack\PollenIsland_1966Aug01jp2.jp2,2.09,attribute table:Georef_ER,,1,defaulted to CPS=1,0.43,2.1475345750899155,READY,
Auckland,PollenIsland,PollenIsland_shoreline.shp,Z:\Retrolens\Auckland\PollenIsland\Shorelines\PollenIsland_shoreline.shp,80,1966-08-01,DSAS_Date,attribute table,RL,attribute table,0.242703010295762,gml-sidecar:stack-exact-date:1966-08-01:PollenIsland_1966Aug01jp2.jp2,Z:\Retrolens\Auckland\PollenIsland\Stack\PollenIsland_1966Aug01jp2.jp2,2.09,attribute table:Georef_ER,,1,defaulted to CPS=1,0.43,2.1475345750899155,READY,
Auckland,PollenIsland,PollenIsland_shoreline.shp,Z:\Retrolens\Auckland\PollenIsland\Shorelines\PollenIsland_shoreline.shp,81,1966-08-01,DSAS_Date,attribute table,RL,attribute table,0.242703010295762,gml-sidecar:stack-exact-date:1966-08-01:PollenIsland_1966Aug01jp2.jp2,Z:\Retrolens\Auckland\PollenIsland\Stack\PollenIsland_1966Aug01jp2.jp2,2.09,attribute table:Georef_ER,,1,defaulted to CPS=1,0.43,2.1475345750899155,READY,
Auckland,PollenIsland,PollenIsland_shoreline.shp,Z:\Retrolens\Auckland\PollenIsland\Shorelines\PollenIsland_shoreline.shp,82,1966-08-01,DSAS_Date,attribute table,RL,attribute table,0.242703010295762,gml-sidecar:stack-exact-date:1966-08-01:PollenIsland_1966Aug01jp2.jp2,Z:\Retrolens\Auckland\PollenIsland\Stack\PollenIsland_1966Aug01jp2.jp2,2.09,attribute table:Georef_ER,,1,defaulted to CPS=1,0.43,2.1475345750899155,READY,
Auckland,PollenIsland,PollenIsland_shoreline.shp,Z:\Retrolens\Auckland\PollenIsland\Shorelines\PollenIsland_shoreline.shp,83,1966-08-01,DSAS_Date,attribute table,RL,attribute table,0.242703010295762,gml-sidecar:stack-exact-date:1966-08-01:PollenIsland_1966Aug01jp2.jp2,Z:\Retrolens\Auckland\PollenIsland\Stack\PollenIsland_1966Aug01jp2.jp2,2.09,attribute table:Georef_ER,,1,defaulted to CPS=1,0.43,2.1475345750899155,READY,
Auckland,PollenIsland,PollenIsland_shoreline.shp,Z:\Retrolens\Auckland\PollenIsland\Shorelines\PollenIsland_shoreline.shp,84,1966-08-01,DSAS_Date,attribute table,RL,attribute table,0.242703010295762,gml-sidecar:stack-exact-date:1966-08-01:PollenIsland_1966Aug01jp2.jp2,Z:\Retrolens\Auckland\PollenIsland\Stack\PollenIsland_1966Aug01jp2.jp2,2.09,attribute table:Georef_ER,,1,defaulted to CPS=1,0.43,2.1475345750899155,READY,
Auckland,PollenIsland,PollenIsland_shoreline.shp,Z:\Retrolens\Auckland\PollenIsland\Shorelines\PollenIsland_shoreline.shp,85,1966-08-01,DSAS_Date,attribute table,RL,attribute table,0.242703010295762,gml-sidecar:stack-exact-date:1966-08-01:PollenIsland_1966Aug01jp2.jp2,Z:\Retrolens\Auckland\PollenIsland\Stack\PollenIsland_1966Aug01jp2.jp2,2.09,attribute table:Georef_ER,,1,defaulted to CPS=1,0.43,2.1475345750899155,READY,
Auckland,PollenIsland,PollenIsland_shoreline.shp,Z:\Retrolens\Auckland\PollenIsland\Shorelines\PollenIsland_shoreline.shp,86,1966-08-01,DSAS_Date,attribute table,RL,attribute table,0.242703010295762,gml-sidecar:stack-exact-date:1966-08-01:PollenIsland_1966Aug01jp2.jp2,Z:\Retrolens\Auckland\PollenIsland\Stack\PollenIsland_1966Aug01jp2.jp2,2.09,attribute table:Georef_ER,,1,defaulted to CPS=1,0.43,2.1475345750899155,READY,
Auckland,PollenIsland,PollenIsland_shoreline.shp,Z:\Retrolens\Auckland\PollenIsland\Shorelines\PollenIsland_shoreline.shp,87,1966-08-01,DSAS_Date,attribute table,RL,attribute table,0.242703010295762,gml-sidecar:stack-exact-date:1966-08-01:PollenIsland_1966Aug01jp2.jp2,Z:\Retrolens\Auckland\PollenIsland\Stack\PollenIsland_1966Aug01jp2.jp2,2.09,attribute table:Georef_ER,,1,defaulted to CPS=1,0.43,2.1475345750899155,READY,
Auckland,PollenIsland,PollenIsland_shoreline.shp,Z:\Retrolens\Auckland\PollenIsland\Shorelines\PollenIsland_shoreline.shp,88,1966-08-01,DSAS_Date,attribute table,RL,attribute table,0.242703010295762,gml-sidecar:stack-exact-date:1966-08-01:PollenIsland_1966Aug01jp2.jp2,Z:\Retrolens\Auckland\PollenIsland\Stack\PollenIsland_1966Aug01jp2.jp2,2.09,attribute table:Georef_ER,,1,defaulted to CPS=1,0.43,2.1475345750899155,READY,
Auckland,PollenIsland,PollenIsland_shoreline.shp,Z:\Retrolens\Auckland\PollenIsland\Shorelines\PollenIsland_shoreline.shp,89,1966-08-01,DSAS_Date,attribute table,RL,attribute table,0.242703010295762,gml-sidecar:stack-exact-date:1966-08-01:PollenIsland_1966Aug01jp2.jp2,Z:\Retrolens\Auckland\PollenIsland\Stack\PollenIsland_1966Aug01jp2.jp2,2.09,attribute table:Georef_ER,,1,defaulted to CPS=1,0.43,2.1475345750899155,READY,
Auckland,PollenIsland,PollenIsland_shoreline.shp,Z:\Retrolens\Auckland\PollenIsland\Shorelines\PollenIsland_shoreline.shp,90,1966-08-01,DSAS_Date,attribute table,RL,attribute table,0.242703010295762,gml-sidecar:stack-exact-date:1966-08-01:PollenIsland_1966Aug01jp2.jp2,Z:\Retrolens\Auckland\PollenIsland\Stack\PollenIsland_1966Aug01jp2.jp2,2.09,attribute table:Georef_ER,,1,defaulted to CPS=1,0.43,2.1475345750899155,READY,
Auckland,PollenIsland,PollenIsland_shoreline.shp,Z:\Retrolens\Auckland\PollenIsland\Shorelines\PollenIsland_shoreline.shp,91,1966-08-01,DSAS_Date,attribute table,RL,attribute table,0.242703010295762,gml-sidecar:stack-exact-date:1966-08-01:PollenIsland_1966Aug01jp2.jp2,Z:\Retrolens\Auckland\PollenIsland\Stack\PollenIsland_1966Aug01jp2.jp2,2.09,attribute table:Georef_ER,,1,defaulted to CPS=1,0.43,2.1475345750899155,READY,
Auckland,PollenIsland,PollenIsland_shoreline.shp,Z:\Retrolens\Auckland\PollenIsland\Shorelines\PollenIsland_shoreline.shp,92,1966-08-01,DSAS_Date,attribute table,RL,attribute table,0.242703010295762,gml-sidecar:stack-exact-date:1966-08-01:PollenIsland_1966Aug01jp2.jp2,Z:\Retrolens\Auckland\PollenIsland\Stack\PollenIsland_1966Aug01jp2.jp2,2.09,attribute table:Georef_ER,,1,defaulted to CPS=1,0.43,2.1475345750899155,READY,
Auckland,PollenIsland,PollenIsland_shoreline.shp,Z:\Retrolens\Auckland\PollenIsland\Shorelines\PollenIsland_shoreline.shp,93,1966-08-01,DSAS_Date,attribute table,RL,attribute table,0.242703010295762,gml-sidecar:stack-exact-date:1966-08-01:PollenIsland_1966Aug01jp2.jp2,Z:\Retrolens\Auckland\PollenIsland\Stack\PollenIsland_1966Aug01jp2.jp2,2.09,attribute table:Georef_ER,,1,defaulted to CPS=1,0.43,2.1475345750899155,READY,
Auckland,PollenIsland,PollenIsland_shoreline.shp,Z:\Retrolens\Auckland\PollenIsland\Shorelines\PollenIsland_shoreline.shp,94,1966-08-01,DSAS_Date,attribute table,RL,attribute table,0.242703010295762,gml-sidecar:stack-exact-date:1966-08-01:PollenIsland_1966Aug01jp2.jp2,Z:\Retrolens\Auckland\PollenIsland\Stack\PollenIsland_1966Aug01jp2.jp2,2.09,attribute table:Georef_ER,,1,defaulted to CPS=1,0.43,2.1475345750899155,READY,
Auckland,PollenIsland,PollenIsland_shoreline.shp,Z:\Retrolens\Auckland\PollenIsland\Shorelines\PollenIsland_shoreline.shp,95,1966-08-01,DSAS_Date,attribute table,RL,attribute table,0.242703010295762,gml-sidecar:stack-exact-date:1966-08-01:PollenIsland_1966Aug01jp2.jp2,Z:\Retrolens\Auckland\PollenIsland\Stack\PollenIsland_1966Aug01jp2.jp2,2.09,attribute table:Georef_ER,,1,defaulted to CPS=1,0.43,2.1475345750899155,READY,
Auckland,PollenIsland,PollenIsland_shoreline.shp,Z:\Retrolens\Auckland\PollenIsland\Shorelines\PollenIsland_shoreline.shp,96,1966-08-01,DSAS_Date,attribute table,RL,attribute table,0.242703010295762,gml-sidecar:stack-exact-date:1966-08-01:PollenIsland_1966Aug01jp2.jp2,Z:\Retrolens\Auckland\PollenIsland\Stack\PollenIsland_1966Aug01jp2.jp2,2.09,attribute table:Georef_ER,,1,defaulted to CPS=1,0.43,2.1475345750899155,READY,
Auckland,PollenIsland,PollenIsland_shoreline.shp,Z:\Retrolens\Auckland\PollenIsland\Shorelines\PollenIsland_shoreline.shp,97,1966-08-01,DSAS_Date,attribute table,RL,attribute table,0.242703010295762,gml-sidecar:stack-exact-date:1966-08-01:PollenIsland_1966Aug01jp2.jp2,Z:\Retrolens\Auckland\PollenIsland\Stack\PollenIsland_1966Aug01jp2.jp2,2.09,attribute table:Georef_ER,,1,defaulted to CPS=1,0.43,2.1475345750899155,READY,
Auckland,PollenIsland,PollenIsland_shoreline.shp,Z:\Retrolens\Auckland\PollenIsland\Shorelines\PollenIsland_shoreline.shp,98,1980-10-24,DSAS_Date,attribute table,RL,attribute table,0.725985987592118,gml-sidecar:stack-exact-date:1980-10-24:PollenIsland_1980Oct24.jp2,Z:\Retrolens\Auckland\PollenIsland\Stack\PollenIsland_1980Oct24.jp2,2.43,attribute table:Georef_ER,,1,defaulted to CPS=1,0.43,2.572324951124975,READY,
Auckland,PollenIsland,PollenIsland_shoreline.shp,Z:\Retrolens\Auckland\PollenIsland\Shorelines\PollenIsland_shoreline.shp,99,1980-10-24,DSAS_Date,attribute table,RL,attribute table,0.725985987592118,gml-sidecar:stack-exact-date:1980-10-24:PollenIsland_1980Oct24.jp2,Z:\Retrolens\Auckland\PollenIsland\Stack\PollenIsland_1980Oct24.jp2,2.43,attribute table:Georef_ER,,1,defaulted to CPS=1,0.43,2.572324951124975,READY,
Auckland,PollenIsland,PollenIsland_shoreline.shp,Z:\Retrolens\Auckland\PollenIsland\Shorelines\PollenIsland_shoreline.shp,100,1980-10-24,DSAS_Date,attribute table,RL,attribute table,0.725985987592118,gml-sidecar:stack-exact-date:1980-10-24:PollenIsland_1980Oct24.jp2,Z:\Retrolens\Auckland\PollenIsland\Stack\PollenIsland_1980Oct24.jp2,2.43,attribute table:Georef_ER,,1,defaulted to CPS=1,0.43,2.572324951124975,READY,
Auckland,PollenIsland,PollenIsland_shoreline.shp,Z:\Retrolens\Auckland\PollenIsland\Shorelines\PollenIsland_shoreline.shp,101,1980-10-24,DSAS_Date,attribute table,RL,attribute table,0.725985987592118,gml-sidecar:stack-exact-date:1980-10-24:PollenIsland_1980Oct24.jp2,Z:\Retrolens\Auckland\PollenIsland\Stack\PollenIsland_1980Oct24.jp2,2.43,attribute table:Georef_ER,,1,defaulted to CPS=1,0.43,2.572324951124975,READY,
Auckland,PollenIsland,PollenIsland_shoreline.shp,Z:\Retrolens\Auckland\PollenIsland\Shorelines\PollenIsland_shoreline.shp,102,1980-10-24,DSAS_Date,attribute table,RL,attribute table,0.725985987592118,gml-sidecar:stack-exact-date:1980-10-24:PollenIsland_1980Oct24.jp2,Z:\Retrolens\Auckland\PollenIsland\Stack\PollenIsland_1980Oct24.jp2,2.43,attribute table:Georef_ER,,1,defaulted to CPS=1,0.43,2.572324951124975,READY,
Auckland,PollenIsland,PollenIsland_shoreline.shp,Z:\Retrolens\Auckland\PollenIsland\Shorelines\PollenIsland_shoreline.shp,103,1980-10-24,DSAS_Date,attribute table,RL,attribute table,0.725985987592118,gml-sidecar:stack-exact-date:1980-10-24:PollenIsland_1980Oct24.jp2,Z:\Retrolens\Auckland\PollenIsland\Stack\PollenIsland_1980Oct24.jp2,2.43,attribute table:Georef_ER,,1,defaulted to CPS=1,0.43,2.572324951124975,READY,
Auckland,PollenIsland,PollenIsland_shoreline.shp,Z:\Retrolens\Auckland\PollenIsland\Shorelines\PollenIsland_shoreline.shp,104,1980-10-24,DSAS_Date,attribute table,RL,attribute table,0.725985987592118,gml-sidecar:stack-exact-date:1980-10-24:PollenIsland_1980Oct24.jp2,Z:\Retrolens\Auckland\PollenIsland\Stack\PollenIsland_1980Oct24.jp2,2.43,attribute table:Georef_ER,,1,defaulted to CPS=1,0.43,2.572324951124975,READY,
Auckland,PollenIsland,PollenIsland_shoreline.shp,Z:\Retrolens\Auckland\PollenIsland\Shorelines\PollenIsland_shoreline.shp,105,1980-10-24,DSAS_Date,attribute table,RL,attribute table,0.725985987592118,gml-sidecar:stack-exact-date:1980-10-24:PollenIsland_1980Oct24.jp2,Z:\Retrolens\Auckland\PollenIsland\Stack\PollenIsland_1980Oct24.jp2,2.43,attribute table:Georef_ER,,1,defaulted to CPS=1,0.43,2.572324951124975,READY,
Auckland,PollenIsland,PollenIsland_shoreline.shp,Z:\Retrolens\Auckland\PollenIsland\Shorelines\PollenIsland_shoreline.shp,106,1980-10-24,DSAS_Date,attribute table,RL,attribute table,0.725985987592118,gml-sidecar:stack-exact-date:1980-10-24:PollenIsland_1980Oct24.jp2,Z:\Retrolens\Auckland\PollenIsland\Stack\PollenIsland_1980Oct24.jp2,2.43,attribute table:Georef_ER,,1,defaulted to CPS=1,0.43,2.572324951124975,READY,
Auckland,PollenIsland,PollenIsland_shoreline.shp,Z:\Retrolens\Auckland\PollenIsland\Shorelines\PollenIsland_shoreline.shp,107,1980-10-24,DSAS_Date,attribute table,RL,attribute table,0.725985987592118,gml-sidecar:stack-exact-date:1980-10-24:PollenIsland_1980Oct24.jp2,Z:\Retrolens\Auckland\PollenIsland\Stack\PollenIsland_1980Oct24.jp2,2.43,attribute table:Georef_ER,,1,defaulted to CPS=1,0.43,2.572324951124975,READY,
Auckland,PollenIsland,PollenIsland_shoreline.shp,Z:\Retrolens\Auckland\PollenIsland\Shorelines\PollenIsland_shoreline.shp,108,1980-10-24,DSAS_Date,attribute table,RL,attribute table,0.725985987592118,gml-sidecar:stack-exact-date:1980-10-24:PollenIsland_1980Oct24.jp2,Z:\Retrolens\Auckland\PollenIsland\Stack\PollenIsland_1980Oct24.jp2,2.43,attribute table:Georef_ER,,1,defaulted to CPS=1,0.43,2.572324951124975,READY,
Auckland,PollenIsland,PollenIsland_shoreline.shp,Z:\Retrolens\Auckland\PollenIsland\Shorelines\PollenIsland_shoreline.shp,109,1980-10-24,DSAS_Date,attribute table,RL,attribute table,0.725985987592118,gml-sidecar:stack-exact-date:1980-10-24:PollenIsland_1980Oct24.jp2,Z:\Retrolens\Auckland\PollenIsland\Stack\PollenIsland_1980Oct24.jp2,2.43,attribute table:Georef_ER,,1,defaulted to CPS=1,0.43,2.572324951124975,READY,
Auckland,PollenIsland,PollenIsland_shoreline.shp,Z:\Retrolens\Auckland\PollenIsland\Shorelines\PollenIsland_shoreline.shp,110,1980-10-24,DSAS_Date,attribute table,RL,attribute table,0.725985987592118,gml-sidecar:stack-exact-date:1980-10-24:PollenIsland_1980Oct24.jp2,Z:\Retrolens\Auckland\PollenIsland\Stack\PollenIsland_1980Oct24.jp2,2.43,attribute table:Georef_ER,,1,defaulted to CPS=1,0.43,2.572324951124975,READY,
Auckland,PollenIsland,PollenIsland_shoreline.shp,Z:\Retrolens\Auckland\PollenIsland\Shorelines\PollenIsland_shoreline.shp,111,1980-10-24,DSAS_Date,attribute table,RL,attribute table,0.725985987592118,gml-sidecar:stack-exact-date:1980-10-24:PollenIsland_1980Oct24.jp2,Z:\Retrolens\Auckland\PollenIsland\Stack\PollenIsland_1980Oct24.jp2,2.43,attribute table:Georef_ER,,1,defaulted to CPS=1,0.43,2.572324951124975,READY,
Auckland,PollenIsland,PollenIsland_shoreline.shp,Z:\Retrolens\Auckland\PollenIsland\Shorelines\PollenIsland_shoreline.shp,112,1980-10-24,DSAS_Date,attribute table,RL,attribute table,0.725985987592118,gml-sidecar:stack-exact-date:1980-10-24:PollenIsland_1980Oct24.jp2,Z:\Retrolens\Auckland\PollenIsland\Stack\PollenIsland_1980Oct24.jp2,2.43,attribute table:Georef_ER,,1,defaulted to CPS=1,0.43,2.572324951124975,READY,
Auckland,PollenIsland,PollenIsland_shoreline.shp,Z:\Retrolens\Auckland\PollenIsland\Shorelines\PollenIsland_shoreline.shp,113,1980-10-24,DSAS_Date,attribute table,RL,attribute table,0.725985987592118,gml-sidecar:stack-exact-date:1980-10-24:PollenIsland_1980Oct24.jp2,Z:\Retrolens\Auckland\PollenIsland\Stack\PollenIsland_1980Oct24.jp2,2.43,attribute table:Georef_ER,,1,defaulted to CPS=1,0.43,2.572324951124975,READY,
Auckland,PollenIsland,PollenIsland_shoreline.shp,Z:\Retrolens\Auckland\PollenIsland\Shorelines\PollenIsland_shoreline.shp,114,1980-10-24,DSAS_Date,attribute table,RL,attribute table,0.725985987592118,gml-sidecar:stack-exact-date:1980-10-24:PollenIsland_1980Oct24.jp2,Z:\Retrolens\Auckland\PollenIsland\Stack\PollenIsland_1980Oct24.jp2,2.43,attribute table:Georef_ER,,1,defaulted to CPS=1,0.43,2.572324951124975,READY,
Auckland,PollenIsland,PollenIsland_shoreline.shp,Z:\Retrolens\Auckland\PollenIsland\Shorelines\PollenIsland_shoreline.shp,115,1987-11-12,DSAS_Date,attribute table,RL,attribute table,0.725985987592118,gml-sidecar:stack-exact-date:1987-11-12:PollenIsland_1987Nov12.jp2,Z:\Retrolens\Auckland\PollenIsland\Stack\PollenIsland_1987Nov12.jp2,2.43,attribute table:Georef_ER,,1,defaulted to CPS=1,0.43,2.572324951124975,READY,
Auckland,PollenIsland,PollenIsland_shoreline.shp,Z:\Retrolens\Auckland\PollenIsland\Shorelines\PollenIsland_shoreline.shp,116,1987-11-12,DSAS_Date,attribute table,RL,attribute table,0.725985987592118,gml-sidecar:stack-exact-date:1987-11-12:PollenIsland_1987Nov12.jp2,Z:\Retrolens\Auckland\PollenIsland\Stack\PollenIsland_1987Nov12.jp2,2.43,attribute table:Georef_ER,,1,defaulted to CPS=1,0.43,2.572324951124975,READY,
Auckland,PollenIsland,PollenIsland_shoreline.shp,Z:\Retrolens\Auckland\PollenIsland\Shorelines\PollenIsland_shoreline.shp,117,1987-11-12,DSAS_Date,attribute table,RL,attribute table,0.725985987592118,gml-sidecar:stack-exact-date:1987-11-12:PollenIsland_1987Nov12.jp2,Z:\Retrolens\Auckland\PollenIsland\Stack\PollenIsland_1987Nov12.jp2,2.43,attribute table:Georef_ER,,1,defaulted to CPS=1,0.43,2.572324951124975,READY,
Auckland,PollenIsland,PollenIsland_shoreline.shp,Z:\Retrolens\Auckland\PollenIsland\Shorelines\PollenIsland_shoreline.shp,118,1987-11-12,DSAS_Date,attribute table,RL,attribute table,0.725985987592118,gml-sidecar:stack-exact-date:1987-11-12:PollenIsland_1987Nov12.jp2,Z:\Retrolens\Auckland\PollenIsland\Stack\PollenIsland_1987Nov12.jp2,2.43,attribute table:Georef_ER,,1,defaulted to CPS=1,0.43,2.572324951124975,READY,
Auckland,PollenIsland,PollenIsland_shoreline.shp,Z:\Retrolens\Auckland\PollenIsland\Shorelines\PollenIsland_shoreline.shp,119,1987-11-12,DSAS_Date,attribute table,RL,attribute table,0.725985987592118,gml-sidecar:stack-exact-date:1987-11-12:PollenIsland_1987Nov12.jp2,Z:\Retrolens\Auckland\PollenIsland\Stack\PollenIsland_1987Nov12.jp2,2.43,attribute table:Georef_ER,,1,defaulted to CPS=1,0.43,2.572324951124975,READY,
Auckland,PollenIsland,PollenIsland_shoreline.shp,Z:\Retrolens\Auckland\PollenIsland\Shorelines\PollenIsland_shoreline.shp,120,1987-11-12,DSAS_Date,attribute table,RL,attribute table,0.725985987592118,gml-sidecar:stack-exact-date:1987-11-12:PollenIsland_1987Nov12.jp2,Z:\Retrolens\Auckland\PollenIsland\Stack\PollenIsland_1987Nov12.jp2,2.43,attribute table:Georef_ER,,1,defaulted to CPS=1,0.43,2.572324951124975,READY,
Auckland,PollenIsland,PollenIsland_shoreline.shp,Z:\Retrolens\Auckland\PollenIsland\Shorelines\PollenIsland_shoreline.shp,121,1987-11-12,DSAS_Date,attribute table,RL,attribute table,0.725985987592118,gml-sidecar:stack-exact-date:1987-11-12:PollenIsland_1987Nov12.jp2,Z:\Retrolens\Auckland\PollenIsland\Stack\PollenIsland_1987Nov12.jp2,2.43,attribute table:Georef_ER,,1,defaulted to CPS=1,0.43,2.572324951124975,READY,
Auckland,PollenIsland,PollenIsland_shoreline.shp,Z:\Retrolens\Auckland\PollenIsland\Shorelines\PollenIsland_shoreline.shp,122,1987-11-12,DSAS_Date,attribute table,RL,attribute table,0.725985987592118,gml-sidecar:stack-exact-date:1987-11-12:PollenIsland_1987Nov12.jp2,Z:\Retrolens\Auckland\PollenIsland\Stack\PollenIsland_1987Nov12.jp2,2.43,attribute table:Georef_ER,,1,defaulted to CPS=1,0.43,2.572324951124975,READY,
Auckland,PollenIsland,PollenIsland_shoreline.shp,Z:\Retrolens\Auckland\PollenIsland\Shorelines\PollenIsland_shoreline.shp,123,1987-11-12,DSAS_Date,attribute table,RL,attribute table,0.725985987592118,gml-sidecar:stack-exact-date:1987-11-12:PollenIsland_1987Nov12.jp2,Z:\Retrolens\Auckland\PollenIsland\Stack\PollenIsland_1987Nov12.jp2,2.43,attribute table:Georef_ER,,1,defaulted to CPS=1,0.43,2.572324951124975,READY,
Auckland,PollenIsland,PollenIsland_shoreline.shp,Z:\Retrolens\Auckland\PollenIsland\Shorelines\PollenIsland_shoreline.shp,124,1987-11-12,DSAS_Date,attribute table,RL,attribute table,0.725985987592118,gml-sidecar:stack-exact-date:1987-11-12:PollenIsland_1987Nov12.jp2,Z:\Retrolens\Auckland\PollenIsland\Stack\PollenIsland_1987Nov12.jp2,2.43,attribute table:Georef_ER,,1,defaulted to CPS=1,0.43,2.572324951124975,READY,
Auckland,PollenIsland,PollenIsland_shoreline.shp,Z:\Retrolens\Auckland\PollenIsland\Shorelines\PollenIsland_shoreline.shp,125,1987-11-12,DSAS_Date,attribute table,RL,attribute table,0.725985987592118,gml-sidecar:stack-exact-date:1987-11-12:PollenIsland_1987Nov12.jp2,Z:\Retrolens\Auckland\PollenIsland\Stack\PollenIsland_1987Nov12.jp2,2.43,attribute table:Georef_ER,,1,defaulted to CPS=1,0.43,2.572324951124975,READY,
Auckland,PollenIsland,PollenIsland_shoreline.shp,Z:\Retrolens\Auckland\PollenIsland\Shorelines\PollenIsland_shoreline.shp,126,1987-11-12,DSAS_Date,attribute table,RL,attribute table,0.725985987592118,gml-sidecar:stack-exact-date:1987-11-12:PollenIsland_1987Nov12.jp2,Z:\Retrolens\Auckland\PollenIsland\Stack\PollenIsland_1987Nov12.jp2,2.43,attribute table:Georef_ER,,1,defaulted to CPS=1,0.43,2.572324951124975,READY,
Auckland,PollenIsland,PollenIsland_shoreline.shp,Z:\Retrolens\Auckland\PollenIsland\Shorelines\PollenIsland_shoreline.shp,127,1987-11-12,DSAS_Date,attribute table,RL,attribute table,0.725985987592118,gml-sidecar:stack-exact-date:1987-11-12:PollenIsland_1987Nov12.jp2,Z:\Retrolens\Auckland\PollenIsland\Stack\PollenIsland_1987Nov12.jp2,2.43,attribute table:Georef_ER,,1,defaulted to CPS=1,0.43,2.572324951124975,READY,
Auckland,PollenIsland,PollenIsland_shoreline.shp,Z:\Retrolens\Auckland\PollenIsland\Shorelines\PollenIsland_shoreline.shp,128,1987-11-12,DSAS_Date,attribute table,RL,attribute table,0.725985987592118,gml-sidecar:stack-exact-date:1987-11-12:PollenIsland_1987Nov12.jp2,Z:\Retrolens\Auckland\PollenIsland\Stack\PollenIsland_1987Nov12.jp2,2.43,attribute table:Georef_ER,,1,defaulted to CPS=1,0.43,2.572324951124975,READY,
Auckland,PollenIsland,PollenIsland_shoreline.shp,Z:\Retrolens\Auckland\PollenIsland\Shorelines\PollenIsland_shoreline.shp,129,1987-11-12,DSAS_Date,attribute table,RL,attribute table,0.725985987592118,gml-sidecar:stack-exact-date:1987-11-12:PollenIsland_1987Nov12.jp2,Z:\Retrolens\Auckland\PollenIsland\Stack\PollenIsland_1987Nov12.jp2,2.43,attribute table:Georef_ER,,1,defaulted to CPS=1,0.43,2.572324951124975,READY,
Auckland,PollenIsland,PollenIsland_shoreline.shp,Z:\Retrolens\Auckland\PollenIsland\Shorelines\PollenIsland_shoreline.shp,130,1987-11-12,DSAS_Date,attribute table,RL,attribute table,0.725985987592118,gml-sidecar:stack-exact-date:1987-11-12:PollenIsland_1987Nov12.jp2,Z:\Retrolens\Auckland\PollenIsland\Stack\PollenIsland_1987Nov12.jp2,2.43,attribute table:Georef_ER,,1,defaulted to CPS=1,0.43,2.572324951124975,READY,
Auckland,PollenIsland,PollenIsland_shoreline.shp,Z:\Retrolens\Auckland\PollenIsland\Shorelines\PollenIsland_shoreline.shp,131,1987-11-12,DSAS_Date,attribute table,RL,attribute table,0.725985987592118,gml-sidecar:stack-exact-date:1987-11-12:PollenIsland_1987Nov12.jp2,Z:\Retrolens\Auckland\PollenIsland\Stack\PollenIsland_1987Nov12.jp2,2.43,attribute table:Georef_ER,,1,defaulted to CPS=1,0.43,2.572324951124975,READY,
Auckland,PollenIsland,PollenIsland_shoreline.shp,Z:\Retrolens\Auckland\PollenIsland\Shorelines\PollenIsland_shoreline.shp,132,1987-11-12,DSAS_Date,attribute table,RL,attribute table,0.725985987592118,gml-sidecar:stack-exact-date:1987-11-12:PollenIsland_1987Nov12.jp2,Z:\Retrolens\Auckland\PollenIsland\Stack\PollenIsland_1987Nov12.jp2,2.43,attribute table:Georef_ER,,1,defaulted to CPS=1,0.43,2.572324951124975,READY,
Auckland,PollenIsland,PollenIsland_shoreline.shp,Z:\Retrolens\Auckland\PollenIsland\Shorelines\PollenIsland_shoreline.shp,133,1987-11-12,DSAS_Date,attribute table,RL,attribute table,0.725985987592118,gml-sidecar:stack-exact-date:1987-11-12:PollenIsland_1987Nov12.jp2,Z:\Retrolens\Auckland\PollenIsland\Stack\PollenIsland_1987Nov12.jp2,2.43,attribute table:Georef_ER,,1,defaulted to CPS=1,0.43,2.572324951124975,READY,
Auckland,PollenIsland,PollenIsland_shoreline.shp,Z:\Retrolens\Auckland\PollenIsland\Shorelines\PollenIsland_shoreline.shp,134,1987-11-12,DSAS_Date,attribute table,RL,attribute table,0.725985987592118,gml-sidecar:stack-exact-date:1987-11-12:PollenIsland_1987Nov12.jp2,Z:\Retrolens\Auckland\PollenIsland\Stack\PollenIsland_1987Nov12.jp2,2.43,attribute table:Georef_ER,,1,defaulted to CPS=1,0.43,2.572324951124975,READY,
Auckland,PollenIsland,PollenIsland_shoreline.shp,Z:\Retrolens\Auckland\PollenIsland\Shorelines\PollenIsland_shoreline.shp,135,1987-11-12,DSAS_Date,attribute table,RL,attribute table,0.725985987592118,gml-sidecar:stack-exact-date:1987-11-12:PollenIsland_1987Nov12.jp2,Z:\Retrolens\Auckland\PollenIsland\Stack\PollenIsland_1987Nov12.jp2,2.43,attribute table:Georef_ER,,1,defaulted to CPS=1,0.43,2.572324951124975,READY,
Auckland,PollenIsland,PollenIsland_shoreline.shp,Z:\Retrolens\Auckland\PollenIsland\Shorelines\PollenIsland_shoreline.shp,136,1987-11-12,DSAS_Date,attribute table,RL,attribute table,0.725985987592118,gml-sidecar:stack-exact-date:1987-11-12:PollenIsland_1987Nov12.jp2,Z:\Retrolens\Auckland\PollenIsland\Stack\PollenIsland_1987Nov12.jp2,2.43,attribute table:Georef_ER,,1,defaulted to CPS=1,0.43,2.572324951124975,READY,
Auckland,PollenIsland,PollenIsland_shoreline.shp,Z:\Retrolens\Auckland\PollenIsland\Shorelines\PollenIsland_shoreline.shp,137,1987-11-12,DSAS_Date,attribute table,RL,attribute table,0.725985987592118,gml-sidecar:stack-exact-date:1987-11-12:PollenIsland_1987Nov12.jp2,Z:\Retrolens\Auckland\PollenIsland\Stack\PollenIsland_1987Nov12.jp2,2.43,attribute table:Georef_ER,,1,defaulted to CPS=1,0.43,2.572324951124975,READY,
Auckland,PollenIsland,PollenIsland_shoreline.shp,Z:\Retrolens\Auckland\PollenIsland\Shorelines\PollenIsland_shoreline.shp,138,1987-11-12,DSAS_Date,attribute table,RL,attribute table,0.725985987592118,gml-sidecar:stack-exact-date:1987-11-12:PollenIsland_1987Nov12.jp2,Z:\Retrolens\Auckland\PollenIsland\Stack\PollenIsland_1987Nov12.jp2,2.43,attribute table:Georef_ER,,1,defaulted to CPS=1,0.43,2.572324951124975,READY,
Auckland,PollenIsland,PollenIsland_shoreline.shp,Z:\Retrolens\Auckland\PollenIsland\Shorelines\PollenIsland_shoreline.shp,139,1987-11-12,DSAS_Date,attribute table,RL,attribute table,0.725985987592118,gml-sidecar:stack-exact-date:1987-11-12:PollenIsland_1987Nov12.jp2,Z:\Retrolens\Auckland\PollenIsland\Stack\PollenIsland_1987Nov12.jp2,2.43,attribute table:Georef_ER,,1,defaulted to CPS=1,0.43,2.572324951124975,READY,
Auckland,PollenIsland,PollenIsland_shoreline.shp,Z:\Retrolens\Auckland\PollenIsland\Shorelines\PollenIsland_shoreline.shp,140,1987-11-12,DSAS_Date,attribute table,RL,attribute table,0.725985987592118,gml-sidecar:stack-exact-date:1987-11-12:PollenIsland_1987Nov12.jp2,Z:\Retrolens\Auckland\PollenIsland\Stack\PollenIsland_1987Nov12.jp2,2.43,attribute table:Georef_ER,,1,defaulted to CPS=1,0.43,2.572324951124975,READY,
Auckland,PollenIsland,PollenIsland_shoreline.shp,Z:\Retrolens\Auckland\PollenIsland\Shorelines\PollenIsland_shoreline.shp,141,2003-01-01,DSAS_Date,attribute table,LDS,attribute table,2.5,attribute table:Pixel_ER,,0.0,attribute table:Georef_ER,,1,defaulted to CPS=1,0.43,2.536710468303389,READY,
Auckland,PollenIsland,PollenIsland_shoreline.shp,Z:\Retrolens\Auckland\PollenIsland\Shorelines\PollenIsland_shoreline.shp,142,2003-01-01,DSAS_Date,attribute table,LDS,attribute table,2.5,attribute table:Pixel_ER,,0.0,attribute table:Georef_ER,,1,defaulted to CPS=1,0.43,2.536710468303389,READY,
Auckland,PollenIsland,PollenIsland_shoreline.shp,Z:\Retrolens\Auckland\PollenIsland\Shorelines\PollenIsland_shoreline.shp,143,2003-01-01,DSAS_Date,attribute table,LDS,attribute table,2.5,attribute table:Pixel_ER,,0.0,attribute table:Georef_ER,,1,defaulted to CPS=1,0.43,2.536710468303389,READY,
Auckland,PollenIsland,PollenIsland_shoreline.shp,Z:\Retrolens\Auckland\PollenIsland\Shorelines\PollenIsland_shoreline.shp,144,2003-01-01,DSAS_Date,attribute table,LDS,attribute table,2.5,attribute table:Pixel_ER,,0.0,attribute table:Georef_ER,,1,defaulted to CPS=1,0.43,2.536710468303389,READY,
Auckland,PollenIsland,PollenIsland_shoreline.shp,Z:\Retrolens\Auckland\PollenIsland\Shorelines\PollenIsland_shoreline.shp,145,2003-01-01,DSAS_Date,attribute table,LDS,attribute table,2.5,attribute table:Pixel_ER,,0.0,attribute table:Georef_ER,,1,defaulted to CPS=1,0.43,2.536710468303389,READY,
Auckland,PollenIsland,PollenIsland_shoreline.shp,Z:\Retrolens\Auckland\PollenIsland\Shorelines\PollenIsland_shoreline.shp,146,2003-01-01,DSAS_Date,attribute table,LDS,attribute table,2.5,attribute table:Pixel_ER,,0.0,attribute table:Georef_ER,,1,defaulted to CPS=1,0.43,2.536710468303389,READY,
Auckland,PollenIsland,PollenIsland_shoreline.shp,Z:\Retrolens\Auckland\PollenIsland\Shorelines\PollenIsland_shoreline.shp,147,2003-01-01,DSAS_Date,attribute table,LDS,attribute table,2.5,attribute table:Pixel_ER,,0.0,attribute table:Georef_ER,,1,defaulted to CPS=1,0.43,2.536710468303389,READY,
Auckland,PollenIsland,PollenIsland_shoreline.shp,Z:\Retrolens\Auckland\PollenIsland\Shorelines\PollenIsland_shoreline.shp,148,2003-01-01,DSAS_Date,attribute table,LDS,attribute table,2.5,attribute table:Pixel_ER,,0.0,attribute table:Georef_ER,,1,defaulted to CPS=1,0.43,2.536710468303389,READY,
Auckland,PollenIsland,PollenIsland_shoreline.shp,Z:\Retrolens\Auckland\PollenIsland\Shorelines\PollenIsland_shoreline.shp,149,2003-01-01,DSAS_Date,attribute table,LDS,attribute table,2.5,attribute table:Pixel_ER,,0.0,attribute table:Georef_ER,,1,defaulted to CPS=1,0.43,2.536710468303389,READY,
Auckland,PollenIsland,PollenIsland_shoreline.shp,Z:\Retrolens\Auckland\PollenIsland\Shorelines\PollenIsland_shoreline.shp,150,2003-01-01,DSAS_Date,attribute table,LDS,attribute table,2.5,attribute table:Pixel_ER,,0.0,attribute table:Georef_ER,,1,defaulted to CPS=1,0.43,2.536710468303389,READY,
Auckland,PollenIsland,PollenIsland_shoreline.shp,Z:\Retrolens\Auckland\PollenIsland\Shorelines\PollenIsland_shoreline.shp,151,2003-01-01,DSAS_Date,attribute table,LDS,attribute table,2.5,attribute table:Pixel_ER,,0.0,attribute table:Georef_ER,,1,defaulted to CPS=1,0.43,2.536710468303389,READY,
Auckland,PollenIsland,PollenIsland_shoreline.shp,Z:\Retrolens\Auckland\PollenIsland\Shorelines\PollenIsland_shoreline.shp,152,2003-01-01,DSAS_Date,attribute table,LDS,attribute table,2.5,attribute table:Pixel_ER,,0.0,attribute table:Georef_ER,,1,defaulted to CPS=1,0.43,2.536710468303389,READY,
Auckland,PollenIsland,PollenIsland_shoreline.shp,Z:\Retrolens\Auckland\PollenIsland\Shorelines\PollenIsland_shoreline.shp,153,2003-01-01,DSAS_Date,attribute table,LDS,attribute table,2.5,attribute table:Pixel_ER,,0.0,attribute table:Georef_ER,,1,defaulted to CPS=1,0.43,2.536710468303389,READY,
Auckland,PollenIsland,PollenIsland_shoreline.shp,Z:\Retrolens\Auckland\PollenIsland\Shorelines\PollenIsland_shoreline.shp,154,2003-01-01,DSAS_Date,attribute table,LDS,attribute table,2.5,attribute table:Pixel_ER,,0.0,attribute table:Georef_ER,,1,defaulted to CPS=1,0.43,2.536710468303389,READY,
Auckland,PollenIsland,PollenIsland_shoreline.shp,Z:\Retrolens\Auckland\PollenIsland\Shorelines\PollenIsland_shoreline.shp,155,2003-01-01,DSAS_Date,attribute table,LDS,attribute table,2.5,attribute table:Pixel_ER,,0.0,attribute table:Georef_ER,,1,defaulted to CPS=1,0.43,2.536710468303389,READY,
Auckland,PollenIsland,PollenIsland_shoreline.shp,Z:\Retrolens\Auckland\PollenIsland\Shorelines\PollenIsland_shoreline.shp,156,2003-01-01,DSAS_Date,attribute table,LDS,attribute table,2.5,attribute table:Pixel_ER,,0.0,attribute table:Georef_ER,,1,defaulted to CPS=1,0.43,2.536710468303389,READY,
Auckland,PollenIsland,PollenIsland_shoreline.shp,Z:\Retrolens\Auckland\PollenIsland\Shorelines\PollenIsland_shoreline.shp,157,2003-01-01,DSAS_Date,attribute table,LDS,attribute table,2.5,attribute table:Pixel_ER,,0.0,attribute table:Georef_ER,,1,defaulted to CPS=1,0.43,2.536710468303389,READY,
Auckland,PollenIsland,PollenIsland_shoreline.shp,Z:\Retrolens\Auckland\PollenIsland\Shorelines\PollenIsland_shoreline.shp,158,2003-01-01,DSAS_Date,attribute table,LDS,attribute table,2.5,attribute table:Pixel_ER,,0.0,attribute table:Georef_ER,,1,defaulted to CPS=1,0.43,2.536710468303389,READY,
Auckland,PollenIsland,PollenIsland_shoreline.shp,Z:\Retrolens\Auckland\PollenIsland\Shorelines\PollenIsland_shoreline.shp,159,2003-01-01,DSAS_Date,attribute table,LDS,attribute table,2.5,attribute table:Pixel_ER,,0.0,attribute table:Georef_ER,,1,defaulted to CPS=1,0.43,2.536710468303389,READY,
Auckland,PollenIsland,PollenIsland_shoreline.shp,Z:\Retrolens\Auckland\PollenIsland\Shorelines\PollenIsland_shoreline.shp,160,2012-01-01,DSAS_Date,attribute table,LDS,attribute table,0.5,attribute table:Pixel_ER,,0.0,attribute table:Georef_ER,,1,defaulted to CPS=1,0.43,0.6594694837519018,READY,
Auckland,PollenIsland,PollenIsland_shoreline.shp,Z:\Retrolens\Auckland\PollenIsland\Shorelines\PollenIsland_shoreline.shp,161,2012-01-01,DSAS_Date,attribute table,LDS,attribute table,0.5,attribute table:Pixel_ER,,0.0,attribute table:Georef_ER,,1,defaulted to CPS=1,0.43,0.6594694837519018,READY,
Auckland,PollenIsland,PollenIsland_shoreline.shp,Z:\Retrolens\Auckland\PollenIsland\Shorelines\PollenIsland_shoreline.shp,162,2012-01-01,DSAS_Date,attribute table,LDS,attribute table,0.5,attribute table:Pixel_ER,,0.0,attribute table:Georef_ER,,1,defaulted to CPS=1,0.43,0.6594694837519018,READY,
Auckland,PollenIsland,PollenIsland_shoreline.shp,Z:\Retrolens\Auckland\PollenIsland\Shorelines\PollenIsland_shoreline.shp,163,2012-01-01,DSAS_Date,attribute table,LDS,attribute table,0.5,attribute table:Pixel_ER,,0.0,attribute table:Georef_ER,,1,defaulted to CPS=1,0.43,0.6594694837519018,READY,
Auckland,PollenIsland,PollenIsland_shoreline.shp,Z:\Retrolens\Auckland\PollenIsland\Shorelines\PollenIsland_shoreline.shp,164,2012-01-01,DSAS_Date,attribute table,LDS,attribute table,0.5,attribute table:Pixel_ER,,0.0,attribute table:Georef_ER,,1,defaulted to CPS=1,0.43,0.6594694837519018,READY,
Auckland,PollenIsland,PollenIsland_shoreline.shp,Z:\Retrolens\Auckland\PollenIsland\Shorelines\PollenIsland_shoreline.shp,165,2012-01-01,DSAS_Date,attribute table,LDS,attribute table,0.5,attribute table:Pixel_ER,,0.0,attribute table:Georef_ER,,1,defaulted to CPS=1,0.43,0.6594694837519018,READY,
Auckland,PollenIsland,PollenIsland_shoreline.shp,Z:\Retrolens\Auckland\PollenIsland\Shorelines\PollenIsland_shoreline.shp,166,2012-01-01,DSAS_Date,attribute table,LDS,attribute table,0.5,attribute table:Pixel_ER,,0.0,attribute table:Georef_ER,,1,defaulted to CPS=1,0.43,0.6594694837519018,READY,
Auckland,PollenIsland,PollenIsland_shoreline.shp,Z:\Retrolens\Auckland\PollenIsland\Shorelines\PollenIsland_shoreline.shp,167,2012-01-01,DSAS_Date,attribute table,LDS,attribute table,0.5,attribute table:Pixel_ER,,0.0,attribute table:Georef_ER,,1,defaulted to CPS=1,0.43,0.6594694837519018,READY,
Auckland,PollenIsland,PollenIsland_shoreline.shp,Z:\Retrolens\Auckland\PollenIsland\Shorelines\PollenIsland_shoreline.shp,168,2012-01-01,DSAS_Date,attribute table,LDS,attribute table,0.5,attribute table:Pixel_ER,,0.0,attribute table:Georef_ER,,1,defaulted to CPS=1,0.43,0.6594694837519018,READY,
Auckland,PollenIsland,PollenIsland_shoreline.shp,Z:\Retrolens\Auckland\PollenIsland\Shorelines\PollenIsland_shoreline.shp,169,2012-01-01,DSAS_Date,attribute table,LDS,attribute table,0.5,attribute table:Pixel_ER,,0.0,attribute table:Georef_ER,,1,defaulted to CPS=1,0.43,0.6594694837519018,READY,
Auckland,PollenIsland,PollenIsland_shoreline.shp,Z:\Retrolens\Auckland\PollenIsland\Shorelines\PollenIsland_shoreline.shp,170,2012-01-01,DSAS_Date,attribute table,LDS,attribute table,0.5,attribute table:Pixel_ER,,0.0,attribute table:Georef_ER,,1,defaulted to CPS=1,0.43,0.6594694837519018,READY,
Auckland,PollenIsland,PollenIsland_shoreline.shp,Z:\Retrolens\Auckland\PollenIsland\Shorelines\PollenIsland_shoreline.shp,171,2012-01-01,DSAS_Date,attribute table,LDS,attribute table,0.5,attribute table:Pixel_ER,,0.0,attribute table:Georef_ER,,1,defaulted to CPS=1,0.43,0.6594694837519018,READY,
Auckland,PollenIsland,PollenIsland_shoreline.shp,Z:\Retrolens\Auckland\PollenIsland\Shorelines\PollenIsland_shoreline.shp,172,2012-01-01,DSAS_Date,attribute table,LDS,attribute table,0.5,attribute table:Pixel_ER,,0.0,attribute table:Georef_ER,,1,defaulted to CPS=1,0.43,0.6594694837519018,READY,
Auckland,PollenIsland,PollenIsland_shoreline.shp,Z:\Retrolens\Auckland\PollenIsland\Shorelines\PollenIsland_shoreline.shp,173,2012-01-01,DSAS_Date,attribute table,LDS,attribute table,0.5,attribute table:Pixel_ER,,0.0,attribute table:Georef_ER,,1,defaulted to CPS=1,0.43,0.6594694837519018,READY,
Auckland,PollenIsland,PollenIsland_shoreline.shp,Z:\Retrolens\Auckland\PollenIsland\Shorelines\PollenIsland_shoreline.shp,174,2012-01-01,DSAS_Date,attribute table,LDS,attribute table,0.5,attribute table:Pixel_ER,,0.0,attribute table:Georef_ER,,1,defaulted to CPS=1,0.43,0.6594694837519018,READY,
Auckland,PollenIsland,PollenIsland_shoreline.shp,Z:\Retrolens\Auckland\PollenIsland\Shorelines\PollenIsland_shoreline.shp,175,2012-01-01,DSAS_Date,attribute table,LDS,attribute table,0.5,attribute table:Pixel_ER,,0.0,attribute table:Georef_ER,,1,defaulted to CPS=1,0.43,0.6594694837519018,READY,
Auckland,PollenIsland,PollenIsland_shoreline.shp,Z:\Retrolens\Auckland\PollenIsland\Shorelines\PollenIsland_shoreline.shp,176,2012-01-01,DSAS_Date,attribute table,LDS,attribute table,0.5,attribute table:Pixel_ER,,0.0,attribute table:Georef_ER,,1,defaulted to CPS=1,0.43,0.6594694837519018,READY,
Auckland,PollenIsland,PollenIsland_shoreline.shp,Z:\Retrolens\Auckland\PollenIsland\Shorelines\PollenIsland_shoreline.shp,177,2012-01-01,DSAS_Date,attribute table,LDS,attribute table,0.5,attribute table:Pixel_ER,,0.0,attribute table:Georef_ER,,1,defaulted to CPS=1,0.43,0.6594694837519018,READY,
Auckland,PollenIsland,PollenIsland_shoreline.shp,Z:\Retrolens\Auckland\PollenIsland\Shorelines\PollenIsland_shoreline.shp,178,2012-01-01,DSAS_Date,attribute table,LDS,attribute table,0.5,attribute table:Pixel_ER,,0.0,attribute table:Georef_ER,,1,defaulted to CPS=1,0.43,0.6594694837519018,READY,
Auckland,PollenIsland,PollenIsland_shoreline.shp,Z:\Retrolens\Auckland\PollenIsland\Shorelines\PollenIsland_shoreline.shp,179,2012-01-01,DSAS_Date,attribute table,LDS,attribute table,0.5,attribute table:Pixel_ER,,0.0,attribute table:Georef_ER,,1,defaulted to CPS=1,0.43,0.6594694837519018,READY,
Auckland,PollenIsland,PollenIsland_shoreline.shp,Z:\Retrolens\Auckland\PollenIsland\Shorelines\PollenIsland_shoreline.shp,180,2012-01-01,DSAS_Date,attribute table,LDS,attribute table,0.5,attribute table:Pixel_ER,,0.0,attribute table:Georef_ER,,1,defaulted to CPS=1,0.43,0.6594694837519018,READY,
Auckland,PollenIsland,PollenIsland_shoreline.shp,Z:\Retrolens\Auckland\PollenIsland\Shorelines\PollenIsland_shoreline.shp,181,2012-01-01,DSAS_Date,attribute table,LDS,attribute table,0.5,attribute table:Pixel_ER,,0.0,attribute table:Georef_ER,,1,defaulted to CPS=1,0.43,0.6594694837519018,READY,
Auckland,PollenIsland,PollenIsland_shoreline.shp,Z:\Retrolens\Auckland\PollenIsland\Shorelines\PollenIsland_shoreline.shp,182,2012-01-01,DSAS_Date,attribute table,LDS,attribute table,0.5,attribute table:Pixel_ER,,0.0,attribute table:Georef_ER,,1,defaulted to CPS=1,0.43,0.6594694837519018,READY,
Auckland,PollenIsland,PollenIsland_shoreline.shp,Z:\Retrolens\Auckland\PollenIsland\Shorelines\PollenIsland_shoreline.shp,183,2012-01-01,DSAS_Date,attribute table,LDS,attribute table,0.5,attribute table:Pixel_ER,,0.0,attribute table:Georef_ER,,1,defaulted to CPS=1,0.43,0.6594694837519018,READY,
Auckland,PollenIsland,PollenIsland_shoreline.shp,Z:\Retrolens\Auckland\PollenIsland\Shorelines\PollenIsland_shoreline.shp,184,2012-01-01,DSAS_Date,attribute table,LDS,attribute table,0.5,attribute table:Pixel_ER,,0.0,attribute table:Georef_ER,,1,defaulted to CPS=1,0.43,0.6594694837519018,READY,
Auckland,PollenIsland,PollenIsland_shoreline.shp,Z:\Retrolens\Auckland\PollenIsland\Shorelines\PollenIsland_shoreline.shp,185,2017-01-01,DSAS_Date,attribute table,LDS,attribute table,0.075,attribute table:Pixel_ER,,0.0,attribute table:Georef_ER,,1,defaulted to CPS=1,0.43,0.43649169522454834,READY,
Auckland,PollenIsland,PollenIsland_shoreline.shp,Z:\Retrolens\Auckland\PollenIsland\Shorelines\PollenIsland_shoreline.shp,186,2017-01-01,DSAS_Date,attribute table,LDS,attribute table,0.075,attribute table:Pixel_ER,,0.0,attribute table:Georef_ER,,1,defaulted to CPS=1,0.43,0.43649169522454834,READY,
Auckland,PollenIsland,PollenIsland_shoreline.shp,Z:\Retrolens\Auckland\PollenIsland\Shorelines\PollenIsland_shoreline.shp,187,2017-01-01,DSAS_Date,attribute table,LDS,attribute table,0.075,attribute table:Pixel_ER,,0.0,attribute table:Georef_ER,,1,defaulted to CPS=1,0.43,0.43649169522454834,READY,
Auckland,PollenIsland,PollenIsland_shoreline.shp,Z:\Retrolens\Auckland\PollenIsland\Shorelines\PollenIsland_shoreline.shp,188,2017-01-01,DSAS_Date,attribute table,LDS,attribute table,0.075,attribute table:Pixel_ER,,0.0,attribute table:Georef_ER,,1,defaulted to CPS=1,0.43,0.43649169522454834,READY,
Auckland,PollenIsland,PollenIsland_shoreline.shp,Z:\Retrolens\Auckland\PollenIsland\Shorelines\PollenIsland_shoreline.shp,189,2017-01-01,DSAS_Date,attribute table,LDS,attribute table,0.075,attribute table:Pixel_ER,,0.0,attribute table:Georef_ER,,1,defaulted to CPS=1,0.43,0.43649169522454834,READY,
Auckland,PollenIsland,PollenIsland_shoreline.shp,Z:\Retrolens\Auckland\PollenIsland\Shorelines\PollenIsland_shoreline.shp,190,2017-01-01,DSAS_Date,attribute table,LDS,attribute table,0.075,attribute table:Pixel_ER,,0.0,attribute table:Georef_ER,,1,defaulted to CPS=1,0.43,0.43649169522454834,READY,
Auckland,PollenIsland,PollenIsland_shoreline.shp,Z:\Retrolens\Auckland\PollenIsland\Shorelines\PollenIsland_shoreline.shp,191,2017-01-01,DSAS_Date,attribute table,LDS,attribute table,0.075,attribute table:Pixel_ER,,0.0,attribute table:Georef_ER,,1,defaulted to CPS=1,0.43,0.43649169522454834,READY,
Auckland,PollenIsland,PollenIsland_shoreline.shp,Z:\Retrolens\Auckland\PollenIsland\Shorelines\PollenIsland_shoreline.shp,192,2017-01-01,DSAS_Date,attribute table,LDS,attribute table,0.075,attribute table:Pixel_ER,,0.0,attribute table:Georef_ER,,1,defaulted to CPS=1,0.43,0.43649169522454834,READY,
Auckland,PollenIsland,PollenIsland_shoreline.shp,Z:\Retrolens\Auckland\PollenIsland\Shorelines\PollenIsland_shoreline.shp,193,2017-01-01,DSAS_Date,attribute table,LDS,attribute table,0.075,attribute table:Pixel_ER,,0.0,attribute table:Georef_ER,,1,defaulted to CPS=1,0.43,0.43649169522454834,READY,
Auckland,PollenIsland,PollenIsland_shoreline.shp,Z:\Retrolens\Auckland\PollenIsland\Shorelines\PollenIsland_shoreline.shp,194,2017-01-01,DSAS_Date,attribute table,LDS,attribute table,0.075,attribute table:Pixel_ER,,0.0,attribute table:Georef_ER,,1,defaulted to CPS=1,0.43,0.43649169522454834,READY,
Auckland,PollenIsland,PollenIsland_shoreline.shp,Z:\Retrolens\Auckland\PollenIsland\Shorelines\PollenIsland_shoreline.shp,195,2017-01-01,DSAS_Date,attribute table,LDS,attribute table,0.075,attribute table:Pixel_ER,,0.0,attribute table:Georef_ER,,1,defaulted to CPS=1,0.43,0.43649169522454834,READY,
Auckland,PollenIsland,PollenIsland_shoreline.shp,Z:\Retrolens\Auckland\PollenIsland\Shorelines\PollenIsland_shoreline.shp,196,2017-01-01,DSAS_Date,attribute table,LDS,attribute table,0.075,attribute table:Pixel_ER,,0.0,attribute table:Georef_ER,,1,defaulted to CPS=1,0.43,0.43649169522454834,READY,
Auckland,PollenIsland,PollenIsland_shoreline.shp,Z:\Retrolens\Auckland\PollenIsland\Shorelines\PollenIsland_shoreline.shp,197,2017-01-01,DSAS_Date,attribute table,LDS,attribute table,0.075,attribute table:Pixel_ER,,0.0,attribute table:Georef_ER,,1,defaulted to CPS=1,0.43,0.43649169522454834,READY,
Auckland,PollenIsland,PollenIsland_shoreline.shp,Z:\Retrolens\Auckland\PollenIsland\Shorelines\PollenIsland_shoreline.shp,198,2017-01-01,DSAS_Date,attribute table,LDS,attribute table,0.075,attribute table:Pixel_ER,,0.0,attribute table:Georef_ER,,1,defaulted to CPS=1,0.43,0.43649169522454834,READY,
Auckland,PollenIsland,PollenIsland_shoreline.shp,Z:\Retrolens\Auckland\PollenIsland\Shorelines\PollenIsland_shoreline.shp,199,2017-01-01,DSAS_Date,attribute table,LDS,attribute table,0.075,attribute table:Pixel_ER,,0.0,attribute table:Georef_ER,,1,defaulted to CPS=1,0.43,0.43649169522454834,READY,
Auckland,PollenIsland,PollenIsland_shoreline.shp,Z:\Retrolens\Auckland\PollenIsland\Shorelines\PollenIsland_shoreline.shp,200,2017-01-01,DSAS_Date,attribute table,LDS,attribute table,0.075,attribute table:Pixel_ER,,0.0,attribute table:Georef_ER,,1,defaulted to CPS=1,0.43,0.43649169522454834,READY,
Auckland,PollenIsland,PollenIsland_shoreline.shp,Z:\Retrolens\Auckland\PollenIsland\Shorelines\PollenIsland_shoreline.shp,201,2017-01-01,DSAS_Date,attribute table,LDS,attribute table,0.075,attribute table:Pixel_ER,,0.0,attribute table:Georef_ER,,1,defaulted to CPS=1,0.43,0.43649169522454834,READY,
Auckland,PollenIsland,PollenIsland_shoreline.shp,Z:\Retrolens\Auckland\PollenIsland\Shorelines\PollenIsland_shoreline.shp,202,2017-01-01,DSAS_Date,attribute table,LDS,attribute table,0.075,attribute table:Pixel_ER,,0.0,attribute table:Georef_ER,,1,defaulted to CPS=1,0.43,0.43649169522454834,READY,
Auckland,PollenIsland,PollenIsland_shoreline.shp,Z:\Retrolens\Auckland\PollenIsland\Shorelines\PollenIsland_shoreline.shp,203,2017-01-01,DSAS_Date,attribute table,LDS,attribute table,0.075,attribute table:Pixel_ER,,0.0,attribute table:Georef_ER,,1,defaulted to CPS=1,0.43,0.43649169522454834,READY,
Auckland,PollenIsland,PollenIsland_shoreline.shp,Z:\Retrolens\Auckland\PollenIsland\Shorelines\PollenIsland_shoreline.shp,204,2017-01-01,DSAS_Date,attribute table,LDS,attribute table,0.075,attribute table:Pixel_ER,,0.0,attribute table:Georef_ER,,1,defaulted to CPS=1,0.43,0.43649169522454834,READY,
Auckland,PollenIsland,PollenIsland_shoreline.shp,Z:\Retrolens\Auckland\PollenIsland\Shorelines\PollenIsland_shoreline.shp,205,2017-01-01,DSAS_Date,attribute table,LDS,attribute table,0.075,attribute table:Pixel_ER,,0.0,attribute table:Georef_ER,,1,defaulted to CPS=1,0.43,0.43649169522454834,READY,
Auckland,PollenIsland,PollenIsland_shoreline.shp,Z:\Retrolens\Auckland\PollenIsland\Shorelines\PollenIsland_shoreline.shp,206,2017-01-01,DSAS_Date,attribute table,LDS,attribute table,0.075,attribute table:Pixel_ER,,0.0,attribute table:Georef_ER,,1,defaulted to CPS=1,0.43,0.43649169522454834,READY,
Auckland,PollenIsland,PollenIsland_shoreline.shp,Z:\Retrolens\Auckland\PollenIsland\Shorelines\PollenIsland_shoreline.shp,207,2017-01-01,DSAS_Date,attribute table,LDS,attribute table,0.075,attribute table:Pixel_ER,,0.0,attribute table:Georef_ER,,1,defaulted to CPS=1,0.43,0.43649169522454834,READY,
Auckland,PollenIsland,PollenIsland_shoreline.shp,Z:\Retrolens\Auckland\PollenIsland\Shorelines\PollenIsland_shoreline.shp,208,2017-01-01,DSAS_Date,attribute table,LDS,attribute table,0.075,attribute table:Pixel_ER,,0.0,attribute table:Georef_ER,,1,defaulted to CPS=1,0.43,0.43649169522454834,READY,
Auckland,PollenIsland,PollenIsland_shoreline.shp,Z:\Retrolens\Auckland\PollenIsland\Shorelines\PollenIsland_shoreline.shp,209,2017-01-01,DSAS_Date,attribute table,LDS,attribute table,0.075,attribute table:Pixel_ER,,0.0,attribute table:Georef_ER,,1,defaulted to CPS=1,0.43,0.43649169522454834,READY,
Auckland,PollenIsland,PollenIsland_shoreline.shp,Z:\Retrolens\Auckland\PollenIsland\Shorelines\PollenIsland_shoreline.shp,210,2017-01-01,DSAS_Date,attribute table,LDS,attribute table,0.075,attribute table:Pixel_ER,,0.0,attribute table:Georef_ER,,1,defaulted to CPS=1,0.43,0.43649169522454834,READY,
Auckland,PollenIsland,PollenIsland_shoreline.shp,Z:\Retrolens\Auckland\PollenIsland\Shorelines\PollenIsland_shoreline.shp,211,2024-01-01,DSAS_Date,attribute table,LDS,attribute table,0.075,attribute table:Pixel_ER,,0.0,attribute table:Georef_ER,,1,defaulted to CPS=1,0.43,0.43649169522454834,READY,
Auckland,PollenIsland,PollenIsland_shoreline.shp,Z:\Retrolens\Auckland\PollenIsland\Shorelines\PollenIsland_shoreline.shp,212,2024-01-01,DSAS_Date,attribute table,LDS,attribute table,0.075,attribute table:Pixel_ER,,0.0,attribute table:Georef_ER,,1,defaulted to CPS=1,0.43,0.43649169522454834,READY,
Auckland,PollenIsland,PollenIsland_shoreline.shp,Z:\Retrolens\Auckland\PollenIsland\Shorelines\PollenIsland_shoreline.shp,213,2024-01-01,DSAS_Date,attribute table,LDS,attribute table,0.075,attribute table:Pixel_ER,,0.0,attribute table:Georef_ER,,1,defaulted to CPS=1,0.43,0.43649169522454834,READY,
Auckland,PollenIsland,PollenIsland_shoreline.shp,Z:\Retrolens\Auckland\PollenIsland\Shorelines\PollenIsland_shoreline.shp,214,2024-01-01,DSAS_Date,attribute table,LDS,attribute table,0.075,attribute table:Pixel_ER,,0.0,attribute table:Georef_ER,,1,defaulted to CPS=1,0.43,0.43649169522454834,READY,
Auckland,PollenIsland,PollenIsland_shoreline.shp,Z:\Retrolens\Auckland\PollenIsland\Shorelines\PollenIsland_shoreline.shp,215,2024-01-01,DSAS_Date,attribute table,LDS,attribute table,0.075,attribute table:Pixel_ER,,0.0,attribute table:Georef_ER,,1,defaulted to CPS=1,0.43,0.43649169522454834,READY,
Auckland,PollenIsland,PollenIsland_shoreline.shp,Z:\Retrolens\Auckland\PollenIsland\Shorelines\PollenIsland_shoreline.shp,216,2024-01-01,DSAS_Date,attribute table,LDS,attribute table,0.075,attribute table:Pixel_ER,,0.0,attribute table:Georef_ER,,1,defaulted to CPS=1,0.43,0.43649169522454834,READY,
Auckland,PollenIsland,PollenIsland_shoreline.shp,Z:\Retrolens\Auckland\PollenIsland\Shorelines\PollenIsland_shoreline.shp,217,2024-01-01,DSAS_Date,attribute table,LDS,attribute table,0.075,attribute table:Pixel_ER,,0.0,attribute table:Georef_ER,,1,defaulted to CPS=1,0.43,0.43649169522454834,READY,
Auckland,PollenIsland,PollenIsland_shoreline.shp,Z:\Retrolens\Auckland\PollenIsland\Shorelines\PollenIsland_shoreline.shp,218,2024-01-01,DSAS_Date,attribute table,LDS,attribute table,0.075,attribute table:Pixel_ER,,0.0,attribute table:Georef_ER,,1,defaulted to CPS=1,0.43,0.43649169522454834,READY,
Auckland,PollenIsland,PollenIsland_shoreline.shp,Z:\Retrolens\Auckland\PollenIsland\Shorelines\PollenIsland_shoreline.shp,219,2024-01-01,DSAS_Date,attribute table,LDS,attribute table,0.075,attribute table:Pixel_ER,,0.0,attribute table:Georef_ER,,1,defaulted to CPS=1,0.43,0.43649169522454834,READY,
Auckland,PollenIsland,PollenIsland_shoreline.shp,Z:\Retrolens\Auckland\PollenIsland\Shorelines\PollenIsland_shoreline.shp,220,2024-01-01,DSAS_Date,attribute table,LDS,attribute table,0.075,attribute table:Pixel_ER,,0.0,attribute table:Georef_ER,,1,defaulted to CPS=1,0.43,0.43649169522454834,READY,
Auckland,PollenIsland,PollenIsland_shoreline.shp,Z:\Retrolens\Auckland\PollenIsland\Shorelines\PollenIsland_shoreline.shp,221,2024-01-01,DSAS_Date,attribute table,LDS,attribute table,0.075,attribute table:Pixel_ER,,0.0,attribute table:Georef_ER,,1,defaulted to CPS=1,0.43,0.43649169522454834,READY,
Auckland,PollenIsland,PollenIsland_shoreline.shp,Z:\Retrolens\Auckland\PollenIsland\Shorelines\PollenIsland_shoreline.shp,222,2024-01-01,DSAS_Date,attribute table,LDS,attribute table,0.075,attribute table:Pixel_ER,,0.0,attribute table:Georef_ER,,1,defaulted to CPS=1,0.43,0.43649169522454834,READY,
Auckland,PollenIsland,PollenIsland_shoreline.shp,Z:\Retrolens\Auckland\PollenIsland\Shorelines\PollenIsland_shoreline.shp,223,2024-01-01,DSAS_Date,attribute table,LDS,attribute table,0.075,attribute table:Pixel_ER,,0.0,attribute table:Georef_ER,,1,defaulted to CPS=1,0.43,0.43649169522454834,READY,
Auckland,PollenIsland,PollenIsland_shoreline.shp,Z:\Retrolens\Auckland\PollenIsland\Shorelines\PollenIsland_shoreline.shp,224,2024-01-01,DSAS_Date,attribute table,LDS,attribute table,0.075,attribute table:Pixel_ER,,0.0,attribute table:Georef_ER,,1,defaulted to CPS=1,0.43,0.43649169522454834,READY,
Auckland,PollenIsland,PollenIsland_shoreline.shp,Z:\Retrolens\Auckland\PollenIsland\Shorelines\PollenIsland_shoreline.shp,225,2024-01-01,DSAS_Date,attribute table,LDS,attribute table,0.075,attribute table:Pixel_ER,,0.0,attribute table:Georef_ER,,1,defaulted to CPS=1,0.43,0.43649169522454834,READY,
Auckland,PollenIsland,PollenIsland_shoreline.shp,Z:\Retrolens\Auckland\PollenIsland\Shorelines\PollenIsland_shoreline.shp,226,2024-01-01,DSAS_Date,attribute table,LDS,attribute table,0.075,attribute table:Pixel_ER,,0.0,attribute table:Georef_ER,,1,defaulted to CPS=1,0.43,0.43649169522454834,READY,
Auckland,PollenIsland,PollenIsland_shoreline.shp,Z:\Retrolens\Auckland\PollenIsland\Shorelines\PollenIsland_shoreline.shp,227,2024-01-01,DSAS_Date,attribute table,LDS,attribute table,0.075,attribute table:Pixel_ER,,0.0,attribute table:Georef_ER,,1,defaulted to CPS=1,0.43,0.43649169522454834,READY,
Auckland,ShellyBeach,ShellyBeach_29JUN2012.shp,Z:\Retrolens\Auckland\ShellyBeach\Shorelines\ShellyBeach_29JUN2012.shp,0,2012-06-29,Date,attribute table,LDS,attribute table,0.5,attribute table:Pixel_Er,,0.0,attribute table:Georef_ER,,2,attribute table:CPS,0.73,0.8848163651289458,READY,
Auckland,ShellyBeach,ShellyBeach_29JUN2012.shp,Z:\Retrolens\Auckland\ShellyBeach\Shorelines\ShellyBeach_29JUN2012.shp,1,2012-06-29,Date,attribute table,LDS,attribute table,0.5,attribute table:Pixel_Er,,0.0,attribute table:Georef_ER,,2,attribute table:CPS,0.73,0.8848163651289458,READY,
Auckland,ShellyBeach,ShellyBeach_29JUN2012.shp,Z:\Retrolens\Auckland\ShellyBeach\Shorelines\ShellyBeach_29JUN2012.shp,2,2012-06-29,Date,attribute table,LDS,attribute table,0.5,attribute table:Pixel_Er,,0.0,attribute table:Georef_ER,,2,attribute table:CPS,0.73,0.8848163651289458,READY,
Auckland,ShellyBeach,ShellyBeach_29JUN2012.shp,Z:\Retrolens\Auckland\ShellyBeach\Shorelines\ShellyBeach_29JUN2012.shp,3,2012-06-29,Date,attribute table,LDS,attribute table,0.5,attribute table:Pixel_Er,,0.0,attribute table:Georef_ER,,2,attribute table:CPS,0.73,0.8848163651289458,READY,
Auckland,ShellyBeach,ShellyBeach_29JUN2012.shp,Z:\Retrolens\Auckland\ShellyBeach\Shorelines\ShellyBeach_29JUN2012.shp,4,2012-06-29,Date,attribute table,LDS,attribute table,0.5,attribute table:Pixel_Er,,0.0,attribute table:Georef_ER,,2,attribute table:CPS,0.73,0.8848163651289458,READY,
Auckland,ShellyBeach,ShellyBeach_29JUN2012.shp,Z:\Retrolens\Auckland\ShellyBeach\Shorelines\ShellyBeach_29JUN2012.shp,5,2012-06-29,Date,attribute table,LDS,attribute table,0.5,attribute table:Pixel_Er,,0.0,attribute table:Georef_ER,,2,attribute table:CPS,0.73,0.8848163651289458,READY,
Auckland,ShellyBeach,ShellyBeach_29JUN2012.shp,Z:\Retrolens\Auckland\ShellyBeach\Shorelines\ShellyBeach_29JUN2012.shp,6,2012-06-29,Date,attribute table,LDS,attribute table,0.5,attribute table:Pixel_Er,,0.0,attribute table:Georef_ER,,2,attribute table:CPS,0.73,0.8848163651289458,READY,
Auckland,ShellyBeach,ShellyBeach_29JUN2012.shp,Z:\Retrolens\Auckland\ShellyBeach\Shorelines\ShellyBeach_29JUN2012.shp,7,2012-06-29,Date,attribute table,LDS,attribute table,0.5,attribute table:Pixel_Er,,0.0,attribute table:Georef_ER,,2,attribute table:CPS,0.73,0.8848163651289458,READY,
Auckland,ShellyBeach,ShellyBeach_29JUN2012.shp,Z:\Retrolens\Auckland\ShellyBeach\Shorelines\ShellyBeach_29JUN2012.shp,8,2012-06-29,Date,attribute table,LDS,attribute table,0.5,attribute table:Pixel_Er,,0.0,attribute table:Georef_ER,,2,attribute table:CPS,0.73,0.8848163651289458,READY,
Auckland,ShellyBeach,ShellyBeach_29JUN2012.shp,Z:\Retrolens\Auckland\ShellyBeach\Shorelines\ShellyBeach_29JUN2012.shp,9,2012-06-29,Date,attribute table,LDS,attribute table,0.5,attribute table:Pixel_Er,,0.0,attribute table:Georef_ER,,2,attribute table:CPS,0.73,0.8848163651289458,READY,
Auckland,ShellyBeach,ShellyBeach_29JUN2012.shp,Z:\Retrolens\Auckland\ShellyBeach\Shorelines\ShellyBeach_29JUN2012.shp,10,2012-06-29,Date,attribute table,LDS,attribute table,0.5,attribute table:Pixel_Er,,0.0,attribute table:Georef_ER,,4,attribute table:CPS,2.07,2.129530464679949,READY,
Auckland,ShellyBeach,ShellyBeach_29JUN2012.shp,Z:\Retrolens\Auckland\ShellyBeach\Shorelines\ShellyBeach_29JUN2012.shp,11,2012-06-29,Date,attribute table,LDS,attribute table,0.5,attribute table:Pixel_Er,,0.0,attribute table:Georef_ER,,2,attribute table:CPS,0.73,0.8848163651289458,READY,
Auckland,ShellyBeach,ShellyBeach_29JUN2012.shp,Z:\Retrolens\Auckland\ShellyBeach\Shorelines\ShellyBeach_29JUN2012.shp,12,2012-06-29,Date,attribute table,LDS,attribute table,0.5,attribute table:Pixel_Er,,0.0,attribute table:Georef_ER,,2,attribute table:CPS,0.73,0.8848163651289458,READY,
Auckland,ShellyBeach,ShellyBeach_17JAN2022.shp,Z:\Retrolens\Auckland\ShellyBeach\Shorelines\ShellyBeach_17JAN2022.shp,0,2022-01-17,Date,attribute table,LDS,attribute table,0.075,attribute table:Pixel_Er,,0.0,attribute table:Georef_ER,,3,attribute table:CPS,0.97,0.9728951639308318,READY,
Auckland,ShellyBeach,ShellyBeach_17JAN2022.shp,Z:\Retrolens\Auckland\ShellyBeach\Shorelines\ShellyBeach_17JAN2022.shp,1,2022-01-17,Date,attribute table,LDS,attribute table,0.075,attribute table:Pixel_Er,,0.0,attribute table:Georef_ER,,3,attribute table:CPS,0.97,0.9728951639308318,READY,
Auckland,ShellyBeach,ShellyBeach_17JAN2022.shp,Z:\Retrolens\Auckland\ShellyBeach\Shorelines\ShellyBeach_17JAN2022.shp,2,2022-01-17,Date,attribute table,LDS,attribute table,0.075,attribute table:Pixel_Er,,0.0,attribute table:Georef_ER,,3,attribute table:CPS,0.97,0.9728951639308318,READY,
Auckland,ShellyBeach,ShellyBeach_17JAN2022.shp,Z:\Retrolens\Auckland\ShellyBeach\Shorelines\ShellyBeach_17JAN2022.shp,3,2022-01-17,Date,attribute table,LDS,attribute table,0.075,attribute table:Pixel_Er,,0.0,attribute table:Georef_ER,,3,attribute table:CPS,0.97,0.9728951639308318,READY,
Auckland,ShellyBeach,ShellyBeach_17JAN2022.shp,Z:\Retrolens\Auckland\ShellyBeach\Shorelines\ShellyBeach_17JAN2022.shp,4,2022-01-17,Date,attribute table,LDS,attribute table,0.075,attribute table:Pixel_Er,,0.0,attribute table:Georef_ER,,3,attribute table:CPS,0.97,0.9728951639308318,READY,
Auckland,ShellyBeach,ShellyBeach_17JAN2022.shp,Z:\Retrolens\Auckland\ShellyBeach\Shorelines\ShellyBeach_17JAN2022.shp,5,2022-01-17,Date,attribute table,LDS,attribute table,0.075,attribute table:Pixel_Er,,0.0,attribute table:Georef_ER,,3,attribute table:CPS,0.97,0.9728951639308318,READY,
Auckland,ShellyBeach,ShellyBeach_17JAN2022.shp,Z:\Retrolens\Auckland\ShellyBeach\Shorelines\ShellyBeach_17JAN2022.shp,6,2022-01-17,Date,attribute table,LDS,attribute table,0.075,attribute table:Pixel_Er,,0.0,attribute table:Georef_ER,,3,attribute table:CPS,0.97,0.9728951639308318,READY,
Auckland,ShellyBeach,ShellyBeach_17JAN2022.shp,Z:\Retrolens\Auckland\ShellyBeach\Shorelines\ShellyBeach_17JAN2022.shp,7,2022-01-17,Date,attribute table,LDS,attribute table,0.075,attribute table:Pixel_Er,,0.0,attribute table:Georef_ER,,3,attribute table:CPS,0.97,0.9728951639308318,READY,
Auckland,ShellyBeach,ShellyBeach_17JAN2022.shp,Z:\Retrolens\Auckland\ShellyBeach\Shorelines\ShellyBeach_17JAN2022.shp,8,2022-01-17,Date,attribute table,LDS,attribute table,0.075,attribute table:Pixel_Er,,0.0,attribute table:Georef_ER,,3,attribute table:CPS,0.97,0.9728951639308318,READY,
Auckland,ShellyBeach,ShellyBeach_17JAN2022.shp,Z:\Retrolens\Auckland\ShellyBeach\Shorelines\ShellyBeach_17JAN2022.shp,9,2022-01-17,Date,attribute table,LDS,attribute table,0.075,attribute table:Pixel_Er,,0.0,attribute table:Georef_ER,,3,attribute table:CPS,0.97,0.9728951639308318,READY,
Auckland,ShellyBeach,ShellyBeach_17JAN2022.shp,Z:\Retrolens\Auckland\ShellyBeach\Shorelines\ShellyBeach_17JAN2022.shp,10,2022-01-17,Date,attribute table,LDS,attribute table,0.075,attribute table:Pixel_Er,,0.0,attribute table:Georef_ER,,3,attribute table:CPS,0.97,0.9728951639308318,READY,
Auckland,ShellyBeach,ShellyBeach_17JAN2022.shp,Z:\Retrolens\Auckland\ShellyBeach\Shorelines\ShellyBeach_17JAN2022.shp,11,2022-01-17,Date,attribute table,LDS,attribute table,0.075,attribute table:Pixel_Er,,0.0,attribute table:Georef_ER,,3,attribute table:CPS,0.97,0.9728951639308318,READY,
Auckland,ShellyBeach,ShellyBeach_18MAR2024.shp,Z:\Retrolens\Auckland\ShellyBeach\Shorelines\ShellyBeach_18MAR2024.shp,0,2024-03-18,Date,attribute table,MAX,attribute table,0.49,attribute table:Pixel_Er,,1.17,attribute table:Georef_ER,,2,attribute table:CPS,0.73,1.4635231463834113,READY,
Auckland,ShellyBeach,ShellyBeach_28SEP1968.shp,Z:\Retrolens\Auckland\ShellyBeach\Shorelines\ShellyBeach_28SEP1968.shp,0,1968-09-28,Date,attribute table,RL,attribute table,1.84,attribute table:Pixel_Er,,2.9,attribute table:Georef_ER,,2,attribute table:CPS,0.73,3.5111963773050348,READY,
Auckland,ShellyBeach,ShellyBeach_28SEP1968.shp,Z:\Retrolens\Auckland\ShellyBeach\Shorelines\ShellyBeach_28SEP1968.shp,1,1968-09-28,Date,attribute table,RL,attribute table,1.84,attribute table:Pixel_Er,,2.9,attribute table:Georef_ER,,3,attribute table:CPS,0.97,3.5688233354986907,READY,
Auckland,ShellyBeach,ShellyBeach_28SEP1968.shp,Z:\Retrolens\Auckland\ShellyBeach\Shorelines\ShellyBeach_28SEP1968.shp,2,1968-09-28,Date,attribute table,RL,attribute table,1.84,attribute table:Pixel_Er,,2.9,attribute table:Georef_ER,,2,attribute table:CPS,0.73,3.5111963773050348,READY,
Auckland,ShellyBeach,ShellyBeach_28SEP1968.shp,Z:\Retrolens\Auckland\ShellyBeach\Shorelines\ShellyBeach_28SEP1968.shp,3,1968-09-28,Date,attribute table,RL,attribute table,1.84,attribute table:Pixel_Er,,2.9,attribute table:Georef_ER,,2,attribute table:CPS,0.73,3.5111963773050348,READY,
Auckland,ShellyBeach,ShellyBeach_28SEP1968.shp,Z:\Retrolens\Auckland\ShellyBeach\Shorelines\ShellyBeach_28SEP1968.shp,4,1968-09-28,Date,attribute table,RL,attribute table,1.84,attribute table:Pixel_Er,,2.9,attribute table:Georef_ER,,2,attribute table:CPS,0.73,3.5111963773050348,READY,
Auckland,ShellyBeach,ShellyBeach_28SEP1968.shp,Z:\Retrolens\Auckland\ShellyBeach\Shorelines\ShellyBeach_28SEP1968.shp,5,1968-09-28,Date,attribute table,RL,attribute table,1.84,attribute table:Pixel_Er,,2.9,attribute table:Georef_ER,,2,attribute table:CPS,0.73,3.5111963773050348,READY,
Auckland,ShellyBeach,ShellyBeach_28SEP1968.shp,Z:\Retrolens\Auckland\ShellyBeach\Shorelines\ShellyBeach_28SEP1968.shp,6,1968-09-28,Date,attribute table,RL,attribute table,1.84,attribute table:Pixel_Er,,2.9,attribute table:Georef_ER,,2,attribute table:CPS,0.73,3.5111963773050348,READY,
Auckland,ShellyBeach,ShellyBeach_28SEP1968.shp,Z:\Retrolens\Auckland\ShellyBeach\Shorelines\ShellyBeach_28SEP1968.shp,7,1968-09-28,Date,attribute table,RL,attribute table,1.84,attribute table:Pixel_Er,,2.9,attribute table:Georef_ER,,2,attribute table:CPS,0.73,3.5111963773050348,READY,
Auckland,ShellyBeach,ShellyBeach_28SEP1968.shp,Z:\Retrolens\Auckland\ShellyBeach\Shorelines\ShellyBeach_28SEP1968.shp,8,1968-09-28,Date,attribute table,RL,attribute table,1.84,attribute table:Pixel_Er,,2.9,attribute table:Georef_ER,,2,attribute table:CPS,0.73,3.5111963773050348,READY,
Auckland,ShellyBeach,ShellyBeach_28SEP1968.shp,Z:\Retrolens\Auckland\ShellyBeach\Shorelines\ShellyBeach_28SEP1968.shp,9,1968-09-28,Date,attribute table,RL,attribute table,1.84,attribute table:Pixel_Er,,2.9,attribute table:Georef_ER,,2,attribute table:CPS,0.73,3.5111963773050348,READY,
Auckland,ShellyBeach,ShellyBeach_24APR1940.shp,Z:\Retrolens\Auckland\ShellyBeach\Shorelines\ShellyBeach_24APR1940.shp,0,1940-04-24,Date,attribute table,RL,attribute table,0.54,attribute table:Pixel_Er,,2.09,attribute table:Georef_ER,,2,attribute table:CPS,0.73,2.278727715195477,READY,
Auckland,ShellyBeach,ShellyBeach_24APR1940.shp,Z:\Retrolens\Auckland\ShellyBeach\Shorelines\ShellyBeach_24APR1940.shp,1,1940-04-24,Date,attribute table,RL,attribute table,0.54,attribute table:Pixel_Er,,2.09,attribute table:Georef_ER,,2,attribute table:CPS,0.73,2.278727715195477,READY,
Auckland,ShellyBeach,ShellyBeach_24APR1940.shp,Z:\Retrolens\Auckland\ShellyBeach\Shorelines\ShellyBeach_24APR1940.shp,2,1940-04-24,Date,attribute table,RL,attribute table,0.54,attribute table:Pixel_Er,,2.09,attribute table:Georef_ER,,2,attribute table:CPS,0.73,2.278727715195477,READY,
Auckland,ShellyBeach,ShellyBeach_24APR1940.shp,Z:\Retrolens\Auckland\ShellyBeach\Shorelines\ShellyBeach_24APR1940.shp,3,1940-04-24,Date,attribute table,RL,attribute table,0.54,attribute table:Pixel_Er,,2.09,attribute table:Georef_ER,,2,attribute table:CPS,0.73,2.278727715195477,READY,
Auckland,ShellyBeach,ShellyBeach_24APR1940.shp,Z:\Retrolens\Auckland\ShellyBeach\Shorelines\ShellyBeach_24APR1940.shp,4,1940-04-24,Date,attribute table,RL,attribute table,0.54,attribute table:Pixel_Er,,2.09,attribute table:Georef_ER,,2,attribute table:CPS,0.73,2.278727715195477,READY,
Auckland,ShellyBeach,ShellyBeach_24APR1940.shp,Z:\Retrolens\Auckland\ShellyBeach\Shorelines\ShellyBeach_24APR1940.shp,5,1940-04-24,Date,attribute table,RL,attribute table,0.54,attribute table:Pixel_Er,,2.09,attribute table:Georef_ER,,2,attribute table:CPS,0.73,2.278727715195477,READY,
Auckland,ShellyBeach,ShellyBeach_24APR1940.shp,Z:\Retrolens\Auckland\ShellyBeach\Shorelines\ShellyBeach_24APR1940.shp,6,1940-04-24,Date,attribute table,RL,attribute table,0.54,attribute table:Pixel_Er,,2.09,attribute table:Georef_ER,,2,attribute table:CPS,0.73,2.278727715195477,READY,
Auckland,ShellyBeach,ShellyBeach_24APR1940.shp,Z:\Retrolens\Auckland\ShellyBeach\Shorelines\ShellyBeach_24APR1940.shp,7,1940-04-24,Date,attribute table,RL,attribute table,0.54,attribute table:Pixel_Er,,2.09,attribute table:Georef_ER,,2,attribute table:CPS,0.73,2.278727715195477,READY,
Auckland,ShellyBeach,ShellyBeach_24APR1940.shp,Z:\Retrolens\Auckland\ShellyBeach\Shorelines\ShellyBeach_24APR1940.shp,8,1940-04-24,Date,attribute table,RL,attribute table,0.54,attribute table:Pixel_Er,,2.09,attribute table:Georef_ER,,2,attribute table:CPS,0.73,2.278727715195477,READY,
Auckland,ShellyBeach,ShellyBeach_02MAY1996.shp,Z:\Retrolens\Auckland\ShellyBeach\Shorelines\ShellyBeach_02MAY1996.shp,0,1996-05-02,Date,attribute table,RL,attribute table,1.93,attribute table:Pixel_Er,,2.9,attribute table:Georef_ER,,2,attribute table:CPS,0.73,3.5591853000370746,READY,
Auckland,ShellyBeach,ShellyBeach_02MAY1996.shp,Z:\Retrolens\Auckland\ShellyBeach\Shorelines\ShellyBeach_02MAY1996.shp,1,1996-05-02,Date,attribute table,RL,attribute table,1.93,attribute table:Pixel_Er,,2.9,attribute table:Georef_ER,,2,attribute table:CPS,0.73,3.5591853000370746,READY,
Auckland,ShellyBeach,ShellyBeach_02MAY1996.shp,Z:\Retrolens\Auckland\ShellyBeach\Shorelines\ShellyBeach_02MAY1996.shp,2,1996-05-02,Date,attribute table,RL,attribute table,1.93,attribute table:Pixel_Er,,2.9,attribute table:Georef_ER,,2,attribute table:CPS,0.73,3.5591853000370746,READY,
Auckland,ShellyBeach,ShellyBeach_17NOV1987.shp,Z:\Retrolens\Auckland\ShellyBeach\Shorelines\ShellyBeach_17NOV1987.shp,0,1987-11-17,Date,attribute table,RL,attribute table,1e-06,attribute table:Pixel_Er,,2.43,attribute table:Georef_ER,,2,attribute table:CPS,0.73,2.537282010341184,READY,
Auckland,ShellyBeach,ShellyBeach_17NOV1987.shp,Z:\Retrolens\Auckland\ShellyBeach\Shorelines\ShellyBeach_17NOV1987.shp,1,1987-11-17,Date,attribute table,RL,attribute table,1e-06,attribute table:Pixel_Er,,2.43,attribute table:Georef_ER,,2,attribute table:CPS,0.73,2.537282010341184,READY,
Auckland,ShellyBeach,ShellyBeach_17NOV1987.shp,Z:\Retrolens\Auckland\ShellyBeach\Shorelines\ShellyBeach_17NOV1987.shp,2,1987-11-17,Date,attribute table,RL,attribute table,1e-06,attribute table:Pixel_Er,,2.43,attribute table:Georef_ER,,3,attribute table:CPS,0.97,2.6164479738762245,READY,
Auckland,ShellyBeach,ShellyBeach_17NOV1987.shp,Z:\Retrolens\Auckland\ShellyBeach\Shorelines\ShellyBeach_17NOV1987.shp,3,1987-11-17,Date,attribute table,RL,attribute table,1e-06,attribute table:Pixel_Er,,2.43,attribute table:Georef_ER,,2,attribute table:CPS,0.73,2.537282010341184,READY,
Auckland,ShellyBeach,ShellyBeach_17NOV1987.shp,Z:\Retrolens\Auckland\ShellyBeach\Shorelines\ShellyBeach_17NOV1987.shp,4,1987-11-17,Date,attribute table,RL,attribute table,1e-06,attribute table:Pixel_Er,,2.43,attribute table:Georef_ER,,2,attribute table:CPS,0.73,2.537282010341184,READY,
Auckland,ShellyBeach,ShellyBeach_17NOV1987.shp,Z:\Retrolens\Auckland\ShellyBeach\Shorelines\ShellyBeach_17NOV1987.shp,5,1987-11-17,Date,attribute table,RL,attribute table,1e-06,attribute table:Pixel_Er,,2.43,attribute table:Georef_ER,,3,attribute table:CPS,0.97,2.6164479738762245,READY,
Auckland,ShellyBeach,ShellyBeach_17NOV1987.shp,Z:\Retrolens\Auckland\ShellyBeach\Shorelines\ShellyBeach_17NOV1987.shp,6,1987-11-17,Date,attribute table,RL,attribute table,1e-06,attribute table:Pixel_Er,,2.43,attribute table:Georef_ER,,2,attribute table:CPS,0.73,2.537282010341184,READY,
Auckland,ShellyBeach,ShellyBeach_17NOV1987.shp,Z:\Retrolens\Auckland\ShellyBeach\Shorelines\ShellyBeach_17NOV1987.shp,7,1987-11-17,Date,attribute table,RL,attribute table,1e-06,attribute table:Pixel_Er,,2.43,attribute table:Georef_ER,,2,attribute table:CPS,0.73,2.537282010341184,READY,
Auckland,ShellyBeach,ShellyBeach_17NOV1987.shp,Z:\Retrolens\Auckland\ShellyBeach\Shorelines\ShellyBeach_17NOV1987.shp,8,1987-11-17,Date,attribute table,RL,attribute table,1e-06,attribute table:Pixel_Er,,2.43,attribute table:Georef_ER,,2,attribute table:CPS,0.73,2.537282010341184,READY,
Auckland,ShellyBeach,ShellyBeach_17NOV1987.shp,Z:\Retrolens\Auckland\ShellyBeach\Shorelines\ShellyBeach_17NOV1987.shp,9,1987-11-17,Date,attribute table,RL,attribute table,1e-06,attribute table:Pixel_Er,,2.43,attribute table:Georef_ER,,2,attribute table:CPS,0.73,2.537282010341184,READY,
Auckland,ShellyBeach,ShellyBeach_17NOV1987.shp,Z:\Retrolens\Auckland\ShellyBeach\Shorelines\ShellyBeach_17NOV1987.shp,10,1987-11-17,Date,attribute table,RL,attribute table,1e-06,attribute table:Pixel_Er,,2.43,attribute table:Georef_ER,,2,attribute table:CPS,0.73,2.537282010341184,READY,
Auckland,ShellyBeach,ShellyBeach_17NOV1987.shp,Z:\Retrolens\Auckland\ShellyBeach\Shorelines\ShellyBeach_17NOV1987.shp,11,1987-11-17,Date,attribute table,RL,attribute table,1e-06,attribute table:Pixel_Er,,2.43,attribute table:Georef_ER,,2,attribute table:CPS,0.73,2.537282010341184,READY,
Auckland,ShellyBeach,ShellyBeach_15MAY1975.shp,Z:\Retrolens\Auckland\ShellyBeach\Shorelines\ShellyBeach_15MAY1975.shp,0,1975-05-15,Date,attribute table,RL,attribute table,1.93,attribute table:Pixel_Er,,2.9,attribute table:Georef_ER,,2,attribute table:CPS,0.73,3.5591853000370746,READY,
Auckland,ShellyBeach,ShellyBeach_15MAY1975.shp,Z:\Retrolens\Auckland\ShellyBeach\Shorelines\ShellyBeach_15MAY1975.shp,1,1975-05-15,Date,attribute table,RL,attribute table,1.93,attribute table:Pixel_Er,,2.9,attribute table:Georef_ER,,2,attribute table:CPS,0.73,3.5591853000370746,READY,
Auckland,ShellyBeach,ShellyBeach_15MAY1975.shp,Z:\Retrolens\Auckland\ShellyBeach\Shorelines\ShellyBeach_15MAY1975.shp,2,1975-05-15,Date,attribute table,RL,attribute table,1.93,attribute table:Pixel_Er,,2.9,attribute table:Georef_ER,,2,attribute table:CPS,0.73,3.5591853000370746,READY,
Auckland,ShellyBeach,ShellyBeach_15MAY1975.shp,Z:\Retrolens\Auckland\ShellyBeach\Shorelines\ShellyBeach_15MAY1975.shp,3,1975-05-15,Date,attribute table,RL,attribute table,1.93,attribute table:Pixel_Er,,2.9,attribute table:Georef_ER,,2,attribute table:CPS,0.73,3.5591853000370746,READY,
Auckland,ShellyBeach,ShellyBeach_15MAY1975.shp,Z:\Retrolens\Auckland\ShellyBeach\Shorelines\ShellyBeach_15MAY1975.shp,4,1975-05-15,Date,attribute table,RL,attribute table,1.93,attribute table:Pixel_Er,,2.9,attribute table:Georef_ER,,2,attribute table:CPS,0.73,3.5591853000370746,READY,
Auckland,ShellyBeach,ShellyBeach_15MAY1975.shp,Z:\Retrolens\Auckland\ShellyBeach\Shorelines\ShellyBeach_15MAY1975.shp,5,1975-05-15,Date,attribute table,RL,attribute table,1.93,attribute table:Pixel_Er,,2.9,attribute table:Georef_ER,,2,attribute table:CPS,0.73,3.5591853000370746,READY,
Auckland,ShellyBeach,ShellyBeach_15MAY1975.shp,Z:\Retrolens\Auckland\ShellyBeach\Shorelines\ShellyBeach_15MAY1975.shp,6,1975-05-15,Date,attribute table,RL,attribute table,1.93,attribute table:Pixel_Er,,2.9,attribute table:Georef_ER,,2,attribute table:CPS,0.73,3.5591853000370746,READY,
Auckland,ShellyBeach,ShellyBeach_15MAY1975.shp,Z:\Retrolens\Auckland\ShellyBeach\Shorelines\ShellyBeach_15MAY1975.shp,7,1975-05-15,Date,attribute table,RL,attribute table,1.93,attribute table:Pixel_Er,,2.9,attribute table:Georef_ER,,2,attribute table:CPS,0.73,3.5591853000370746,READY,
Auckland,ShellyBeach,ShellyBeach_15MAY1975.shp,Z:\Retrolens\Auckland\ShellyBeach\Shorelines\ShellyBeach_15MAY1975.shp,8,1975-05-15,Date,attribute table,RL,attribute table,1.93,attribute table:Pixel_Er,,2.9,attribute table:Georef_ER,,4,attribute table:CPS,2.07,4.052135239598995,READY,
Auckland,ShoalBay,ShoalBay_Shorelines_All.shp,Z:\Retrolens\Auckland\ShoalBay\Shorelines\ShoalBay_Shorelines_All.shp,0,2024-01-01,DSAS_Date,attribute table,LDS,attribute table,0.075,attribute table:Pixel_ER,,0.0,attribute table:Georef_ER,,1,defaulted to CPS=1,0.43,0.43649169522454834,READY,
Auckland,ShoalBay,ShoalBay_Shorelines_All.shp,Z:\Retrolens\Auckland\ShoalBay\Shorelines\ShoalBay_Shorelines_All.shp,1,2003-01-01,DSAS_Date,attribute table,LDS,attribute table,2.5,attribute table:Pixel_ER,,0.0,attribute table:Georef_ER,,1,defaulted to CPS=1,0.43,2.536710468303389,READY,
Auckland,ShoalBay,ShoalBay_Shorelines_All.shp,Z:\Retrolens\Auckland\ShoalBay\Shorelines\ShoalBay_Shorelines_All.shp,2,1986-04-15,DSAS_Date,attribute table,RL,attribute table,0.2798469538325,gml-sidecar:stack-exact-date:1986-04-15:ShoalBay_1986Apr15.jp2,Z:\Retrolens\Auckland\ShoalBay\Stack\ShoalBay_1986Apr15.jp2,2.09,attribute table:Georef_ER,,1,defaulted to CPS=1,0.43,2.152048865051472,READY,
Auckland,ShoalBay,ShoalBay_Shorelines_All.shp,Z:\Retrolens\Auckland\ShoalBay\Shorelines\ShoalBay_Shorelines_All.shp,3,1975-07-31,DSAS_Date,attribute table,RL,attribute table,1.30040963094849,gml-sidecar:stack-exact-date:1975-07-31:ShoalBay_1975Jul31.jp2,Z:\Retrolens\Auckland\ShoalBay\Stack\ShoalBay_1975Jul31.jp2,2.9,attribute table:Georef_ER,,1,defaulted to CPS=1,0.43,3.2071740221359346,READY,
Auckland,ShoalBay,ShoalBay_Shorelines_All.shp,Z:\Retrolens\Auckland\ShoalBay\Shorelines\ShoalBay_Shorelines_All.shp,4,1968-09-28,DSAS_Date,attribute table,RL,attribute table,1.87243220233024,gml-sidecar:stack-exact-date:1968-09-28:ShoalBay_1968Sep28.jp2,Z:\Retrolens\Auckland\ShoalBay\Stack\ShoalBay_1968Sep28.jp2,2.9,attribute table:Georef_ER,,1,defaulted to CPS=1,0.43,3.4786351277941288,READY,
Auckland,ShoalBay,ShoalBay_Shorelines_All.shp,Z:\Retrolens\Auckland\ShoalBay\Shorelines\ShoalBay_Shorelines_All.shp,5,1940-04-22,DSAS_Date,attribute table,RL,attribute table,0.507259301121059,gml-sidecar:stack-exact-date:1940-04-22:ShoalBay_1940Apr22.jp2,Z:\Retrolens\Auckland\ShoalBay\Stack\ShoalBay_1940Apr22.jp2,2.09,attribute table:Georef_ER,,1,defaulted to CPS=1,0.43,2.193242348344985,READY,
Auckland,ShoalBay,ShoalBay_Shorelines_All.shp,Z:\Retrolens\Auckland\ShoalBay\Shorelines\ShoalBay_Shorelines_All.shp,6,1963-04-27,DSAS_Date,attribute table,RL,attribute table,0.446412763849012,gml-sidecar:stack-exact-date:1963-04-27:ShoalBay_1963Apr27.jp2,Z:\Retrolens\Auckland\ShoalBay\Stack\ShoalBay_1963Apr27.jp2,2.09,attribute table:Georef_ER,,1,defaulted to CPS=1,0.43,2.179973475922887,READY,
Auckland,ShoalBay,ShoalBay_Shorelines_All.shp,Z:\Retrolens\Auckland\ShoalBay\Shorelines\ShoalBay_Shorelines_All.shp,7,1950-09-19,DSAS_Date,attribute table,RL,attribute table,0.504728597623357,gml-sidecar:stack-exact-date:1950-09-19:ShoalBay_1950Sep19.jp2,Z:\Retrolens\Auckland\ShoalBay\Stack\ShoalBay_1950Sep19.jp2,2.09,attribute table:Georef_ER,,1,defaulted to CPS=1,0.43,2.1926584223856755,READY,
Auckland,ShoalBay,ShoalBay_Shorelines_All.shp,Z:\Retrolens\Auckland\ShoalBay\Shorelines\ShoalBay_Shorelines_All.shp,8,2012-01-01,DSAS_Date,attribute table,LDS,attribute table,0.5,attribute table:Pixel_ER,,0.0,attribute table:Georef_ER,,1,defaulted to CPS=1,0.43,0.6594694837519018,READY,
Auckland,ShoalBay,ShoalBay_Shorelines_All.shp,Z:\Retrolens\Auckland\ShoalBay\Shorelines\ShoalBay_Shorelines_All.shp,9,2017-01-01,DSAS_Date,attribute table,LDS,attribute table,0.075,attribute table:Pixel_ER,,0.0,attribute table:Georef_ER,,1,defaulted to CPS=1,0.43,0.43649169522454834,READY,
Auckland,SoldiersBay,SoldiersBay_shorelines.shp,Z:\Retrolens\Auckland\SoldiersBay\Shorelines\SoldiersBay_shorelines.shp,0,2024-01-01,DSAS_Date,attribute table,LDS,attribute table,0.075,attribute table:Pixel_ER,,0.0,attribute table:Georef_ER,,1,defaulted to CPS=1,0.43,0.43649169522454834,READY,
Auckland,SoldiersBay,SoldiersBay_shorelines.shp,Z:\Retrolens\Auckland\SoldiersBay\Shorelines\SoldiersBay_shorelines.shp,1,2017-01-01,DSAS_Date,attribute table,LDS,attribute table,0.075,attribute table:Pixel_ER,,0.0,attribute table:Georef_ER,,1,defaulted to CPS=1,0.43,0.43649169522454834,READY,
Auckland,SoldiersBay,SoldiersBay_shorelines.shp,Z:\Retrolens\Auckland\SoldiersBay\Shorelines\SoldiersBay_shorelines.shp,2,2012-01-01,DSAS_Date,attribute table,LDS,attribute table,0.5,attribute table:Pixel_ER,,0.0,attribute table:Georef_ER,,1,defaulted to CPS=1,0.43,0.6594694837519018,READY,
Auckland,SoldiersBay,SoldiersBay_shorelines.shp,Z:\Retrolens\Auckland\SoldiersBay\Shorelines\SoldiersBay_shorelines.shp,3,2012-01-01,DSAS_Date,attribute table,LDS,attribute table,0.5,attribute table:Pixel_ER,,0.0,attribute table:Georef_ER,,1,defaulted to CPS=1,0.43,0.6594694837519018,READY,
Auckland,SoldiersBay,SoldiersBay_shorelines.shp,Z:\Retrolens\Auckland\SoldiersBay\Shorelines\SoldiersBay_shorelines.shp,4,2012-01-01,DSAS_Date,attribute table,LDS,attribute table,0.5,attribute table:Pixel_ER,,0.0,attribute table:Georef_ER,,1,defaulted to CPS=1,0.43,0.6594694837519018,READY,
Auckland,SoldiersBay,SoldiersBay_shorelines.shp,Z:\Retrolens\Auckland\SoldiersBay\Shorelines\SoldiersBay_shorelines.shp,5,2003-01-01,DSAS_Date,attribute table,LDS,attribute table,2.5,attribute table:Pixel_ER,,0.0,attribute table:Georef_ER,,1,defaulted to CPS=1,0.43,2.536710468303389,READY,
Auckland,SoldiersBay,SoldiersBay_shorelines.shp,Z:\Retrolens\Auckland\SoldiersBay\Shorelines\SoldiersBay_shorelines.shp,6,2003-01-01,DSAS_Date,attribute table,LDS,attribute table,2.5,attribute table:Pixel_ER,,0.0,attribute table:Georef_ER,,1,defaulted to CPS=1,0.43,2.536710468303389,READY,
Auckland,SoldiersBay,SoldiersBay_shorelines.shp,Z:\Retrolens\Auckland\SoldiersBay\Shorelines\SoldiersBay_shorelines.shp,7,2003-01-01,DSAS_Date,attribute table,LDS,attribute table,2.5,attribute table:Pixel_ER,,0.0,attribute table:Georef_ER,,1,defaulted to CPS=1,0.43,2.536710468303389,READY,
Auckland,SoldiersBay,SoldiersBay_shorelines.shp,Z:\Retrolens\Auckland\SoldiersBay\Shorelines\SoldiersBay_shorelines.shp,8,1987-11-12,DSAS_Date,attribute table,RL,attribute table,0.690083377965418,gml-sidecar:stack-exact-date:1987-11-12:SoldiersBay_1987Nov12.jp2,Z:\Retrolens\Auckland\SoldiersBay\Stack\SoldiersBay_1987Nov12.jp2,2.43,attribute table:Georef_ER,,1,defaulted to CPS=1,0.43,2.5624236707742463,READY,
Auckland,SoldiersBay,SoldiersBay_shorelines.shp,Z:\Retrolens\Auckland\SoldiersBay\Shorelines\SoldiersBay_shorelines.shp,9,1987-11-12,DSAS_Date,attribute table,RL,attribute table,0.690083377965418,gml-sidecar:stack-exact-date:1987-11-12:SoldiersBay_1987Nov12.jp2,Z:\Retrolens\Auckland\SoldiersBay\Stack\SoldiersBay_1987Nov12.jp2,2.43,attribute table:Georef_ER,,1,defaulted to CPS=1,0.43,2.5624236707742463,READY,
Auckland,SoldiersBay,SoldiersBay_shorelines.shp,Z:\Retrolens\Auckland\SoldiersBay\Shorelines\SoldiersBay_shorelines.shp,10,1987-11-12,DSAS_Date,attribute table,RL,attribute table,0.690083377965418,gml-sidecar:stack-exact-date:1987-11-12:SoldiersBay_1987Nov12.jp2,Z:\Retrolens\Auckland\SoldiersBay\Stack\SoldiersBay_1987Nov12.jp2,2.43,attribute table:Georef_ER,,1,defaulted to CPS=1,0.43,2.5624236707742463,READY,
Auckland,SoldiersBay,SoldiersBay_shorelines.shp,Z:\Retrolens\Auckland\SoldiersBay\Shorelines\SoldiersBay_shorelines.shp,11,1987-11-12,DSAS_Date,attribute table,RL,attribute table,0.690083377965418,gml-sidecar:stack-exact-date:1987-11-12:SoldiersBay_1987Nov12.jp2,Z:\Retrolens\Auckland\SoldiersBay\Stack\SoldiersBay_1987Nov12.jp2,2.43,attribute table:Georef_ER,,1,defaulted to CPS=1,0.43,2.5624236707742463,READY,
Auckland,SoldiersBay,SoldiersBay_shorelines.shp,Z:\Retrolens\Auckland\SoldiersBay\Shorelines\SoldiersBay_shorelines.shp,12,1987-11-12,DSAS_Date,attribute table,RL,attribute table,0.690083377965418,gml-sidecar:stack-exact-date:1987-11-12:SoldiersBay_1987Nov12.jp2,Z:\Retrolens\Auckland\SoldiersBay\Stack\SoldiersBay_1987Nov12.jp2,2.43,attribute table:Georef_ER,,1,defaulted to CPS=1,0.43,2.5624236707742463,READY,
Auckland,SoldiersBay,SoldiersBay_shorelines.shp,Z:\Retrolens\Auckland\SoldiersBay\Shorelines\SoldiersBay_shorelines.shp,13,1978-10-17,DSAS_Date,attribute table,RL,attribute table,0.130369658495342,gml-sidecar:stack-exact-date:1978-10-17:SoldiersBay_1978Oct17.jp2,Z:\Retrolens\Auckland\SoldiersBay\Stack\SoldiersBay_1978Oct17.jp2,2.09,attribute table:Georef_ER,,1,defaulted to CPS=1,0.43,2.1377549550535933,READY,
Auckland,SoldiersBay,SoldiersBay_shorelines.shp,Z:\Retrolens\Auckland\SoldiersBay\Shorelines\SoldiersBay_shorelines.shp,14,1978-10-17,DSAS_Date,attribute table,RL,attribute table,0.130369658495342,gml-sidecar:stack-exact-date:1978-10-17:SoldiersBay_1978Oct17.jp2,Z:\Retrolens\Auckland\SoldiersBay\Stack\SoldiersBay_1978Oct17.jp2,2.09,attribute table:Georef_ER,,1,defaulted to CPS=1,0.43,2.1377549550535933,READY,
Auckland,SoldiersBay,SoldiersBay_shorelines.shp,Z:\Retrolens\Auckland\SoldiersBay\Shorelines\SoldiersBay_shorelines.shp,15,1978-10-17,DSAS_Date,attribute table,RL,attribute table,0.130369658495342,gml-sidecar:stack-exact-date:1978-10-17:SoldiersBay_1978Oct17.jp2,Z:\Retrolens\Auckland\SoldiersBay\Stack\SoldiersBay_1978Oct17.jp2,2.09,attribute table:Georef_ER,,1,defaulted to CPS=1,0.43,2.1377549550535933,READY,
Auckland,SoldiersBay,SoldiersBay_shorelines.shp,Z:\Retrolens\Auckland\SoldiersBay\Shorelines\SoldiersBay_shorelines.shp,16,1966-05-18,DSAS_Date,attribute table,RL,attribute table,0.503248672596428,gml-sidecar:stack-exact-date:1966-05-18:SoldiersBay_1966May18.jp2,Z:\Retrolens\Auckland\SoldiersBay\Stack\SoldiersBay_1966May18.jp2,2.09,attribute table:Georef_ER,,1,defaulted to CPS=1,0.43,2.192318231112916,READY,
Auckland,SoldiersBay,SoldiersBay_shorelines.shp,Z:\Retrolens\Auckland\SoldiersBay\Shorelines\SoldiersBay_shorelines.shp,17,1950-09-19,DSAS_Date,attribute table,RL,attribute table,0.519884327596832,gml-sidecar:stack-exact-date:1950-09-19:SoldiersBay1950Sep19.jp2,Z:\Retrolens\Auckland\SoldiersBay\Stack\SoldiersBay1950Sep19.jp2,2.09,attribute table:Georef_ER,,1,defaulted to CPS=1,0.43,2.1961966474067864,READY,
Auckland,SoldiersBay,SoldiersBay_shorelines.shp,Z:\Retrolens\Auckland\SoldiersBay\Shorelines\SoldiersBay_shorelines.shp,18,1950-09-19,DSAS_Date,attribute table,RL,attribute table,0.519884327596832,gml-sidecar:stack-exact-date:1950-09-19:SoldiersBay1950Sep19.jp2,Z:\Retrolens\Auckland\SoldiersBay\Stack\SoldiersBay1950Sep19.jp2,2.09,attribute table:Georef_ER,,1,defaulted to CPS=1,0.43,2.1961966474067864,READY,
Auckland,SoldiersBay,SoldiersBay_shorelines.shp,Z:\Retrolens\Auckland\SoldiersBay\Shorelines\SoldiersBay_shorelines.shp,19,1950-09-19,DSAS_Date,attribute table,RL,attribute table,0.519884327596832,gml-sidecar:stack-exact-date:1950-09-19:SoldiersBay1950Sep19.jp2,Z:\Retrolens\Auckland\SoldiersBay\Stack\SoldiersBay1950Sep19.jp2,2.09,attribute table:Georef_ER,,1,defaulted to CPS=1,0.43,2.1961966474067864,READY,
Auckland,SoldiersBay,SoldiersBay_shorelines.shp,Z:\Retrolens\Auckland\SoldiersBay\Shorelines\SoldiersBay_shorelines.shp,20,1950-09-19,DSAS_Date,attribute table,RL,attribute table,0.519884327596832,gml-sidecar:stack-exact-date:1950-09-19:SoldiersBay1950Sep19.jp2,Z:\Retrolens\Auckland\SoldiersBay\Stack\SoldiersBay1950Sep19.jp2,2.09,attribute table:Georef_ER,,1,defaulted to CPS=1,0.43,2.1961966474067864,READY,
Auckland,SoldiersBay,SoldiersBay_shorelines.shp,Z:\Retrolens\Auckland\SoldiersBay\Shorelines\SoldiersBay_shorelines.shp,21,1950-09-19,DSAS_Date,attribute table,RL,attribute table,0.519884327596832,gml-sidecar:stack-exact-date:1950-09-19:SoldiersBay1950Sep19.jp2,Z:\Retrolens\Auckland\SoldiersBay\Stack\SoldiersBay1950Sep19.jp2,2.09,attribute table:Georef_ER,,1,defaulted to CPS=1,0.43,2.1961966474067864,READY,
Auckland,SoldiersBay,SoldiersBay_shorelines.shp,Z:\Retrolens\Auckland\SoldiersBay\Shorelines\SoldiersBay_shorelines.shp,22,1940-04-22,DSAS_Date,attribute table,RL,attribute table,0.513843419710777,gml-sidecar:stack-exact-date:1940-04-22:SoldiersBay_1940Apr22.jp2,Z:\Retrolens\Auckland\SoldiersBay\Stack\SoldiersBay_1940Apr22.jp2,2.09,attribute table:Georef_ER,,1,defaulted to CPS=1,0.43,2.194774489550137,READY,
Auckland,SoldiersBay,SoldiersBay_shorelines.shp,Z:\Retrolens\Auckland\SoldiersBay\Shorelines\SoldiersBay_shorelines.shp,23,1940-04-22,DSAS_Date,attribute table,RL,attribute table,0.513843419710777,gml-sidecar:stack-exact-date:1940-04-22:SoldiersBay_1940Apr22.jp2,Z:\Retrolens\Auckland\SoldiersBay\Stack\SoldiersBay_1940Apr22.jp2,2.09,attribute table:Georef_ER,,1,defaulted to CPS=1,0.43,2.194774489550137,READY,
Auckland,TeAtatu,TeAtatu_shorelines.shp,Z:\Retrolens\Auckland\TeAtatu\Shorelines\TeAtatu_shorelines.shp,0,2024-01-01,DSAS_Date,attribute table,LDS,attribute table,0.075,attribute table:Pixel_ER,,0.0,attribute table:Georef_ER,,1,defaulted to CPS=1,0.43,0.43649169522454834,READY,
Auckland,TeAtatu,TeAtatu_shorelines.shp,Z:\Retrolens\Auckland\TeAtatu\Shorelines\TeAtatu_shorelines.shp,1,2024-01-01,DSAS_Date,attribute table,LDS,attribute table,0.075,attribute table:Pixel_ER,,0.0,attribute table:Georef_ER,,1,defaulted to CPS=1,0.43,0.43649169522454834,READY,
Auckland,TeAtatu,TeAtatu_shorelines.shp,Z:\Retrolens\Auckland\TeAtatu\Shorelines\TeAtatu_shorelines.shp,2,2024-01-01,DSAS_Date,attribute table,LDS,attribute table,0.075,attribute table:Pixel_ER,,0.0,attribute table:Georef_ER,,1,defaulted to CPS=1,0.43,0.43649169522454834,READY,
Auckland,TeAtatu,TeAtatu_shorelines.shp,Z:\Retrolens\Auckland\TeAtatu\Shorelines\TeAtatu_shorelines.shp,3,2024-01-01,DSAS_Date,attribute table,LDS,attribute table,0.075,attribute table:Pixel_ER,,0.0,attribute table:Georef_ER,,1,defaulted to CPS=1,0.43,0.43649169522454834,READY,
Auckland,TeAtatu,TeAtatu_shorelines.shp,Z:\Retrolens\Auckland\TeAtatu\Shorelines\TeAtatu_shorelines.shp,4,2024-01-01,DSAS_Date,attribute table,LDS,attribute table,0.075,attribute table:Pixel_ER,,0.0,attribute table:Georef_ER,,1,defaulted to CPS=1,0.43,0.43649169522454834,READY,
Auckland,TeAtatu,TeAtatu_shorelines.shp,Z:\Retrolens\Auckland\TeAtatu\Shorelines\TeAtatu_shorelines.shp,5,2024-01-01,DSAS_Date,attribute table,LDS,attribute table,0.075,attribute table:Pixel_ER,,0.0,attribute table:Georef_ER,,1,defaulted to CPS=1,0.43,0.43649169522454834,READY,
Auckland,TeAtatu,TeAtatu_shorelines.shp,Z:\Retrolens\Auckland\TeAtatu\Shorelines\TeAtatu_shorelines.shp,6,2024-01-01,DSAS_Date,attribute table,LDS,attribute table,0.075,attribute table:Pixel_ER,,0.0,attribute table:Georef_ER,,1,defaulted to CPS=1,0.43,0.43649169522454834,READY,
Auckland,TeAtatu,TeAtatu_shorelines.shp,Z:\Retrolens\Auckland\TeAtatu\Shorelines\TeAtatu_shorelines.shp,7,2017-01-01,DSAS_Date,attribute table,LDS,attribute table,0.075,attribute table:Pixel_ER,,0.0,attribute table:Georef_ER,,1,defaulted to CPS=1,0.43,0.43649169522454834,READY,
Auckland,TeAtatu,TeAtatu_shorelines.shp,Z:\Retrolens\Auckland\TeAtatu\Shorelines\TeAtatu_shorelines.shp,8,2017-01-01,DSAS_Date,attribute table,LDS,attribute table,0.075,attribute table:Pixel_ER,,0.0,attribute table:Georef_ER,,1,defaulted to CPS=1,0.43,0.43649169522454834,READY,
Auckland,TeAtatu,TeAtatu_shorelines.shp,Z:\Retrolens\Auckland\TeAtatu\Shorelines\TeAtatu_shorelines.shp,9,2017-01-01,DSAS_Date,attribute table,LDS,attribute table,0.075,attribute table:Pixel_ER,,0.0,attribute table:Georef_ER,,1,defaulted to CPS=1,0.43,0.43649169522454834,READY,
Auckland,TeAtatu,TeAtatu_shorelines.shp,Z:\Retrolens\Auckland\TeAtatu\Shorelines\TeAtatu_shorelines.shp,10,2017-01-01,DSAS_Date,attribute table,LDS,attribute table,0.075,attribute table:Pixel_ER,,0.0,attribute table:Georef_ER,,1,defaulted to CPS=1,0.43,0.43649169522454834,READY,
Auckland,TeAtatu,TeAtatu_shorelines.shp,Z:\Retrolens\Auckland\TeAtatu\Shorelines\TeAtatu_shorelines.shp,11,2017-01-01,DSAS_Date,attribute table,LDS,attribute table,0.075,attribute table:Pixel_ER,,0.0,attribute table:Georef_ER,,1,defaulted to CPS=1,0.43,0.43649169522454834,READY,
Auckland,TeAtatu,TeAtatu_shorelines.shp,Z:\Retrolens\Auckland\TeAtatu\Shorelines\TeAtatu_shorelines.shp,12,2017-01-01,DSAS_Date,attribute table,LDS,attribute table,0.075,attribute table:Pixel_ER,,0.0,attribute table:Georef_ER,,1,defaulted to CPS=1,0.43,0.43649169522454834,READY,
Auckland,TeAtatu,TeAtatu_shorelines.shp,Z:\Retrolens\Auckland\TeAtatu\Shorelines\TeAtatu_shorelines.shp,13,2012-01-01,DSAS_Date,attribute table,LDS,attribute table,0.5,attribute table:Pixel_ER,,0.0,attribute table:Georef_ER,,1,defaulted to CPS=1,0.43,0.6594694837519018,READY,
Auckland,TeAtatu,TeAtatu_shorelines.shp,Z:\Retrolens\Auckland\TeAtatu\Shorelines\TeAtatu_shorelines.shp,14,2012-01-01,DSAS_Date,attribute table,LDS,attribute table,0.5,attribute table:Pixel_ER,,0.0,attribute table:Georef_ER,,1,defaulted to CPS=1,0.43,0.6594694837519018,READY,
Auckland,TeAtatu,TeAtatu_shorelines.shp,Z:\Retrolens\Auckland\TeAtatu\Shorelines\TeAtatu_shorelines.shp,15,2012-01-01,DSAS_Date,attribute table,LDS,attribute table,0.5,attribute table:Pixel_ER,,0.0,attribute table:Georef_ER,,1,defaulted to CPS=1,0.43,0.6594694837519018,READY,
Auckland,TeAtatu,TeAtatu_shorelines.shp,Z:\Retrolens\Auckland\TeAtatu\Shorelines\TeAtatu_shorelines.shp,16,2012-01-01,DSAS_Date,attribute table,LDS,attribute table,0.5,attribute table:Pixel_ER,,0.0,attribute table:Georef_ER,,1,defaulted to CPS=1,0.43,0.6594694837519018,READY,
Auckland,TeAtatu,TeAtatu_shorelines.shp,Z:\Retrolens\Auckland\TeAtatu\Shorelines\TeAtatu_shorelines.shp,17,2012-01-01,DSAS_Date,attribute table,LDS,attribute table,0.5,attribute table:Pixel_ER,,0.0,attribute table:Georef_ER,,1,defaulted to CPS=1,0.43,0.6594694837519018,READY,
Auckland,TeAtatu,TeAtatu_shorelines.shp,Z:\Retrolens\Auckland\TeAtatu\Shorelines\TeAtatu_shorelines.shp,18,2012-01-01,DSAS_Date,attribute table,LDS,attribute table,0.5,attribute table:Pixel_ER,,0.0,attribute table:Georef_ER,,1,defaulted to CPS=1,0.43,0.6594694837519018,READY,
Auckland,TeAtatu,TeAtatu_shorelines.shp,Z:\Retrolens\Auckland\TeAtatu\Shorelines\TeAtatu_shorelines.shp,19,2012-01-01,DSAS_Date,attribute table,LDS,attribute table,0.5,attribute table:Pixel_ER,,0.0,attribute table:Georef_ER,,1,defaulted to CPS=1,0.43,0.6594694837519018,READY,
Auckland,TeAtatu,TeAtatu_shorelines.shp,Z:\Retrolens\Auckland\TeAtatu\Shorelines\TeAtatu_shorelines.shp,20,2003-01-01,DSAS_Date,attribute table,LDS,attribute table,2.5,attribute table:Pixel_ER,,0.0,attribute table:Georef_ER,,1,defaulted to CPS=1,0.43,2.536710468303389,READY,
Auckland,TeAtatu,TeAtatu_shorelines.shp,Z:\Retrolens\Auckland\TeAtatu\Shorelines\TeAtatu_shorelines.shp,21,2003-01-01,DSAS_Date,attribute table,LDS,attribute table,2.5,attribute table:Pixel_ER,,0.0,attribute table:Georef_ER,,1,defaulted to CPS=1,0.43,2.536710468303389,READY,
Auckland,TeAtatu,TeAtatu_shorelines.shp,Z:\Retrolens\Auckland\TeAtatu\Shorelines\TeAtatu_shorelines.shp,22,2003-01-01,DSAS_Date,attribute table,LDS,attribute table,2.5,attribute table:Pixel_ER,,0.0,attribute table:Georef_ER,,1,defaulted to CPS=1,0.43,2.536710468303389,READY,
Auckland,TeAtatu,TeAtatu_shorelines.shp,Z:\Retrolens\Auckland\TeAtatu\Shorelines\TeAtatu_shorelines.shp,23,2003-01-01,DSAS_Date,attribute table,LDS,attribute table,2.5,attribute table:Pixel_ER,,0.0,attribute table:Georef_ER,,1,defaulted to CPS=1,0.43,2.536710468303389,READY,
Auckland,TeAtatu,TeAtatu_shorelines.shp,Z:\Retrolens\Auckland\TeAtatu\Shorelines\TeAtatu_shorelines.shp,24,2003-01-01,DSAS_Date,attribute table,LDS,attribute table,2.5,attribute table:Pixel_ER,,0.0,attribute table:Georef_ER,,1,defaulted to CPS=1,0.43,2.536710468303389,READY,
Auckland,TeAtatu,TeAtatu_shorelines.shp,Z:\Retrolens\Auckland\TeAtatu\Shorelines\TeAtatu_shorelines.shp,25,2003-01-01,DSAS_Date,attribute table,LDS,attribute table,2.5,attribute table:Pixel_ER,,0.0,attribute table:Georef_ER,,1,defaulted to CPS=1,0.43,2.536710468303389,READY,
Auckland,TeAtatu,TeAtatu_shorelines.shp,Z:\Retrolens\Auckland\TeAtatu\Shorelines\TeAtatu_shorelines.shp,26,1988-03-20,DSAS_Date,attribute table,RL,attribute table,0.754518295608649,gml-sidecar:stack-exact-date:1988-03-20:TeAtatu_1988Mar20.jp2,Z:\Retrolens\Auckland\TeAtatu\Stack\TeAtatu_1988Mar20.jp2,2.43,attribute table:Georef_ER,,1,defaulted to CPS=1,0.43,2.580522787810288,READY,
Auckland,TeAtatu,TeAtatu_shorelines.shp,Z:\Retrolens\Auckland\TeAtatu\Shorelines\TeAtatu_shorelines.shp,27,1988-03-20,DSAS_Date,attribute table,RL,attribute table,0.754518295608649,gml-sidecar:stack-exact-date:1988-03-20:TeAtatu_1988Mar20.jp2,Z:\Retrolens\Auckland\TeAtatu\Stack\TeAtatu_1988Mar20.jp2,2.43,attribute table:Georef_ER,,1,defaulted to CPS=1,0.43,2.580522787810288,READY,
Auckland,TeAtatu,TeAtatu_shorelines.shp,Z:\Retrolens\Auckland\TeAtatu\Shorelines\TeAtatu_shorelines.shp,28,1988-03-20,DSAS_Date,attribute table,RL,attribute table,0.754518295608649,gml-sidecar:stack-exact-date:1988-03-20:TeAtatu_1988Mar20.jp2,Z:\Retrolens\Auckland\TeAtatu\Stack\TeAtatu_1988Mar20.jp2,2.43,attribute table:Georef_ER,,1,defaulted to CPS=1,0.43,2.580522787810288,READY,
Auckland,TeAtatu,TeAtatu_shorelines.shp,Z:\Retrolens\Auckland\TeAtatu\Shorelines\TeAtatu_shorelines.shp,29,1988-03-20,DSAS_Date,attribute table,RL,attribute table,0.754518295608649,gml-sidecar:stack-exact-date:1988-03-20:TeAtatu_1988Mar20.jp2,Z:\Retrolens\Auckland\TeAtatu\Stack\TeAtatu_1988Mar20.jp2,2.43,attribute table:Georef_ER,,1,defaulted to CPS=1,0.43,2.580522787810288,READY,
Auckland,TeAtatu,TeAtatu_shorelines.shp,Z:\Retrolens\Auckland\TeAtatu\Shorelines\TeAtatu_shorelines.shp,30,1988-03-20,DSAS_Date,attribute table,RL,attribute table,0.754518295608649,gml-sidecar:stack-exact-date:1988-03-20:TeAtatu_1988Mar20.jp2,Z:\Retrolens\Auckland\TeAtatu\Stack\TeAtatu_1988Mar20.jp2,2.43,attribute table:Georef_ER,,1,defaulted to CPS=1,0.43,2.580522787810288,READY,
Auckland,TeAtatu,TeAtatu_shorelines.shp,Z:\Retrolens\Auckland\TeAtatu\Shorelines\TeAtatu_shorelines.shp,31,1988-03-20,DSAS_Date,attribute table,RL,attribute table,0.754518295608649,gml-sidecar:stack-exact-date:1988-03-20:TeAtatu_1988Mar20.jp2,Z:\Retrolens\Auckland\TeAtatu\Stack\TeAtatu_1988Mar20.jp2,2.43,attribute table:Georef_ER,,1,defaulted to CPS=1,0.43,2.580522787810288,READY,
Auckland,TeAtatu,TeAtatu_shorelines.shp,Z:\Retrolens\Auckland\TeAtatu\Shorelines\TeAtatu_shorelines.shp,32,1988-03-20,DSAS_Date,attribute table,RL,attribute table,0.754518295608649,gml-sidecar:stack-exact-date:1988-03-20:TeAtatu_1988Mar20.jp2,Z:\Retrolens\Auckland\TeAtatu\Stack\TeAtatu_1988Mar20.jp2,2.43,attribute table:Georef_ER,,1,defaulted to CPS=1,0.43,2.580522787810288,READY,
Auckland,TeAtatu,TeAtatu_shorelines.shp,Z:\Retrolens\Auckland\TeAtatu\Shorelines\TeAtatu_shorelines.shp,33,1988-03-20,DSAS_Date,attribute table,RL,attribute table,0.754518295608649,gml-sidecar:stack-exact-date:1988-03-20:TeAtatu_1988Mar20.jp2,Z:\Retrolens\Auckland\TeAtatu\Stack\TeAtatu_1988Mar20.jp2,2.43,attribute table:Georef_ER,,1,defaulted to CPS=1,0.43,2.580522787810288,READY,
Auckland,TeAtatu,TeAtatu_shorelines.shp,Z:\Retrolens\Auckland\TeAtatu\Shorelines\TeAtatu_shorelines.shp,34,1988-03-20,DSAS_Date,attribute table,RL,attribute table,0.754518295608649,gml-sidecar:stack-exact-date:1988-03-20:TeAtatu_1988Mar20.jp2,Z:\Retrolens\Auckland\TeAtatu\Stack\TeAtatu_1988Mar20.jp2,2.43,attribute table:Georef_ER,,1,defaulted to CPS=1,0.43,2.580522787810288,READY,
Auckland,TeAtatu,TeAtatu_shorelines.shp,Z:\Retrolens\Auckland\TeAtatu\Shorelines\TeAtatu_shorelines.shp,35,1988-03-20,DSAS_Date,attribute table,RL,attribute table,0.754518295608649,gml-sidecar:stack-exact-date:1988-03-20:TeAtatu_1988Mar20.jp2,Z:\Retrolens\Auckland\TeAtatu\Stack\TeAtatu_1988Mar20.jp2,2.43,attribute table:Georef_ER,,1,defaulted to CPS=1,0.43,2.580522787810288,READY,
Auckland,TeAtatu,TeAtatu_shorelines.shp,Z:\Retrolens\Auckland\TeAtatu\Shorelines\TeAtatu_shorelines.shp,36,1988-03-20,DSAS_Date,attribute table,RL,attribute table,0.754518295608649,gml-sidecar:stack-exact-date:1988-03-20:TeAtatu_1988Mar20.jp2,Z:\Retrolens\Auckland\TeAtatu\Stack\TeAtatu_1988Mar20.jp2,2.43,attribute table:Georef_ER,,1,defaulted to CPS=1,0.43,2.580522787810288,READY,
Auckland,TeAtatu,TeAtatu_shorelines.shp,Z:\Retrolens\Auckland\TeAtatu\Shorelines\TeAtatu_shorelines.shp,37,1988-03-20,DSAS_Date,attribute table,RL,attribute table,0.754518295608649,gml-sidecar:stack-exact-date:1988-03-20:TeAtatu_1988Mar20.jp2,Z:\Retrolens\Auckland\TeAtatu\Stack\TeAtatu_1988Mar20.jp2,2.43,attribute table:Georef_ER,,1,defaulted to CPS=1,0.43,2.580522787810288,READY,
Auckland,TeAtatu,TeAtatu_shorelines.shp,Z:\Retrolens\Auckland\TeAtatu\Shorelines\TeAtatu_shorelines.shp,38,1980-10-24,DSAS_Date,attribute table,RL,attribute table,0.795110908145621,gml-sidecar:stack-exact-date:1980-10-24:TeAtatu_1980Oct24.jp2,Z:\Retrolens\Auckland\TeAtatu\Stack\TeAtatu_1980Oct24.jp2,2.43,attribute table:Georef_ER,,1,defaulted to CPS=1,0.43,2.5926822705939414,READY,
Auckland,TeAtatu,TeAtatu_shorelines.shp,Z:\Retrolens\Auckland\TeAtatu\Shorelines\TeAtatu_shorelines.shp,39,1980-10-24,DSAS_Date,attribute table,RL,attribute table,0.795110908145621,gml-sidecar:stack-exact-date:1980-10-24:TeAtatu_1980Oct24.jp2,Z:\Retrolens\Auckland\TeAtatu\Stack\TeAtatu_1980Oct24.jp2,2.43,attribute table:Georef_ER,,1,defaulted to CPS=1,0.43,2.5926822705939414,READY,
Auckland,TeAtatu,TeAtatu_shorelines.shp,Z:\Retrolens\Auckland\TeAtatu\Shorelines\TeAtatu_shorelines.shp,40,1980-10-24,DSAS_Date,attribute table,RL,attribute table,0.795110908145621,gml-sidecar:stack-exact-date:1980-10-24:TeAtatu_1980Oct24.jp2,Z:\Retrolens\Auckland\TeAtatu\Stack\TeAtatu_1980Oct24.jp2,2.43,attribute table:Georef_ER,,1,defaulted to CPS=1,0.43,2.5926822705939414,READY,
Auckland,TeAtatu,TeAtatu_shorelines.shp,Z:\Retrolens\Auckland\TeAtatu\Shorelines\TeAtatu_shorelines.shp,41,1980-10-24,DSAS_Date,attribute table,RL,attribute table,0.795110908145621,gml-sidecar:stack-exact-date:1980-10-24:TeAtatu_1980Oct24.jp2,Z:\Retrolens\Auckland\TeAtatu\Stack\TeAtatu_1980Oct24.jp2,2.43,attribute table:Georef_ER,,1,defaulted to CPS=1,0.43,2.5926822705939414,READY,
Auckland,TeAtatu,TeAtatu_shorelines.shp,Z:\Retrolens\Auckland\TeAtatu\Shorelines\TeAtatu_shorelines.shp,42,1980-10-24,DSAS_Date,attribute table,RL,attribute table,0.795110908145621,gml-sidecar:stack-exact-date:1980-10-24:TeAtatu_1980Oct24.jp2,Z:\Retrolens\Auckland\TeAtatu\Stack\TeAtatu_1980Oct24.jp2,2.43,attribute table:Georef_ER,,1,defaulted to CPS=1,0.43,2.5926822705939414,READY,
Auckland,TeAtatu,TeAtatu_shorelines.shp,Z:\Retrolens\Auckland\TeAtatu\Shorelines\TeAtatu_shorelines.shp,43,1980-10-24,DSAS_Date,attribute table,RL,attribute table,0.795110908145621,gml-sidecar:stack-exact-date:1980-10-24:TeAtatu_1980Oct24.jp2,Z:\Retrolens\Auckland\TeAtatu\Stack\TeAtatu_1980Oct24.jp2,2.43,attribute table:Georef_ER,,1,defaulted to CPS=1,0.43,2.5926822705939414,READY,
Auckland,TeAtatu,TeAtatu_shorelines.shp,Z:\Retrolens\Auckland\TeAtatu\Shorelines\TeAtatu_shorelines.shp,44,1980-10-24,DSAS_Date,attribute table,RL,attribute table,0.795110908145621,gml-sidecar:stack-exact-date:1980-10-24:TeAtatu_1980Oct24.jp2,Z:\Retrolens\Auckland\TeAtatu\Stack\TeAtatu_1980Oct24.jp2,2.43,attribute table:Georef_ER,,1,defaulted to CPS=1,0.43,2.5926822705939414,READY,
Auckland,TeAtatu,TeAtatu_shorelines.shp,Z:\Retrolens\Auckland\TeAtatu\Shorelines\TeAtatu_shorelines.shp,45,1980-10-24,DSAS_Date,attribute table,RL,attribute table,0.795110908145621,gml-sidecar:stack-exact-date:1980-10-24:TeAtatu_1980Oct24.jp2,Z:\Retrolens\Auckland\TeAtatu\Stack\TeAtatu_1980Oct24.jp2,2.43,attribute table:Georef_ER,,1,defaulted to CPS=1,0.43,2.5926822705939414,READY,
Auckland,TeAtatu,TeAtatu_shorelines.shp,Z:\Retrolens\Auckland\TeAtatu\Shorelines\TeAtatu_shorelines.shp,46,1980-10-24,DSAS_Date,attribute table,RL,attribute table,0.795110908145621,gml-sidecar:stack-exact-date:1980-10-24:TeAtatu_1980Oct24.jp2,Z:\Retrolens\Auckland\TeAtatu\Stack\TeAtatu_1980Oct24.jp2,2.43,attribute table:Georef_ER,,1,defaulted to CPS=1,0.43,2.5926822705939414,READY,
Auckland,TeAtatu,TeAtatu_shorelines.shp,Z:\Retrolens\Auckland\TeAtatu\Shorelines\TeAtatu_shorelines.shp,47,1980-10-24,DSAS_Date,attribute table,RL,attribute table,0.795110908145621,gml-sidecar:stack-exact-date:1980-10-24:TeAtatu_1980Oct24.jp2,Z:\Retrolens\Auckland\TeAtatu\Stack\TeAtatu_1980Oct24.jp2,2.43,attribute table:Georef_ER,,1,defaulted to CPS=1,0.43,2.5926822705939414,READY,
Auckland,TeAtatu,TeAtatu_shorelines.shp,Z:\Retrolens\Auckland\TeAtatu\Shorelines\TeAtatu_shorelines.shp,48,1980-10-24,DSAS_Date,attribute table,RL,attribute table,0.795110908145621,gml-sidecar:stack-exact-date:1980-10-24:TeAtatu_1980Oct24.jp2,Z:\Retrolens\Auckland\TeAtatu\Stack\TeAtatu_1980Oct24.jp2,2.43,attribute table:Georef_ER,,1,defaulted to CPS=1,0.43,2.5926822705939414,READY,
Auckland,TeAtatu,TeAtatu_shorelines.shp,Z:\Retrolens\Auckland\TeAtatu\Shorelines\TeAtatu_shorelines.shp,49,1980-10-24,DSAS_Date,attribute table,RL,attribute table,0.795110908145621,gml-sidecar:stack-exact-date:1980-10-24:TeAtatu_1980Oct24.jp2,Z:\Retrolens\Auckland\TeAtatu\Stack\TeAtatu_1980Oct24.jp2,2.43,attribute table:Georef_ER,,1,defaulted to CPS=1,0.43,2.5926822705939414,READY,
Auckland,TeAtatu,TeAtatu_shorelines.shp,Z:\Retrolens\Auckland\TeAtatu\Shorelines\TeAtatu_shorelines.shp,50,1972-04-14,DSAS_Date,attribute table,RL,attribute table,0.66127458172164,gml-sidecar:stack-exact-date:1972-04-14:TeAtatu_1972Apr14.jp2,Z:\Retrolens\Auckland\TeAtatu\Stack\TeAtatu_1972Apr14.jp2,2.43,attribute table:Georef_ER,,1,defaulted to CPS=1,0.43,2.554815858810793,READY,
Auckland,TeAtatu,TeAtatu_shorelines.shp,Z:\Retrolens\Auckland\TeAtatu\Shorelines\TeAtatu_shorelines.shp,51,1972-04-14,DSAS_Date,attribute table,RL,attribute table,0.66127458172164,gml-sidecar:stack-exact-date:1972-04-14:TeAtatu_1972Apr14.jp2,Z:\Retrolens\Auckland\TeAtatu\Stack\TeAtatu_1972Apr14.jp2,2.43,attribute table:Georef_ER,,1,defaulted to CPS=1,0.43,2.554815858810793,READY,
Auckland,TeAtatu,TeAtatu_shorelines.shp,Z:\Retrolens\Auckland\TeAtatu\Shorelines\TeAtatu_shorelines.shp,52,1972-04-14,DSAS_Date,attribute table,RL,attribute table,0.66127458172164,gml-sidecar:stack-exact-date:1972-04-14:TeAtatu_1972Apr14.jp2,Z:\Retrolens\Auckland\TeAtatu\Stack\TeAtatu_1972Apr14.jp2,2.43,attribute table:Georef_ER,,1,defaulted to CPS=1,0.43,2.554815858810793,READY,
Auckland,TeAtatu,TeAtatu_shorelines.shp,Z:\Retrolens\Auckland\TeAtatu\Shorelines\TeAtatu_shorelines.shp,53,1972-04-14,DSAS_Date,attribute table,RL,attribute table,0.66127458172164,gml-sidecar:stack-exact-date:1972-04-14:TeAtatu_1972Apr14.jp2,Z:\Retrolens\Auckland\TeAtatu\Stack\TeAtatu_1972Apr14.jp2,2.43,attribute table:Georef_ER,,1,defaulted to CPS=1,0.43,2.554815858810793,READY,
Auckland,TeAtatu,TeAtatu_shorelines.shp,Z:\Retrolens\Auckland\TeAtatu\Shorelines\TeAtatu_shorelines.shp,54,1972-04-14,DSAS_Date,attribute table,RL,attribute table,0.66127458172164,gml-sidecar:stack-exact-date:1972-04-14:TeAtatu_1972Apr14.jp2,Z:\Retrolens\Auckland\TeAtatu\Stack\TeAtatu_1972Apr14.jp2,2.43,attribute table:Georef_ER,,1,defaulted to CPS=1,0.43,2.554815858810793,READY,
Auckland,TeAtatu,TeAtatu_shorelines.shp,Z:\Retrolens\Auckland\TeAtatu\Shorelines\TeAtatu_shorelines.shp,55,1972-04-14,DSAS_Date,attribute table,RL,attribute table,0.66127458172164,gml-sidecar:stack-exact-date:1972-04-14:TeAtatu_1972Apr14.jp2,Z:\Retrolens\Auckland\TeAtatu\Stack\TeAtatu_1972Apr14.jp2,2.43,attribute table:Georef_ER,,1,defaulted to CPS=1,0.43,2.554815858810793,READY,
Auckland,TeAtatu,TeAtatu_shorelines.shp,Z:\Retrolens\Auckland\TeAtatu\Shorelines\TeAtatu_shorelines.shp,56,1972-04-14,DSAS_Date,attribute table,RL,attribute table,0.66127458172164,gml-sidecar:stack-exact-date:1972-04-14:TeAtatu_1972Apr14.jp2,Z:\Retrolens\Auckland\TeAtatu\Stack\TeAtatu_1972Apr14.jp2,2.43,attribute table:Georef_ER,,1,defaulted to CPS=1,0.43,2.554815858810793,READY,
Auckland,TeAtatu,TeAtatu_shorelines.shp,Z:\Retrolens\Auckland\TeAtatu\Shorelines\TeAtatu_shorelines.shp,57,1972-04-14,DSAS_Date,attribute table,RL,attribute table,0.66127458172164,gml-sidecar:stack-exact-date:1972-04-14:TeAtatu_1972Apr14.jp2,Z:\Retrolens\Auckland\TeAtatu\Stack\TeAtatu_1972Apr14.jp2,2.43,attribute table:Georef_ER,,1,defaulted to CPS=1,0.43,2.554815858810793,READY,
Auckland,TeAtatu,TeAtatu_shorelines.shp,Z:\Retrolens\Auckland\TeAtatu\Shorelines\TeAtatu_shorelines.shp,58,1972-04-14,DSAS_Date,attribute table,RL,attribute table,0.66127458172164,gml-sidecar:stack-exact-date:1972-04-14:TeAtatu_1972Apr14.jp2,Z:\Retrolens\Auckland\TeAtatu\Stack\TeAtatu_1972Apr14.jp2,2.43,attribute table:Georef_ER,,1,defaulted to CPS=1,0.43,2.554815858810793,READY,
Auckland,TeAtatu,TeAtatu_shorelines.shp,Z:\Retrolens\Auckland\TeAtatu\Shorelines\TeAtatu_shorelines.shp,59,1972-04-14,DSAS_Date,attribute table,RL,attribute table,0.66127458172164,gml-sidecar:stack-exact-date:1972-04-14:TeAtatu_1972Apr14.jp2,Z:\Retrolens\Auckland\TeAtatu\Stack\TeAtatu_1972Apr14.jp2,2.43,attribute table:Georef_ER,,1,defaulted to CPS=1,0.43,2.554815858810793,READY,
Auckland,TeAtatu,TeAtatu_shorelines.shp,Z:\Retrolens\Auckland\TeAtatu\Shorelines\TeAtatu_shorelines.shp,60,1972-04-14,DSAS_Date,attribute table,RL,attribute table,0.66127458172164,gml-sidecar:stack-exact-date:1972-04-14:TeAtatu_1972Apr14.jp2,Z:\Retrolens\Auckland\TeAtatu\Stack\TeAtatu_1972Apr14.jp2,2.43,attribute table:Georef_ER,,1,defaulted to CPS=1,0.43,2.554815858810793,READY,
Auckland,TeAtatu,TeAtatu_shorelines.shp,Z:\Retrolens\Auckland\TeAtatu\Shorelines\TeAtatu_shorelines.shp,61,1972-04-14,DSAS_Date,attribute table,RL,attribute table,0.66127458172164,gml-sidecar:stack-exact-date:1972-04-14:TeAtatu_1972Apr14.jp2,Z:\Retrolens\Auckland\TeAtatu\Stack\TeAtatu_1972Apr14.jp2,2.43,attribute table:Georef_ER,,1,defaulted to CPS=1,0.43,2.554815858810793,READY,
Auckland,TeAtatu,TeAtatu_shorelines.shp,Z:\Retrolens\Auckland\TeAtatu\Shorelines\TeAtatu_shorelines.shp,62,1972-04-14,DSAS_Date,attribute table,RL,attribute table,0.66127458172164,gml-sidecar:stack-exact-date:1972-04-14:TeAtatu_1972Apr14.jp2,Z:\Retrolens\Auckland\TeAtatu\Stack\TeAtatu_1972Apr14.jp2,2.43,attribute table:Georef_ER,,1,defaulted to CPS=1,0.43,2.554815858810793,READY,
Auckland,TeAtatu,TeAtatu_shorelines.shp,Z:\Retrolens\Auckland\TeAtatu\Shorelines\TeAtatu_shorelines.shp,63,1972-04-14,DSAS_Date,attribute table,RL,attribute table,0.66127458172164,gml-sidecar:stack-exact-date:1972-04-14:TeAtatu_1972Apr14.jp2,Z:\Retrolens\Auckland\TeAtatu\Stack\TeAtatu_1972Apr14.jp2,2.43,attribute table:Georef_ER,,1,defaulted to CPS=1,0.43,2.554815858810793,READY,
Auckland,TeAtatu,TeAtatu_shorelines.shp,Z:\Retrolens\Auckland\TeAtatu\Shorelines\TeAtatu_shorelines.shp,64,1968-09-28,DSAS_Date,attribute table,RL,attribute table,1.84780488190179,gml-sidecar:stack-exact-date:1968-09-28:TeAtatu_1968Sep28.jp2,Z:\Retrolens\Auckland\TeAtatu\Stack\TeAtatu_1968Sep28.jp2,2.9,attribute table:Georef_ER,,1,defaulted to CPS=1,0.43,3.465441224661023,READY,
Auckland,TeAtatu,TeAtatu_shorelines.shp,Z:\Retrolens\Auckland\TeAtatu\Shorelines\TeAtatu_shorelines.shp,65,1968-09-28,DSAS_Date,attribute table,RL,attribute table,1.84780488190179,gml-sidecar:stack-exact-date:1968-09-28:TeAtatu_1968Sep28.jp2,Z:\Retrolens\Auckland\TeAtatu\Stack\TeAtatu_1968Sep28.jp2,2.9,attribute table:Georef_ER,,1,defaulted to CPS=1,0.43,3.465441224661023,READY,
Auckland,TeAtatu,TeAtatu_shorelines.shp,Z:\Retrolens\Auckland\TeAtatu\Shorelines\TeAtatu_shorelines.shp,66,1968-09-28,DSAS_Date,attribute table,RL,attribute table,1.84780488190179,gml-sidecar:stack-exact-date:1968-09-28:TeAtatu_1968Sep28.jp2,Z:\Retrolens\Auckland\TeAtatu\Stack\TeAtatu_1968Sep28.jp2,2.9,attribute table:Georef_ER,,1,defaulted to CPS=1,0.43,3.465441224661023,READY,
Auckland,TeAtatu,TeAtatu_shorelines.shp,Z:\Retrolens\Auckland\TeAtatu\Shorelines\TeAtatu_shorelines.shp,67,1968-09-28,DSAS_Date,attribute table,RL,attribute table,1.84780488190179,gml-sidecar:stack-exact-date:1968-09-28:TeAtatu_1968Sep28.jp2,Z:\Retrolens\Auckland\TeAtatu\Stack\TeAtatu_1968Sep28.jp2,2.9,attribute table:Georef_ER,,1,defaulted to CPS=1,0.43,3.465441224661023,READY,
Auckland,TeAtatu,TeAtatu_shorelines.shp,Z:\Retrolens\Auckland\TeAtatu\Shorelines\TeAtatu_shorelines.shp,68,1968-09-28,DSAS_Date,attribute table,RL,attribute table,1.84780488190179,gml-sidecar:stack-exact-date:1968-09-28:TeAtatu_1968Sep28.jp2,Z:\Retrolens\Auckland\TeAtatu\Stack\TeAtatu_1968Sep28.jp2,2.9,attribute table:Georef_ER,,1,defaulted to CPS=1,0.43,3.465441224661023,READY,
Auckland,TeAtatu,TeAtatu_shorelines.shp,Z:\Retrolens\Auckland\TeAtatu\Shorelines\TeAtatu_shorelines.shp,69,1968-09-28,DSAS_Date,attribute table,RL,attribute table,1.84780488190179,gml-sidecar:stack-exact-date:1968-09-28:TeAtatu_1968Sep28.jp2,Z:\Retrolens\Auckland\TeAtatu\Stack\TeAtatu_1968Sep28.jp2,2.9,attribute table:Georef_ER,,1,defaulted to CPS=1,0.43,3.465441224661023,READY,
Auckland,TeAtatu,TeAtatu_shorelines.shp,Z:\Retrolens\Auckland\TeAtatu\Shorelines\TeAtatu_shorelines.shp,70,1968-09-28,DSAS_Date,attribute table,RL,attribute table,1.84780488190179,gml-sidecar:stack-exact-date:1968-09-28:TeAtatu_1968Sep28.jp2,Z:\Retrolens\Auckland\TeAtatu\Stack\TeAtatu_1968Sep28.jp2,2.9,attribute table:Georef_ER,,1,defaulted to CPS=1,0.43,3.465441224661023,READY,
Auckland,TeAtatu,TeAtatu_shorelines.shp,Z:\Retrolens\Auckland\TeAtatu\Shorelines\TeAtatu_shorelines.shp,71,1968-09-28,DSAS_Date,attribute table,RL,attribute table,1.84780488190179,gml-sidecar:stack-exact-date:1968-09-28:TeAtatu_1968Sep28.jp2,Z:\Retrolens\Auckland\TeAtatu\Stack\TeAtatu_1968Sep28.jp2,2.9,attribute table:Georef_ER,,1,defaulted to CPS=1,0.43,3.465441224661023,READY,
Auckland,TeAtatu,TeAtatu_shorelines.shp,Z:\Retrolens\Auckland\TeAtatu\Shorelines\TeAtatu_shorelines.shp,72,1968-09-28,DSAS_Date,attribute table,RL,attribute table,1.84780488190179,gml-sidecar:stack-exact-date:1968-09-28:TeAtatu_1968Sep28.jp2,Z:\Retrolens\Auckland\TeAtatu\Stack\TeAtatu_1968Sep28.jp2,2.9,attribute table:Georef_ER,,1,defaulted to CPS=1,0.43,3.465441224661023,READY,
Auckland,TeAtatu,TeAtatu_shorelines.shp,Z:\Retrolens\Auckland\TeAtatu\Shorelines\TeAtatu_shorelines.shp,73,1968-09-28,DSAS_Date,attribute table,RL,attribute table,1.84780488190179,gml-sidecar:stack-exact-date:1968-09-28:TeAtatu_1968Sep28.jp2,Z:\Retrolens\Auckland\TeAtatu\Stack\TeAtatu_1968Sep28.jp2,2.9,attribute table:Georef_ER,,1,defaulted to CPS=1,0.43,3.465441224661023,READY,
Auckland,TeAtatu,TeAtatu_shorelines.shp,Z:\Retrolens\Auckland\TeAtatu\Shorelines\TeAtatu_shorelines.shp,74,1968-09-28,DSAS_Date,attribute table,RL,attribute table,1.84780488190179,gml-sidecar:stack-exact-date:1968-09-28:TeAtatu_1968Sep28.jp2,Z:\Retrolens\Auckland\TeAtatu\Stack\TeAtatu_1968Sep28.jp2,2.9,attribute table:Georef_ER,,1,defaulted to CPS=1,0.43,3.465441224661023,READY,
Auckland,TeAtatu,TeAtatu_shorelines.shp,Z:\Retrolens\Auckland\TeAtatu\Shorelines\TeAtatu_shorelines.shp,75,1968-09-28,DSAS_Date,attribute table,RL,attribute table,1.84780488190179,gml-sidecar:stack-exact-date:1968-09-28:TeAtatu_1968Sep28.jp2,Z:\Retrolens\Auckland\TeAtatu\Stack\TeAtatu_1968Sep28.jp2,2.9,attribute table:Georef_ER,,1,defaulted to CPS=1,0.43,3.465441224661023,READY,
Auckland,TeAtatu,TeAtatu_shorelines.shp,Z:\Retrolens\Auckland\TeAtatu\Shorelines\TeAtatu_shorelines.shp,76,1968-09-28,DSAS_Date,attribute table,RL,attribute table,1.84780488190179,gml-sidecar:stack-exact-date:1968-09-28:TeAtatu_1968Sep28.jp2,Z:\Retrolens\Auckland\TeAtatu\Stack\TeAtatu_1968Sep28.jp2,2.9,attribute table:Georef_ER,,1,defaulted to CPS=1,0.43,3.465441224661023,READY,
Auckland,TeAtatu,TeAtatu_shorelines.shp,Z:\Retrolens\Auckland\TeAtatu\Shorelines\TeAtatu_shorelines.shp,77,1968-09-28,DSAS_Date,attribute table,RL,attribute table,1.84780488190179,gml-sidecar:stack-exact-date:1968-09-28:TeAtatu_1968Sep28.jp2,Z:\Retrolens\Auckland\TeAtatu\Stack\TeAtatu_1968Sep28.jp2,2.9,attribute table:Georef_ER,,1,defaulted to CPS=1,0.43,3.465441224661023,READY,
Auckland,TeAtatu,TeAtatu_shorelines.shp,Z:\Retrolens\Auckland\TeAtatu\Shorelines\TeAtatu_shorelines.shp,78,1968-09-28,DSAS_Date,attribute table,RL,attribute table,1.84780488190179,gml-sidecar:stack-exact-date:1968-09-28:TeAtatu_1968Sep28.jp2,Z:\Retrolens\Auckland\TeAtatu\Stack\TeAtatu_1968Sep28.jp2,2.9,attribute table:Georef_ER,,1,defaulted to CPS=1,0.43,3.465441224661023,READY,
Auckland,TeAtatu,TeAtatu_shorelines.shp,Z:\Retrolens\Auckland\TeAtatu\Shorelines\TeAtatu_shorelines.shp,79,1968-09-28,DSAS_Date,attribute table,RL,attribute table,1.84780488190179,gml-sidecar:stack-exact-date:1968-09-28:TeAtatu_1968Sep28.jp2,Z:\Retrolens\Auckland\TeAtatu\Stack\TeAtatu_1968Sep28.jp2,2.9,attribute table:Georef_ER,,1,defaulted to CPS=1,0.43,3.465441224661023,READY,
Auckland,TeAtatu,TeAtatu_shorelines.shp,Z:\Retrolens\Auckland\TeAtatu\Shorelines\TeAtatu_shorelines.shp,80,1968-09-28,DSAS_Date,attribute table,RL,attribute table,1.84780488190179,gml-sidecar:stack-exact-date:1968-09-28:TeAtatu_1968Sep28.jp2,Z:\Retrolens\Auckland\TeAtatu\Stack\TeAtatu_1968Sep28.jp2,2.9,attribute table:Georef_ER,,1,defaulted to CPS=1,0.43,3.465441224661023,READY,
Auckland,TeAtatu,TeAtatu_shorelines.shp,Z:\Retrolens\Auckland\TeAtatu\Shorelines\TeAtatu_shorelines.shp,81,1968-09-28,DSAS_Date,attribute table,RL,attribute table,1.84780488190179,gml-sidecar:stack-exact-date:1968-09-28:TeAtatu_1968Sep28.jp2,Z:\Retrolens\Auckland\TeAtatu\Stack\TeAtatu_1968Sep28.jp2,2.9,attribute table:Georef_ER,,1,defaulted to CPS=1,0.43,3.465441224661023,READY,
Auckland,TeAtatu,TeAtatu_shorelines.shp,Z:\Retrolens\Auckland\TeAtatu\Shorelines\TeAtatu_shorelines.shp,82,1968-09-28,DSAS_Date,attribute table,RL,attribute table,1.84780488190179,gml-sidecar:stack-exact-date:1968-09-28:TeAtatu_1968Sep28.jp2,Z:\Retrolens\Auckland\TeAtatu\Stack\TeAtatu_1968Sep28.jp2,2.9,attribute table:Georef_ER,,1,defaulted to CPS=1,0.43,3.465441224661023,READY,
Auckland,TeAtatu,TeAtatu_shorelines.shp,Z:\Retrolens\Auckland\TeAtatu\Shorelines\TeAtatu_shorelines.shp,83,1968-09-28,DSAS_Date,attribute table,RL,attribute table,1.84780488190179,gml-sidecar:stack-exact-date:1968-09-28:TeAtatu_1968Sep28.jp2,Z:\Retrolens\Auckland\TeAtatu\Stack\TeAtatu_1968Sep28.jp2,2.9,attribute table:Georef_ER,,1,defaulted to CPS=1,0.43,3.465441224661023,READY,
Auckland,TeAtatu,TeAtatu_shorelines.shp,Z:\Retrolens\Auckland\TeAtatu\Shorelines\TeAtatu_shorelines.shp,84,1950-09-19,DSAS_Date,attribute table,RL,attribute table,0.510187367831677,gml-sidecar:stack-exact-date:1950-09-19:TeAtatu_1950Sep19.jp2,Z:\Retrolens\Auckland\TeAtatu\Stack\TeAtatu_1950Sep19.jp2,2.09,attribute table:Georef_ER,,1,defaulted to CPS=1,0.43,2.1939214093250956,READY,
Auckland,TeAtatu,TeAtatu_shorelines.shp,Z:\Retrolens\Auckland\TeAtatu\Shorelines\TeAtatu_shorelines.shp,85,1950-09-19,DSAS_Date,attribute table,RL,attribute table,0.510187367831677,gml-sidecar:stack-exact-date:1950-09-19:TeAtatu_1950Sep19.jp2,Z:\Retrolens\Auckland\TeAtatu\Stack\TeAtatu_1950Sep19.jp2,2.09,attribute table:Georef_ER,,1,defaulted to CPS=1,0.43,2.1939214093250956,READY,
Auckland,TeAtatu,TeAtatu_shorelines.shp,Z:\Retrolens\Auckland\TeAtatu\Shorelines\TeAtatu_shorelines.shp,86,1950-09-19,DSAS_Date,attribute table,RL,attribute table,0.510187367831677,gml-sidecar:stack-exact-date:1950-09-19:TeAtatu_1950Sep19.jp2,Z:\Retrolens\Auckland\TeAtatu\Stack\TeAtatu_1950Sep19.jp2,2.09,attribute table:Georef_ER,,1,defaulted to CPS=1,0.43,2.1939214093250956,READY,
Auckland,TeAtatu,TeAtatu_shorelines.shp,Z:\Retrolens\Auckland\TeAtatu\Shorelines\TeAtatu_shorelines.shp,87,1950-09-19,DSAS_Date,attribute table,RL,attribute table,0.510187367831677,gml-sidecar:stack-exact-date:1950-09-19:TeAtatu_1950Sep19.jp2,Z:\Retrolens\Auckland\TeAtatu\Stack\TeAtatu_1950Sep19.jp2,2.09,attribute table:Georef_ER,,1,defaulted to CPS=1,0.43,2.1939214093250956,READY,
Auckland,TeAtatu,TeAtatu_shorelines.shp,Z:\Retrolens\Auckland\TeAtatu\Shorelines\TeAtatu_shorelines.shp,88,1950-09-19,DSAS_Date,attribute table,RL,attribute table,0.510187367831677,gml-sidecar:stack-exact-date:1950-09-19:TeAtatu_1950Sep19.jp2,Z:\Retrolens\Auckland\TeAtatu\Stack\TeAtatu_1950Sep19.jp2,2.09,attribute table:Georef_ER,,1,defaulted to CPS=1,0.43,2.1939214093250956,READY,
Auckland,TeAtatu,TeAtatu_shorelines.shp,Z:\Retrolens\Auckland\TeAtatu\Shorelines\TeAtatu_shorelines.shp,89,1950-09-19,DSAS_Date,attribute table,RL,attribute table,0.510187367831677,gml-sidecar:stack-exact-date:1950-09-19:TeAtatu_1950Sep19.jp2,Z:\Retrolens\Auckland\TeAtatu\Stack\TeAtatu_1950Sep19.jp2,2.09,attribute table:Georef_ER,,1,defaulted to CPS=1,0.43,2.1939214093250956,READY,
Auckland,TeAtatu,TeAtatu_shorelines.shp,Z:\Retrolens\Auckland\TeAtatu\Shorelines\TeAtatu_shorelines.shp,90,1950-09-19,DSAS_Date,attribute table,RL,attribute table,0.510187367831677,gml-sidecar:stack-exact-date:1950-09-19:TeAtatu_1950Sep19.jp2,Z:\Retrolens\Auckland\TeAtatu\Stack\TeAtatu_1950Sep19.jp2,2.09,attribute table:Georef_ER,,1,defaulted to CPS=1,0.43,2.1939214093250956,READY,
Auckland,TeAtatu,TeAtatu_shorelines.shp,Z:\Retrolens\Auckland\TeAtatu\Shorelines\TeAtatu_shorelines.shp,91,1950-09-19,DSAS_Date,attribute table,RL,attribute table,0.510187367831677,gml-sidecar:stack-exact-date:1950-09-19:TeAtatu_1950Sep19.jp2,Z:\Retrolens\Auckland\TeAtatu\Stack\TeAtatu_1950Sep19.jp2,2.09,attribute table:Georef_ER,,1,defaulted to CPS=1,0.43,2.1939214093250956,READY,
Auckland,TeAtatu,TeAtatu_shorelines.shp,Z:\Retrolens\Auckland\TeAtatu\Shorelines\TeAtatu_shorelines.shp,92,1950-09-19,DSAS_Date,attribute table,RL,attribute table,0.510187367831677,gml-sidecar:stack-exact-date:1950-09-19:TeAtatu_1950Sep19.jp2,Z:\Retrolens\Auckland\TeAtatu\Stack\TeAtatu_1950Sep19.jp2,2.09,attribute table:Georef_ER,,1,defaulted to CPS=1,0.43,2.1939214093250956,READY,
Auckland,TeAtatu,TeAtatu_shorelines.shp,Z:\Retrolens\Auckland\TeAtatu\Shorelines\TeAtatu_shorelines.shp,93,1950-09-19,DSAS_Date,attribute table,RL,attribute table,0.510187367831677,gml-sidecar:stack-exact-date:1950-09-19:TeAtatu_1950Sep19.jp2,Z:\Retrolens\Auckland\TeAtatu\Stack\TeAtatu_1950Sep19.jp2,2.09,attribute table:Georef_ER,,1,defaulted to CPS=1,0.43,2.1939214093250956,READY,
Auckland,TeAtatu,TeAtatu_shorelines.shp,Z:\Retrolens\Auckland\TeAtatu\Shorelines\TeAtatu_shorelines.shp,94,1950-09-19,DSAS_Date,attribute table,RL,attribute table,0.510187367831677,gml-sidecar:stack-exact-date:1950-09-19:TeAtatu_1950Sep19.jp2,Z:\Retrolens\Auckland\TeAtatu\Stack\TeAtatu_1950Sep19.jp2,2.09,attribute table:Georef_ER,,1,defaulted to CPS=1,0.43,2.1939214093250956,READY,
Auckland,TeAtatu,TeAtatu_shorelines.shp,Z:\Retrolens\Auckland\TeAtatu\Shorelines\TeAtatu_shorelines.shp,95,1950-09-19,DSAS_Date,attribute table,RL,attribute table,0.510187367831677,gml-sidecar:stack-exact-date:1950-09-19:TeAtatu_1950Sep19.jp2,Z:\Retrolens\Auckland\TeAtatu\Stack\TeAtatu_1950Sep19.jp2,2.09,attribute table:Georef_ER,,1,defaulted to CPS=1,0.43,2.1939214093250956,READY,
Auckland,TeAtatu,TeAtatu_shorelines.shp,Z:\Retrolens\Auckland\TeAtatu\Shorelines\TeAtatu_shorelines.shp,96,1950-09-19,DSAS_Date,attribute table,RL,attribute table,0.510187367831677,gml-sidecar:stack-exact-date:1950-09-19:TeAtatu_1950Sep19.jp2,Z:\Retrolens\Auckland\TeAtatu\Stack\TeAtatu_1950Sep19.jp2,2.09,attribute table:Georef_ER,,1,defaulted to CPS=1,0.43,2.1939214093250956,READY,
Auckland,TeAtatu,TeAtatu_shorelines.shp,Z:\Retrolens\Auckland\TeAtatu\Shorelines\TeAtatu_shorelines.shp,97,1950-09-19,DSAS_Date,attribute table,RL,attribute table,0.510187367831677,gml-sidecar:stack-exact-date:1950-09-19:TeAtatu_1950Sep19.jp2,Z:\Retrolens\Auckland\TeAtatu\Stack\TeAtatu_1950Sep19.jp2,2.09,attribute table:Georef_ER,,1,defaulted to CPS=1,0.43,2.1939214093250956,READY,
Auckland,TeAtatu,TeAtatu_shorelines.shp,Z:\Retrolens\Auckland\TeAtatu\Shorelines\TeAtatu_shorelines.shp,98,1950-09-19,DSAS_Date,attribute table,RL,attribute table,0.510187367831677,gml-sidecar:stack-exact-date:1950-09-19:TeAtatu_1950Sep19.jp2,Z:\Retrolens\Auckland\TeAtatu\Stack\TeAtatu_1950Sep19.jp2,2.09,attribute table:Georef_ER,,1,defaulted to CPS=1,0.43,2.1939214093250956,READY,
Auckland,TeAtatu,TeAtatu_shorelines.shp,Z:\Retrolens\Auckland\TeAtatu\Shorelines\TeAtatu_shorelines.shp,99,1950-09-19,DSAS_Date,attribute table,RL,attribute table,0.510187367831677,gml-sidecar:stack-exact-date:1950-09-19:TeAtatu_1950Sep19.jp2,Z:\Retrolens\Auckland\TeAtatu\Stack\TeAtatu_1950Sep19.jp2,2.09,attribute table:Georef_ER,,1,defaulted to CPS=1,0.43,2.1939214093250956,READY,
Auckland,TeAtatu,TeAtatu_shorelines.shp,Z:\Retrolens\Auckland\TeAtatu\Shorelines\TeAtatu_shorelines.shp,100,1950-09-19,DSAS_Date,attribute table,RL,attribute table,0.510187367831677,gml-sidecar:stack-exact-date:1950-09-19:TeAtatu_1950Sep19.jp2,Z:\Retrolens\Auckland\TeAtatu\Stack\TeAtatu_1950Sep19.jp2,2.09,attribute table:Georef_ER,,1,defaulted to CPS=1,0.43,2.1939214093250956,READY,
Auckland,TeAtatu,TeAtatu_shorelines.shp,Z:\Retrolens\Auckland\TeAtatu\Shorelines\TeAtatu_shorelines.shp,101,1950-09-19,DSAS_Date,attribute table,RL,attribute table,0.510187367831677,gml-sidecar:stack-exact-date:1950-09-19:TeAtatu_1950Sep19.jp2,Z:\Retrolens\Auckland\TeAtatu\Stack\TeAtatu_1950Sep19.jp2,2.09,attribute table:Georef_ER,,1,defaulted to CPS=1,0.43,2.1939214093250956,READY,
Auckland,TeAtatu,TeAtatu_shorelines.shp,Z:\Retrolens\Auckland\TeAtatu\Shorelines\TeAtatu_shorelines.shp,102,1950-09-19,DSAS_Date,attribute table,RL,attribute table,0.510187367831677,gml-sidecar:stack-exact-date:1950-09-19:TeAtatu_1950Sep19.jp2,Z:\Retrolens\Auckland\TeAtatu\Stack\TeAtatu_1950Sep19.jp2,2.09,attribute table:Georef_ER,,1,defaulted to CPS=1,0.43,2.1939214093250956,READY,
Auckland,TeAtatu,TeAtatu_shorelines.shp,Z:\Retrolens\Auckland\TeAtatu\Shorelines\TeAtatu_shorelines.shp,103,1950-09-19,DSAS_Date,attribute table,RL,attribute table,0.510187367831677,gml-sidecar:stack-exact-date:1950-09-19:TeAtatu_1950Sep19.jp2,Z:\Retrolens\Auckland\TeAtatu\Stack\TeAtatu_1950Sep19.jp2,2.09,attribute table:Georef_ER,,1,defaulted to CPS=1,0.43,2.1939214093250956,READY,
Auckland,TeAtatu,TeAtatu_shorelines.shp,Z:\Retrolens\Auckland\TeAtatu\Shorelines\TeAtatu_shorelines.shp,104,1950-09-19,DSAS_Date,attribute table,RL,attribute table,0.510187367831677,gml-sidecar:stack-exact-date:1950-09-19:TeAtatu_1950Sep19.jp2,Z:\Retrolens\Auckland\TeAtatu\Stack\TeAtatu_1950Sep19.jp2,2.09,attribute table:Georef_ER,,1,defaulted to CPS=1,0.43,2.1939214093250956,READY,
Auckland,TeAtatu,TeAtatu_shorelines.shp,Z:\Retrolens\Auckland\TeAtatu\Shorelines\TeAtatu_shorelines.shp,105,1950-09-19,DSAS_Date,attribute table,RL,attribute table,0.510187367831677,gml-sidecar:stack-exact-date:1950-09-19:TeAtatu_1950Sep19.jp2,Z:\Retrolens\Auckland\TeAtatu\Stack\TeAtatu_1950Sep19.jp2,2.09,attribute table:Georef_ER,,1,defaulted to CPS=1,0.43,2.1939214093250956,READY,
Auckland,TeAtatu,TeAtatu_shorelines.shp,Z:\Retrolens\Auckland\TeAtatu\Shorelines\TeAtatu_shorelines.shp,106,1950-09-19,DSAS_Date,attribute table,RL,attribute table,0.510187367831677,gml-sidecar:stack-exact-date:1950-09-19:TeAtatu_1950Sep19.jp2,Z:\Retrolens\Auckland\TeAtatu\Stack\TeAtatu_1950Sep19.jp2,2.09,attribute table:Georef_ER,,1,defaulted to CPS=1,0.43,2.1939214093250956,READY,
Auckland,TeAtatu,TeAtatu_shorelines.shp,Z:\Retrolens\Auckland\TeAtatu\Shorelines\TeAtatu_shorelines.shp,107,1950-09-19,DSAS_Date,attribute table,RL,attribute table,0.510187367831677,gml-sidecar:stack-exact-date:1950-09-19:TeAtatu_1950Sep19.jp2,Z:\Retrolens\Auckland\TeAtatu\Stack\TeAtatu_1950Sep19.jp2,2.09,attribute table:Georef_ER,,1,defaulted to CPS=1,0.43,2.1939214093250956,READY,
Auckland,TeAtatu,TeAtatu_shorelines.shp,Z:\Retrolens\Auckland\TeAtatu\Shorelines\TeAtatu_shorelines.shp,108,1950-09-19,DSAS_Date,attribute table,RL,attribute table,0.510187367831677,gml-sidecar:stack-exact-date:1950-09-19:TeAtatu_1950Sep19.jp2,Z:\Retrolens\Auckland\TeAtatu\Stack\TeAtatu_1950Sep19.jp2,2.09,attribute table:Georef_ER,,1,defaulted to CPS=1,0.43,2.1939214093250956,READY,
Auckland,TeHakono_clarksbay,TeHakono_ClarksBay_06NOV2015.shp,Z:\Retrolens\Auckland\TeHakono_clarksbay\Shorelines\TeHakono_ClarksBay_06NOV2015.shp,0,2015-11-06,Date,attribute table,LDS,attribute table,0.4,attribute table:Pixel_Er,,0.0,attribute table:Georef_ER,,2,attribute table:CPS,0.73,0.8324061508662703,READY,
Auckland,TeHakono_clarksbay,TeHakono_ClarksBay_06NOV2015.shp,Z:\Retrolens\Auckland\TeHakono_clarksbay\Shorelines\TeHakono_ClarksBay_06NOV2015.shp,1,2015-11-06,Date,attribute table,LDS,attribute table,0.4,attribute table:Pixel_Er,,0.0,attribute table:Georef_ER,,2,attribute table:CPS,0.73,0.8324061508662703,READY,
Auckland,TeHakono_clarksbay,TeHakono_ClarksBay_06NOV2015.shp,Z:\Retrolens\Auckland\TeHakono_clarksbay\Shorelines\TeHakono_ClarksBay_06NOV2015.shp,2,2015-11-06,Date,attribute table,LDS,attribute table,0.4,attribute table:Pixel_Er,,0.0,attribute table:Georef_ER,,2,attribute table:CPS,0.73,0.8324061508662703,READY,
Auckland,TeHakono_clarksbay,TeHakono_ClarksBay_06NOV2015.shp,Z:\Retrolens\Auckland\TeHakono_clarksbay\Shorelines\TeHakono_ClarksBay_06NOV2015.shp,3,2015-11-06,Date,attribute table,LDS,attribute table,0.4,attribute table:Pixel_Er,,0.0,attribute table:Georef_ER,,2,attribute table:CPS,0.73,0.8324061508662703,READY,
Auckland,TeHakono_clarksbay,TeHakono_ClarksBay_06NOV2015.shp,Z:\Retrolens\Auckland\TeHakono_clarksbay\Shorelines\TeHakono_ClarksBay_06NOV2015.shp,4,2015-11-06,Date,attribute table,LDS,attribute table,0.4,attribute table:Pixel_Er,,0.0,attribute table:Georef_ER,,2,attribute table:CPS,0.73,0.8324061508662703,READY,
Auckland,TeHakono_clarksbay,TeHakono_ClarksBay_06NOV2015.shp,Z:\Retrolens\Auckland\TeHakono_clarksbay\Shorelines\TeHakono_ClarksBay_06NOV2015.shp,5,2015-11-06,Date,attribute table,LDS,attribute table,0.4,attribute table:Pixel_Er,,0.0,attribute table:Georef_ER,,2,attribute table:CPS,0.73,0.8324061508662703,READY,
Auckland,TeHakono_clarksbay,TeHakono_ClarksBay_06NOV2015.shp,Z:\Retrolens\Auckland\TeHakono_clarksbay\Shorelines\TeHakono_ClarksBay_06NOV2015.shp,6,2015-11-06,Date,attribute table,LDS,attribute table,0.4,attribute table:Pixel_Er,,0.0,attribute table:Georef_ER,,2,attribute table:CPS,0.73,0.8324061508662703,READY,
Auckland,TeHakono_clarksbay,TeHakono_ClarksBay_06NOV2015.shp,Z:\Retrolens\Auckland\TeHakono_clarksbay\Shorelines\TeHakono_ClarksBay_06NOV2015.shp,7,2015-11-06,Date,attribute table,LDS,attribute table,0.4,attribute table:Pixel_Er,,0.0,attribute table:Georef_ER,,2,attribute table:CPS,0.73,0.8324061508662703,READY,
Auckland,TeHakono_clarksbay,TeHakono_ClarksBay_06NOV2015.shp,Z:\Retrolens\Auckland\TeHakono_clarksbay\Shorelines\TeHakono_ClarksBay_06NOV2015.shp,8,2015-11-06,Date,attribute table,LDS,attribute table,0.4,attribute table:Pixel_Er,,0.0,attribute table:Georef_ER,,2,attribute table:CPS,0.73,0.8324061508662703,READY,
Auckland,TeHakono_clarksbay,TeHakono_ClarksBay_06NOV2015.shp,Z:\Retrolens\Auckland\TeHakono_clarksbay\Shorelines\TeHakono_ClarksBay_06NOV2015.shp,9,2015-11-06,Date,attribute table,LDS,attribute table,0.4,attribute table:Pixel_Er,,0.0,attribute table:Georef_ER,,2,attribute table:CPS,0.73,0.8324061508662703,READY,
Auckland,TeHakono_clarksbay,TeHakono_ClarksBay_06NOV2015.shp,Z:\Retrolens\Auckland\TeHakono_clarksbay\Shorelines\TeHakono_ClarksBay_06NOV2015.shp,10,2015-11-06,Date,attribute table,LDS,attribute table,0.4,attribute table:Pixel_Er,,0.0,attribute table:Georef_ER,,2,attribute table:CPS,0.73,0.8324061508662703,READY,
Auckland,TeHakono_clarksbay,TeHakono_ClarksBay_06NOV2015.shp,Z:\Retrolens\Auckland\TeHakono_clarksbay\Shorelines\TeHakono_ClarksBay_06NOV2015.shp,11,2015-11-06,Date,attribute table,LDS,attribute table,0.4,attribute table:Pixel_Er,,0.0,attribute table:Georef_ER,,2,attribute table:CPS,0.73,0.8324061508662703,READY,
Auckland,TeHakono_clarksbay,TeHakono_ClarksBay_06NOV2015.shp,Z:\Retrolens\Auckland\TeHakono_clarksbay\Shorelines\TeHakono_ClarksBay_06NOV2015.shp,12,2015-11-06,Date,attribute table,LDS,attribute table,0.4,attribute table:Pixel_Er,,0.0,attribute table:Georef_ER,,2,attribute table:CPS,0.73,0.8324061508662703,READY,
Auckland,TeHakono_clarksbay,TeHakono_ClarksBay_06NOV2015.shp,Z:\Retrolens\Auckland\TeHakono_clarksbay\Shorelines\TeHakono_ClarksBay_06NOV2015.shp,13,2015-11-06,Date,attribute table,LDS,attribute table,0.4,attribute table:Pixel_Er,,0.0,attribute table:Georef_ER,,2,attribute table:CPS,0.73,0.8324061508662703,READY,
Auckland,TeHakono_clarksbay,TeHakono_ClarksBay_09MAR2025.shp,Z:\Retrolens\Auckland\TeHakono_clarksbay\Shorelines\TeHakono_ClarksBay_09MAR2025.shp,0,2025-03-09,Date,attribute table,LDS,attribute table,0.3,attribute table:Pixel_Er,,0.0,attribute table:Georef_ER,,2,attribute table:CPS,0.73,0.7892401408950256,READY,
Auckland,TeHakono_clarksbay,TeHakono_ClarksBay_09MAR2025.shp,Z:\Retrolens\Auckland\TeHakono_clarksbay\Shorelines\TeHakono_ClarksBay_09MAR2025.shp,1,2025-03-09,Date,attribute table,LDS,attribute table,0.3,attribute table:Pixel_Er,,0.0,attribute table:Georef_ER,,2,attribute table:CPS,0.73,0.7892401408950256,READY,
Auckland,TeHakono_clarksbay,TeHakono_ClarksBay_09MAR2025.shp,Z:\Retrolens\Auckland\TeHakono_clarksbay\Shorelines\TeHakono_ClarksBay_09MAR2025.shp,2,2025-03-09,Date,attribute table,LDS,attribute table,0.3,attribute table:Pixel_Er,,0.0,attribute table:Georef_ER,,2,attribute table:CPS,0.73,0.7892401408950256,READY,
Auckland,TeHakono_clarksbay,TeHakono_ClarksBay_09MAR2025.shp,Z:\Retrolens\Auckland\TeHakono_clarksbay\Shorelines\TeHakono_ClarksBay_09MAR2025.shp,3,2025-03-09,Date,attribute table,LDS,attribute table,0.3,attribute table:Pixel_Er,,0.0,attribute table:Georef_ER,,2,attribute table:CPS,0.73,0.7892401408950256,READY,
Auckland,TeHakono_clarksbay,TeHakono_ClarksBay_09MAR2025.shp,Z:\Retrolens\Auckland\TeHakono_clarksbay\Shorelines\TeHakono_ClarksBay_09MAR2025.shp,4,2025-03-09,Date,attribute table,LDS,attribute table,0.3,attribute table:Pixel_Er,,0.0,attribute table:Georef_ER,,2,attribute table:CPS,0.73,0.7892401408950256,READY,
Auckland,TeHakono_clarksbay,TeHakono_ClarksBay_09MAR2025.shp,Z:\Retrolens\Auckland\TeHakono_clarksbay\Shorelines\TeHakono_ClarksBay_09MAR2025.shp,5,2025-03-09,Date,attribute table,LDS,attribute table,0.3,attribute table:Pixel_Er,,0.0,attribute table:Georef_ER,,2,attribute table:CPS,0.73,0.7892401408950256,READY,
Auckland,TeHakono_clarksbay,TeHakono_ClarksBay_09MAR2025.shp,Z:\Retrolens\Auckland\TeHakono_clarksbay\Shorelines\TeHakono_ClarksBay_09MAR2025.shp,6,2025-03-09,Date,attribute table,LDS,attribute table,0.3,attribute table:Pixel_Er,,0.0,attribute table:Georef_ER,,2,attribute table:CPS,0.73,0.7892401408950256,READY,
Auckland,TeHakono_clarksbay,TeHakono_ClarksBay_09MAR2025.shp,Z:\Retrolens\Auckland\TeHakono_clarksbay\Shorelines\TeHakono_ClarksBay_09MAR2025.shp,7,2025-03-09,Date,attribute table,LDS,attribute table,0.3,attribute table:Pixel_Er,,0.0,attribute table:Georef_ER,,2,attribute table:CPS,0.73,0.7892401408950256,READY,
Auckland,TeHakono_clarksbay,TeHakono_ClarksBay_09MAR2025.shp,Z:\Retrolens\Auckland\TeHakono_clarksbay\Shorelines\TeHakono_ClarksBay_09MAR2025.shp,8,2025-03-09,Date,attribute table,LDS,attribute table,0.3,attribute table:Pixel_Er,,0.0,attribute table:Georef_ER,,2,attribute table:CPS,0.73,0.7892401408950256,READY,
Auckland,TeHakono_clarksbay,TeHakono_ClarksBay_09MAR2025.shp,Z:\Retrolens\Auckland\TeHakono_clarksbay\Shorelines\TeHakono_ClarksBay_09MAR2025.shp,9,2025-03-09,Date,attribute table,LDS,attribute table,0.3,attribute table:Pixel_Er,,0.0,attribute table:Georef_ER,,2,attribute table:CPS,0.73,0.7892401408950256,READY,
Auckland,TeHakono_clarksbay,TeHakono_ClarksBay_09MAR2025.shp,Z:\Retrolens\Auckland\TeHakono_clarksbay\Shorelines\TeHakono_ClarksBay_09MAR2025.shp,10,2025-03-09,Date,attribute table,LDS,attribute table,0.3,attribute table:Pixel_Er,,0.0,attribute table:Georef_ER,,2,attribute table:CPS,0.73,0.7892401408950256,READY,
Auckland,TeHakono_clarksbay,TeHakono_ClarksBay_09MAR2025.shp,Z:\Retrolens\Auckland\TeHakono_clarksbay\Shorelines\TeHakono_ClarksBay_09MAR2025.shp,11,2025-03-09,Date,attribute table,LDS,attribute table,0.3,attribute table:Pixel_Er,,0.0,attribute table:Georef_ER,,2,attribute table:CPS,0.73,0.7892401408950256,READY,
Auckland,TeHakono_clarksbay,TeHakono_ClarksBay_03DEC1995.shp,Z:\Retrolens\Auckland\TeHakono_clarksbay\Shorelines\TeHakono_ClarksBay_03DEC1995.shp,0,1995-12-03,Date,attribute table,RL,attribute table,1.48,attribute table:Pixel_Er,,2.9,attribute table:Georef_ER,,2,attribute table:CPS,0.73,3.33666000665336,READY,
Auckland,TeHakono_clarksbay,TeHakono_ClarksBay_03DEC1995.shp,Z:\Retrolens\Auckland\TeHakono_clarksbay\Shorelines\TeHakono_ClarksBay_03DEC1995.shp,1,1995-12-03,Date,attribute table,RL,attribute table,1.48,attribute table:Pixel_Er,,2.9,attribute table:Georef_ER,,2,attribute table:CPS,0.73,3.33666000665336,READY,
Auckland,TeHakono_clarksbay,TeHakono_ClarksBay_03DEC1995.shp,Z:\Retrolens\Auckland\TeHakono_clarksbay\Shorelines\TeHakono_ClarksBay_03DEC1995.shp,2,1995-12-03,Date,attribute table,RL,attribute table,1.48,attribute table:Pixel_Er,,2.9,attribute table:Georef_ER,,2,attribute table:CPS,0.73,3.33666000665336,READY,
Auckland,TeHakono_clarksbay,TeHakono_ClarksBay_03DEC1995.shp,Z:\Retrolens\Auckland\TeHakono_clarksbay\Shorelines\TeHakono_ClarksBay_03DEC1995.shp,3,1995-12-03,Date,attribute table,RL,attribute table,1.48,attribute table:Pixel_Er,,2.9,attribute table:Georef_ER,,2,attribute table:CPS,0.73,3.33666000665336,READY,
Auckland,TeHakono_clarksbay,TeHakono_ClarksBay_03DEC1995.shp,Z:\Retrolens\Auckland\TeHakono_clarksbay\Shorelines\TeHakono_ClarksBay_03DEC1995.shp,4,1995-12-03,Date,attribute table,RL,attribute table,1.48,attribute table:Pixel_Er,,2.9,attribute table:Georef_ER,,2,attribute table:CPS,0.73,3.33666000665336,READY,
Auckland,TeHakono_clarksbay,TeHakono_ClarksBay_03DEC1995.shp,Z:\Retrolens\Auckland\TeHakono_clarksbay\Shorelines\TeHakono_ClarksBay_03DEC1995.shp,5,1995-12-03,Date,attribute table,RL,attribute table,1.48,attribute table:Pixel_Er,,2.9,attribute table:Georef_ER,,2,attribute table:CPS,0.73,3.33666000665336,READY,
Auckland,TeHakono_clarksbay,TeHakono_ClarksBay_03DEC1995.shp,Z:\Retrolens\Auckland\TeHakono_clarksbay\Shorelines\TeHakono_ClarksBay_03DEC1995.shp,6,1995-12-03,Date,attribute table,RL,attribute table,1.48,attribute table:Pixel_Er,,2.9,attribute table:Georef_ER,,2,attribute table:CPS,0.73,3.33666000665336,READY,
Auckland,TeHakono_clarksbay,TeHakono_ClarksBay_03DEC1995.shp,Z:\Retrolens\Auckland\TeHakono_clarksbay\Shorelines\TeHakono_ClarksBay_03DEC1995.shp,7,1995-12-03,Date,attribute table,RL,attribute table,1.48,attribute table:Pixel_Er,,2.9,attribute table:Georef_ER,,2,attribute table:CPS,0.73,3.33666000665336,READY,
Auckland,TeHakono_clarksbay,TeHakono_ClarksBay_03DEC1995.shp,Z:\Retrolens\Auckland\TeHakono_clarksbay\Shorelines\TeHakono_ClarksBay_03DEC1995.shp,8,1995-12-03,Date,attribute table,RL,attribute table,1.48,attribute table:Pixel_Er,,2.9,attribute table:Georef_ER,,2,attribute table:CPS,0.73,3.33666000665336,READY,
Auckland,TeHakono_clarksbay,TeHakono_ClarksBay_14OCT1966.shp,Z:\Retrolens\Auckland\TeHakono_clarksbay\Shorelines\TeHakono_ClarksBay_14OCT1966.shp,0,1966-10-14,Date,attribute table,RL,attribute table,1.91,attribute table:Pixel_Er,,2.9,attribute table:Georef_ER,,2,attribute table:CPS,0.73,3.5483799120161863,READY,
Auckland,TeHakono_clarksbay,TeHakono_ClarksBay_14OCT1966.shp,Z:\Retrolens\Auckland\TeHakono_clarksbay\Shorelines\TeHakono_ClarksBay_14OCT1966.shp,1,1966-10-14,Date,attribute table,RL,attribute table,1.91,attribute table:Pixel_Er,,2.9,attribute table:Georef_ER,,2,attribute table:CPS,0.73,3.5483799120161863,READY,
Auckland,TeHakono_clarksbay,TeHakono_ClarksBay_14OCT1966.shp,Z:\Retrolens\Auckland\TeHakono_clarksbay\Shorelines\TeHakono_ClarksBay_14OCT1966.shp,2,1966-10-14,Date,attribute table,RL,attribute table,1.91,attribute table:Pixel_Er,,2.9,attribute table:Georef_ER,,2,attribute table:CPS,0.73,3.5483799120161863,READY,
Auckland,TeHakono_clarksbay,TeHakono_ClarksBay_14OCT1966.shp,Z:\Retrolens\Auckland\TeHakono_clarksbay\Shorelines\TeHakono_ClarksBay_14OCT1966.shp,3,1966-10-14,Date,attribute table,RL,attribute table,1.91,attribute table:Pixel_Er,,2.9,attribute table:Georef_ER,,2,attribute table:CPS,0.73,3.5483799120161863,READY,
Auckland,TeHakono_clarksbay,TeHakono_ClarksBay_14OCT1966.shp,Z:\Retrolens\Auckland\TeHakono_clarksbay\Shorelines\TeHakono_ClarksBay_14OCT1966.shp,4,1966-10-14,Date,attribute table,RL,attribute table,1.91,attribute table:Pixel_Er,,2.9,attribute table:Georef_ER,,2,attribute table:CPS,0.73,3.5483799120161863,READY,
Auckland,TeHakono_clarksbay,TeHakono_ClarksBay_14OCT1966.shp,Z:\Retrolens\Auckland\TeHakono_clarksbay\Shorelines\TeHakono_ClarksBay_14OCT1966.shp,5,1966-10-14,Date,attribute table,RL,attribute table,1.91,attribute table:Pixel_Er,,2.9,attribute table:Georef_ER,,2,attribute table:CPS,0.73,3.5483799120161863,READY,
Auckland,TeHakono_clarksbay,TeHakono_ClarksBay_14OCT1966.shp,Z:\Retrolens\Auckland\TeHakono_clarksbay\Shorelines\TeHakono_ClarksBay_14OCT1966.shp,6,1966-10-14,Date,attribute table,RL,attribute table,1.91,attribute table:Pixel_Er,,2.9,attribute table:Georef_ER,,2,attribute table:CPS,0.73,3.5483799120161863,READY,
Auckland,TeHakono_clarksbay,TeHakono_ClarksBay_14OCT1966.shp,Z:\Retrolens\Auckland\TeHakono_clarksbay\Shorelines\TeHakono_ClarksBay_14OCT1966.shp,7,1966-10-14,Date,attribute table,RL,attribute table,1.91,attribute table:Pixel_Er,,2.9,attribute table:Georef_ER,,2,attribute table:CPS,0.73,3.5483799120161863,READY,
Auckland,TeHakono_clarksbay,TeHakono_ClarksBay_14OCT1966.shp,Z:\Retrolens\Auckland\TeHakono_clarksbay\Shorelines\TeHakono_ClarksBay_14OCT1966.shp,8,1966-10-14,Date,attribute table,RL,attribute table,1.91,attribute table:Pixel_Er,,2.9,attribute table:Georef_ER,,2,attribute table:CPS,0.73,3.5483799120161863,READY,
Auckland,TeHakono_clarksbay,TeHakono_ClarksBay_14OCT1966.shp,Z:\Retrolens\Auckland\TeHakono_clarksbay\Shorelines\TeHakono_ClarksBay_14OCT1966.shp,9,1966-10-14,Date,attribute table,RL,attribute table,1.91,attribute table:Pixel_Er,,2.9,attribute table:Georef_ER,,2,attribute table:CPS,0.73,3.5483799120161863,READY,
Auckland,TeHakono_clarksbay,TeHakono_ClarksBay_14OCT1966.shp,Z:\Retrolens\Auckland\TeHakono_clarksbay\Shorelines\TeHakono_ClarksBay_14OCT1966.shp,10,1966-10-14,Date,attribute table,RL,attribute table,1.91,attribute table:Pixel_Er,,2.9,attribute table:Georef_ER,,2,attribute table:CPS,0.73,3.5483799120161863,READY,
Auckland,TeHakono_clarksbay,TeHakono_ClarksBay_09APR1987.shp,Z:\Retrolens\Auckland\TeHakono_clarksbay\Shorelines\TeHakono_ClarksBay_09APR1987.shp,0,1987-04-09,Date,attribute table,RL,attribute table,0.73,attribute table:Pixel_Er,,2.9,attribute table:Georef_ER,,2,attribute table:CPS,0.73,3.078278739815483,READY,
Auckland,TeHakono_clarksbay,TeHakono_ClarksBay_09APR1987.shp,Z:\Retrolens\Auckland\TeHakono_clarksbay\Shorelines\TeHakono_ClarksBay_09APR1987.shp,1,1987-04-09,Date,attribute table,RL,attribute table,0.73,attribute table:Pixel_Er,,2.9,attribute table:Georef_ER,,2,attribute table:CPS,0.73,3.078278739815483,READY,
Auckland,TeHakono_clarksbay,TeHakono_ClarksBay_09APR1987.shp,Z:\Retrolens\Auckland\TeHakono_clarksbay\Shorelines\TeHakono_ClarksBay_09APR1987.shp,2,1987-04-09,Date,attribute table,RL,attribute table,0.73,attribute table:Pixel_Er,,2.9,attribute table:Georef_ER,,2,attribute table:CPS,0.73,3.078278739815483,READY,
Auckland,TeHakono_clarksbay,TeHakono_ClarksBay_09APR1987.shp,Z:\Retrolens\Auckland\TeHakono_clarksbay\Shorelines\TeHakono_ClarksBay_09APR1987.shp,3,1987-04-09,Date,attribute table,RL,attribute table,0.73,attribute table:Pixel_Er,,2.9,attribute table:Georef_ER,,2,attribute table:CPS,0.73,3.078278739815483,READY,
Auckland,TeHakono_clarksbay,TeHakono_ClarksBay_09APR1987.shp,Z:\Retrolens\Auckland\TeHakono_clarksbay\Shorelines\TeHakono_ClarksBay_09APR1987.shp,4,1987-04-09,Date,attribute table,RL,attribute table,0.73,attribute table:Pixel_Er,,2.9,attribute table:Georef_ER,,2,attribute table:CPS,0.73,3.078278739815483,READY,
Auckland,TeHakono_clarksbay,TeHakono_ClarksBay_09APR1987.shp,Z:\Retrolens\Auckland\TeHakono_clarksbay\Shorelines\TeHakono_ClarksBay_09APR1987.shp,5,1987-04-09,Date,attribute table,RL,attribute table,0.73,attribute table:Pixel_Er,,2.9,attribute table:Georef_ER,,2,attribute table:CPS,0.73,3.078278739815483,READY,
Auckland,TeHakono_clarksbay,TeHakono_ClarksBay_09APR1987.shp,Z:\Retrolens\Auckland\TeHakono_clarksbay\Shorelines\TeHakono_ClarksBay_09APR1987.shp,6,1987-04-09,Date,attribute table,RL,attribute table,0.73,attribute table:Pixel_Er,,2.9,attribute table:Georef_ER,,2,attribute table:CPS,0.73,3.078278739815483,READY,
Auckland,TeHakono_clarksbay,TeHakono_ClarksBay_09APR1987.shp,Z:\Retrolens\Auckland\TeHakono_clarksbay\Shorelines\TeHakono_ClarksBay_09APR1987.shp,7,1987-04-09,Date,attribute table,RL,attribute table,0.73,attribute table:Pixel_Er,,2.9,attribute table:Georef_ER,,2,attribute table:CPS,0.73,3.078278739815483,READY,
Auckland,TeHakono_clarksbay,TeHakono_ClarksBay_24OCT1953.shp,Z:\Retrolens\Auckland\TeHakono_clarksbay\Shorelines\TeHakono_ClarksBay_24OCT1953.shp,0,1953-10-24,Date,attribute table,RL,attribute table,0.57,attribute table:Pixel_Er,,2.09,attribute table:Georef_ER,,2,attribute table:CPS,0.73,2.286022747043432,READY,
Auckland,TeHakono_clarksbay,TeHakono_ClarksBay_24OCT1953.shp,Z:\Retrolens\Auckland\TeHakono_clarksbay\Shorelines\TeHakono_ClarksBay_24OCT1953.shp,1,1953-10-24,Date,attribute table,RL,attribute table,0.57,attribute table:Pixel_Er,,2.09,attribute table:Georef_ER,,2,attribute table:CPS,0.73,2.286022747043432,READY,
Auckland,TeHakono_clarksbay,TeHakono_ClarksBay_24OCT1953.shp,Z:\Retrolens\Auckland\TeHakono_clarksbay\Shorelines\TeHakono_ClarksBay_24OCT1953.shp,2,1953-10-24,Date,attribute table,RL,attribute table,0.57,attribute table:Pixel_Er,,2.09,attribute table:Georef_ER,,2,attribute table:CPS,0.73,2.286022747043432,READY,
Auckland,TeHakono_clarksbay,TeHakono_ClarksBay_24OCT1953.shp,Z:\Retrolens\Auckland\TeHakono_clarksbay\Shorelines\TeHakono_ClarksBay_24OCT1953.shp,3,1953-10-24,Date,attribute table,RL,attribute table,0.57,attribute table:Pixel_Er,,2.09,attribute table:Georef_ER,,2,attribute table:CPS,0.73,2.286022747043432,READY,
Auckland,TeHakono_clarksbay,TeHakono_ClarksBay_24OCT1953.shp,Z:\Retrolens\Auckland\TeHakono_clarksbay\Shorelines\TeHakono_ClarksBay_24OCT1953.shp,4,1953-10-24,Date,attribute table,RL,attribute table,0.57,attribute table:Pixel_Er,,2.09,attribute table:Georef_ER,,2,attribute table:CPS,0.73,2.286022747043432,READY,
Auckland,TeHakono_clarksbay,TeHakono_ClarksBay_24OCT1953.shp,Z:\Retrolens\Auckland\TeHakono_clarksbay\Shorelines\TeHakono_ClarksBay_24OCT1953.shp,5,1953-10-24,Date,attribute table,RL,attribute table,0.57,attribute table:Pixel_Er,,2.09,attribute table:Georef_ER,,2,attribute table:CPS,0.73,2.286022747043432,READY,
Auckland,TeHakono_clarksbay,TeHakono_ClarksBay_24OCT1953.shp,Z:\Retrolens\Auckland\TeHakono_clarksbay\Shorelines\TeHakono_ClarksBay_24OCT1953.shp,6,1953-10-24,Date,attribute table,RL,attribute table,0.57,attribute table:Pixel_Er,,2.09,attribute table:Georef_ER,,2,attribute table:CPS,0.73,2.286022747043432,READY,
Auckland,TeHakono_clarksbay,TeHakono_ClarksBay_24OCT1953.shp,Z:\Retrolens\Auckland\TeHakono_clarksbay\Shorelines\TeHakono_ClarksBay_24OCT1953.shp,7,1953-10-24,Date,attribute table,RL,attribute table,0.57,attribute table:Pixel_Er,,2.09,attribute table:Georef_ER,,2,attribute table:CPS,0.73,2.286022747043432,READY,
Auckland,TeHakono_clarksbay,TeHakono_ClarksBay_24OCT1953.shp,Z:\Retrolens\Auckland\TeHakono_clarksbay\Shorelines\TeHakono_ClarksBay_24OCT1953.shp,8,1953-10-24,Date,attribute table,RL,attribute table,0.57,attribute table:Pixel_Er,,2.09,attribute table:Georef_ER,,2,attribute table:CPS,0.73,2.286022747043432,READY,
Auckland,TeHakono_clarksbay,TeHakono_ClarksBay_24OCT1953.shp,Z:\Retrolens\Auckland\TeHakono_clarksbay\Shorelines\TeHakono_ClarksBay_24OCT1953.shp,9,1953-10-24,Date,attribute table,RL,attribute table,0.57,attribute table:Pixel_Er,,2.09,attribute table:Georef_ER,,2,attribute table:CPS,0.73,2.286022747043432,READY,
Auckland,TeHakono_clarksbay,TeHakono_ClarksBay_24OCT1953.shp,Z:\Retrolens\Auckland\TeHakono_clarksbay\Shorelines\TeHakono_ClarksBay_24OCT1953.shp,10,1953-10-24,Date,attribute table,RL,attribute table,0.57,attribute table:Pixel_Er,,2.09,attribute table:Georef_ER,,2,attribute table:CPS,0.73,2.286022747043432,READY,
Northland,FrenchmansBay,FrenchmansBay_24OCT1953.shp,Z:\Retrolens\Northland\FrenchmansBay\Shorelines\FrenchmansBay_24OCT1953.shp,0,1953-10-24,Date,attribute table,RL,attribute table,0.57,attribute table:Pixel_Er,,2.09,attribute table:Georef_ER,,3,attribute table:CPS,0.97,2.373583788283026,READY,
Northland,FrenchmansBay,FrenchmansBay_24OCT1953.shp,Z:\Retrolens\Northland\FrenchmansBay\Shorelines\FrenchmansBay_24OCT1953.shp,1,1953-10-24,Date,attribute table,RL,attribute table,0.57,attribute table:Pixel_Er,,2.09,attribute table:Georef_ER,,3,attribute table:CPS,0.97,2.373583788283026,READY,
Northland,FrenchmansBay,FrenchmansBay_24OCT1953.shp,Z:\Retrolens\Northland\FrenchmansBay\Shorelines\FrenchmansBay_24OCT1953.shp,2,1953-10-24,Date,attribute table,RL,attribute table,0.57,attribute table:Pixel_Er,,2.09,attribute table:Georef_ER,,3,attribute table:CPS,0.97,2.373583788283026,READY,
Northland,FrenchmansBay,FrenchmansBay_24OCT1953.shp,Z:\Retrolens\Northland\FrenchmansBay\Shorelines\FrenchmansBay_24OCT1953.shp,3,1953-10-24,Date,attribute table,RL,attribute table,0.57,attribute table:Pixel_Er,,2.09,attribute table:Georef_ER,,3,attribute table:CPS,0.97,2.373583788283026,READY,
Northland,FrenchmansBay,FrenchmansBay_24OCT1953.shp,Z:\Retrolens\Northland\FrenchmansBay\Shorelines\FrenchmansBay_24OCT1953.shp,4,1953-10-24,Date,attribute table,RL,attribute table,0.57,attribute table:Pixel_Er,,2.09,attribute table:Georef_ER,,5,attribute table:CPS,8.59,8.858955920423128,READY,
Northland,FrenchmansBay,FrenchmansBay_24OCT1953.shp,Z:\Retrolens\Northland\FrenchmansBay\Shorelines\FrenchmansBay_24OCT1953.shp,5,1953-10-24,Date,attribute table,RL,attribute table,0.57,attribute table:Pixel_Er,,2.09,attribute table:Georef_ER,,5,attribute table:CPS,8.59,8.858955920423128,READY,
Northland,FrenchmansBay,FrenchmansBay_17JUN1966.shp,Z:\Retrolens\Northland\FrenchmansBay\Shorelines\FrenchmansBay_17JUN1966.shp,0,1966-06-17,Date,attribute table,RL,attribute table,1.88,attribute table:Pixel_Er,,2.9,attribute table:Georef_ER,,3,attribute table:CPS,0.97,3.589610006672034,READY,
Northland,FrenchmansBay,FrenchmansBay_17JUN1966.shp,Z:\Retrolens\Northland\FrenchmansBay\Shorelines\FrenchmansBay_17JUN1966.shp,1,1966-06-17,Date,attribute table,RL,attribute table,1.88,attribute table:Pixel_Er,,2.9,attribute table:Georef_ER,,3,attribute table:CPS,0.97,3.589610006672034,READY,
Northland,FrenchmansBay,FrenchmansBay_17JUN1966.shp,Z:\Retrolens\Northland\FrenchmansBay\Shorelines\FrenchmansBay_17JUN1966.shp,2,1966-06-17,Date,attribute table,RL,attribute table,1.88,attribute table:Pixel_Er,,2.9,attribute table:Georef_ER,,3,attribute table:CPS,0.97,3.589610006672034,READY,
Northland,FrenchmansBay,FrenchmansBay_17JUN1966.shp,Z:\Retrolens\Northland\FrenchmansBay\Shorelines\FrenchmansBay_17JUN1966.shp,3,1966-06-17,Date,attribute table,RL,attribute table,1.88,attribute table:Pixel_Er,,2.9,attribute table:Georef_ER,,3,attribute table:CPS,0.97,3.589610006672034,READY,
Northland,FrenchmansBay,FrenchmansBay_17JUN1966.shp,Z:\Retrolens\Northland\FrenchmansBay\Shorelines\FrenchmansBay_17JUN1966.shp,4,1966-06-17,Date,attribute table,RL,attribute table,1.88,attribute table:Pixel_Er,,2.9,attribute table:Georef_ER,,3,attribute table:CPS,0.97,3.589610006672034,READY,
Northland,FrenchmansBay,FrenchmansBay_17JUN1966.shp,Z:\Retrolens\Northland\FrenchmansBay\Shorelines\FrenchmansBay_17JUN1966.shp,5,1966-06-17,Date,attribute table,RL,attribute table,1.88,attribute table:Pixel_Er,,2.9,attribute table:Georef_ER,,3,attribute table:CPS,0.97,3.589610006672034,READY,
Northland,FrenchmansBay,FrenchmansBay_17JUN1966.shp,Z:\Retrolens\Northland\FrenchmansBay\Shorelines\FrenchmansBay_17JUN1966.shp,6,1966-06-17,Date,attribute table,RL,attribute table,1.88,attribute table:Pixel_Er,,2.9,attribute table:Georef_ER,,3,attribute table:CPS,0.97,3.589610006672034,READY,
Northland,FrenchmansBay,FrenchmansBay_17JUN1966.shp,Z:\Retrolens\Northland\FrenchmansBay\Shorelines\FrenchmansBay_17JUN1966.shp,7,1966-06-17,Date,attribute table,RL,attribute table,1.88,attribute table:Pixel_Er,,2.9,attribute table:Georef_ER,,3,attribute table:CPS,0.97,3.589610006672034,READY,
Northland,FrenchmansBay,FrenchmansBay_17JUN1966.shp,Z:\Retrolens\Northland\FrenchmansBay\Shorelines\FrenchmansBay_17JUN1966.shp,8,1966-06-17,Date,attribute table,RL,attribute table,1.88,attribute table:Pixel_Er,,2.9,attribute table:Georef_ER,,5,attribute table:CPS,8.59,9.25918462932887,READY,
Northland,FrenchmansBay,FrenchmansBay_29FEB1992.shp,Z:\Retrolens\Northland\FrenchmansBay\Shorelines\FrenchmansBay_29FEB1992.shp,0,1992-02-29,Date,attribute table,RL,attribute table,0.73,attribute table:Pixel_Er,,2.43,attribute table:Georef_ER,,4,attribute table:CPS,2.07,3.27455340466452,READY,
Northland,FrenchmansBay,FrenchmansBay_29FEB1992.shp,Z:\Retrolens\Northland\FrenchmansBay\Shorelines\FrenchmansBay_29FEB1992.shp,1,1992-02-29,Date,attribute table,RL,attribute table,0.73,attribute table:Pixel_Er,,2.43,attribute table:Georef_ER,,4,attribute table:CPS,2.07,3.27455340466452,READY,
Northland,FrenchmansBay,FrenchmansBay_29FEB1992.shp,Z:\Retrolens\Northland\FrenchmansBay\Shorelines\FrenchmansBay_29FEB1992.shp,2,1992-02-29,Date,attribute table,RL,attribute table,0.73,attribute table:Pixel_Er,,2.43,attribute table:Georef_ER,,3,attribute table:CPS,0.97,2.716376262596918,READY,
Northland,FrenchmansBay,FrenchmansBay_29FEB1992.shp,Z:\Retrolens\Northland\FrenchmansBay\Shorelines\FrenchmansBay_29FEB1992.shp,3,1992-02-29,Date,attribute table,RL,attribute table,0.73,attribute table:Pixel_Er,,2.43,attribute table:Georef_ER,,3,attribute table:CPS,0.97,2.716376262596918,READY,
Northland,FrenchmansBay,FrenchmansBay_29FEB1992.shp,Z:\Retrolens\Northland\FrenchmansBay\Shorelines\FrenchmansBay_29FEB1992.shp,4,1992-02-29,Date,attribute table,RL,attribute table,0.73,attribute table:Pixel_Er,,2.43,attribute table:Georef_ER,,3,attribute table:CPS,0.97,2.716376262596918,READY,
Northland,FrenchmansBay,FrenchmansBay_29FEB1992.shp,Z:\Retrolens\Northland\FrenchmansBay\Shorelines\FrenchmansBay_29FEB1992.shp,5,1992-02-29,Date,attribute table,RL,attribute table,0.73,attribute table:Pixel_Er,,2.43,attribute table:Georef_ER,,3,attribute table:CPS,0.97,2.716376262596918,READY,
Northland,FrenchmansBay,FrenchmansBay_29FEB1992.shp,Z:\Retrolens\Northland\FrenchmansBay\Shorelines\FrenchmansBay_29FEB1992.shp,6,1992-02-29,Date,attribute table,RL,attribute table,0.73,attribute table:Pixel_Er,,2.43,attribute table:Georef_ER,,2,attribute table:CPS,0.73,2.640208325113759,READY,
Northland,FrenchmansBay,FrenchmansBay_29FEB1992.shp,Z:\Retrolens\Northland\FrenchmansBay\Shorelines\FrenchmansBay_29FEB1992.shp,7,1992-02-29,Date,attribute table,RL,attribute table,0.73,attribute table:Pixel_Er,,2.43,attribute table:Georef_ER,,3,attribute table:CPS,0.97,2.716376262596918,READY,
Northland,FrenchmansBay,FrenchmansBay_29FEB1992.shp,Z:\Retrolens\Northland\FrenchmansBay\Shorelines\FrenchmansBay_29FEB1992.shp,8,1992-02-29,Date,attribute table,RL,attribute table,0.73,attribute table:Pixel_Er,,2.43,attribute table:Georef_ER,,3,attribute table:CPS,0.97,2.716376262596918,READY,
Northland,FrenchmansBay,FrenchmansBay_16DEC1976.shp,Z:\Retrolens\Northland\FrenchmansBay\Shorelines\FrenchmansBay_16DEC1976.shp,0,1976-12-16,Date,attribute table,RL,attribute table,1.52,attribute table:Pixel_Er,,2.9,attribute table:Georef_ER,,3,attribute table:CPS,0.97,3.414864565396408,READY,
Northland,FrenchmansBay,FrenchmansBay_16DEC1976.shp,Z:\Retrolens\Northland\FrenchmansBay\Shorelines\FrenchmansBay_16DEC1976.shp,1,1976-12-16,Date,attribute table,RL,attribute table,1.52,attribute table:Pixel_Er,,2.9,attribute table:Georef_ER,,3,attribute table:CPS,0.97,3.414864565396408,READY,
Northland,FrenchmansBay,FrenchmansBay_16DEC1976.shp,Z:\Retrolens\Northland\FrenchmansBay\Shorelines\FrenchmansBay_16DEC1976.shp,2,1976-12-16,Date,attribute table,RL,attribute table,1.52,attribute table:Pixel_Er,,2.9,attribute table:Georef_ER,,3,attribute table:CPS,0.97,3.414864565396408,READY,
Northland,FrenchmansBay,FrenchmansBay_16DEC1976.shp,Z:\Retrolens\Northland\FrenchmansBay\Shorelines\FrenchmansBay_16DEC1976.shp,3,1976-12-16,Date,attribute table,RL,attribute table,1.52,attribute table:Pixel_Er,,2.9,attribute table:Georef_ER,,2,attribute table:CPS,0.73,3.3545938651347944,READY,
Northland,FrenchmansBay,FrenchmansBay_16DEC1976.shp,Z:\Retrolens\Northland\FrenchmansBay\Shorelines\FrenchmansBay_16DEC1976.shp,4,1976-12-16,Date,attribute table,RL,attribute table,1.52,attribute table:Pixel_Er,,2.9,attribute table:Georef_ER,,3,attribute table:CPS,0.97,3.414864565396408,READY,
Northland,FrenchmansBay,FrenchmansBay_16DEC1976.shp,Z:\Retrolens\Northland\FrenchmansBay\Shorelines\FrenchmansBay_16DEC1976.shp,5,1976-12-16,Date,attribute table,RL,attribute table,1.52,attribute table:Pixel_Er,,2.9,attribute table:Georef_ER,,3,attribute table:CPS,0.97,3.414864565396408,READY,
Northland,FrenchmansBay,FrenchmansBay_16DEC1976.shp,Z:\Retrolens\Northland\FrenchmansBay\Shorelines\FrenchmansBay_16DEC1976.shp,6,1976-12-16,Date,attribute table,RL,attribute table,1.52,attribute table:Pixel_Er,,2.9,attribute table:Georef_ER,,3,attribute table:CPS,0.97,3.414864565396408,READY,
Northland,FrenchmansBay,FrenchmansBay_16DEC1976.shp,Z:\Retrolens\Northland\FrenchmansBay\Shorelines\FrenchmansBay_16DEC1976.shp,7,1976-12-16,Date,attribute table,RL,attribute table,1.52,attribute table:Pixel_Er,,2.9,attribute table:Georef_ER,,3,attribute table:CPS,0.97,3.414864565396408,READY,
Northland,FrenchmansBay,FrenchmansBay_16DEC1976.shp,Z:\Retrolens\Northland\FrenchmansBay\Shorelines\FrenchmansBay_16DEC1976.shp,8,1976-12-16,Date,attribute table,RL,attribute table,1.52,attribute table:Pixel_Er,,2.9,attribute table:Georef_ER,,3,attribute table:CPS,0.97,3.414864565396408,READY,
Northland,FrenchmansBay,FrenchmansBay_16DEC1976.shp,Z:\Retrolens\Northland\FrenchmansBay\Shorelines\FrenchmansBay_16DEC1976.shp,9,1976-12-16,Date,attribute table,RL,attribute table,1.52,attribute table:Pixel_Er,,2.9,attribute table:Georef_ER,,3,attribute table:CPS,0.97,3.414864565396408,READY,
Northland,FrenchmansBay,FrenchmansBay_16DEC1976.shp,Z:\Retrolens\Northland\FrenchmansBay\Shorelines\FrenchmansBay_16DEC1976.shp,10,1976-12-16,Date,attribute table,RL,attribute table,1.52,attribute table:Pixel_Er,,2.9,attribute table:Georef_ER,,3,attribute table:CPS,0.97,3.414864565396408,READY,
Northland,FrenchmansBay,FrenchmansBay_16DEC1976.shp,Z:\Retrolens\Northland\FrenchmansBay\Shorelines\FrenchmansBay_16DEC1976.shp,11,1976-12-16,Date,attribute table,RL,attribute table,1.52,attribute table:Pixel_Er,,2.9,attribute table:Georef_ER,,3,attribute table:CPS,0.97,3.414864565396408,READY,
Northland,FrenchmansBay,FrenchmansBay_16DEC1976.shp,Z:\Retrolens\Northland\FrenchmansBay\Shorelines\FrenchmansBay_16DEC1976.shp,12,1976-12-16,Date,attribute table,RL,attribute table,1.52,attribute table:Pixel_Er,,2.9,attribute table:Georef_ER,,3,attribute table:CPS,0.97,3.414864565396408,READY,
Northland,FrenchmansBay,FrenchmansBay_16DEC1976.shp,Z:\Retrolens\Northland\FrenchmansBay\Shorelines\FrenchmansBay_16DEC1976.shp,13,1976-12-16,Date,attribute table,RL,attribute table,1.52,attribute table:Pixel_Er,,2.9,attribute table:Georef_ER,,3,attribute table:CPS,0.97,3.414864565396408,READY,
Northland,FrenchmansBay,FrenchmansBay_16DEC1976.shp,Z:\Retrolens\Northland\FrenchmansBay\Shorelines\FrenchmansBay_16DEC1976.shp,14,1976-12-16,Date,attribute table,RL,attribute table,1.52,attribute table:Pixel_Er,,2.9,attribute table:Georef_ER,,3,attribute table:CPS,0.97,3.414864565396408,READY,
Northland,FrenchmansBay,FrenchmansBay_02SEP1982.shp,Z:\Retrolens\Northland\FrenchmansBay\Shorelines\FrenchmansBay_02SEP1982.shp,0,1982-09-02,Date,attribute table,RL,attribute table,0.76,attribute table:Pixel_Er,,2.43,attribute table:Georef_ER,,3,attribute table:CPS,0.97,2.724591712532357,READY,
Northland,FrenchmansBay,FrenchmansBay_02SEP1982.shp,Z:\Retrolens\Northland\FrenchmansBay\Shorelines\FrenchmansBay_02SEP1982.shp,1,1982-09-02,Date,attribute table,RL,attribute table,0.76,attribute table:Pixel_Er,,2.43,attribute table:Georef_ER,,3,attribute table:CPS,0.97,2.724591712532357,READY,
Northland,FrenchmansBay,FrenchmansBay_02SEP1982.shp,Z:\Retrolens\Northland\FrenchmansBay\Shorelines\FrenchmansBay_02SEP1982.shp,2,1982-09-02,Date,attribute table,RL,attribute table,0.76,attribute table:Pixel_Er,,2.43,attribute table:Georef_ER,,3,attribute table:CPS,0.97,2.724591712532357,READY,
Northland,FrenchmansBay,FrenchmansBay_02SEP1982.shp,Z:\Retrolens\Northland\FrenchmansBay\Shorelines\FrenchmansBay_02SEP1982.shp,3,1982-09-02,Date,attribute table,RL,attribute table,0.76,attribute table:Pixel_Er,,2.43,attribute table:Georef_ER,,3,attribute table:CPS,0.97,2.724591712532357,READY,
Northland,FrenchmansBay,FrenchmansBay_02SEP1982.shp,Z:\Retrolens\Northland\FrenchmansBay\Shorelines\FrenchmansBay_02SEP1982.shp,4,1982-09-02,Date,attribute table,RL,attribute table,0.76,attribute table:Pixel_Er,,2.43,attribute table:Georef_ER,,3,attribute table:CPS,0.97,2.724591712532357,READY,
Northland,FrenchmansBay,FrenchmansBay_02SEP1982.shp,Z:\Retrolens\Northland\FrenchmansBay\Shorelines\FrenchmansBay_02SEP1982.shp,5,1982-09-02,Date,attribute table,RL,attribute table,0.76,attribute table:Pixel_Er,,2.43,attribute table:Georef_ER,,2,attribute table:CPS,0.73,2.6486600385855485,READY,
Northland,FrenchmansBay,FrenchmansBay_02SEP1982.shp,Z:\Retrolens\Northland\FrenchmansBay\Shorelines\FrenchmansBay_02SEP1982.shp,6,1982-09-02,Date,attribute table,RL,attribute table,0.76,attribute table:Pixel_Er,,2.43,attribute table:Georef_ER,,3,attribute table:CPS,0.97,2.724591712532357,READY,
Northland,FrenchmansBay,FrenchmansBay_02SEP1982.shp,Z:\Retrolens\Northland\FrenchmansBay\Shorelines\FrenchmansBay_02SEP1982.shp,7,1982-09-02,Date,attribute table,RL,attribute table,0.76,attribute table:Pixel_Er,,2.43,attribute table:Georef_ER,,3,attribute table:CPS,0.97,2.724591712532357,READY,
Northland,FrenchmansBay,FrenchmansBay_02SEP1982.shp,Z:\Retrolens\Northland\FrenchmansBay\Shorelines\FrenchmansBay_02SEP1982.shp,8,1982-09-02,Date,attribute table,RL,attribute table,0.76,attribute table:Pixel_Er,,2.43,attribute table:Georef_ER,,3,attribute table:CPS,0.97,2.724591712532357,READY,
Northland,FrenchmansBay,FrenchmansBay_02SEP1982.shp,Z:\Retrolens\Northland\FrenchmansBay\Shorelines\FrenchmansBay_02SEP1982.shp,9,1982-09-02,Date,attribute table,RL,attribute table,0.76,attribute table:Pixel_Er,,2.43,attribute table:Georef_ER,,3,attribute table:CPS,0.97,2.724591712532357,READY,
Northland,Pouto,Pouto_04APR2023.shp,Z:\Retrolens\Northland\Pouto\Shorelines\Pouto_04APR2023.shp,0,2023-04-04,Date,attribute table,MAX,attribute table,0.467793408749989,gml-sidecar:stack-exact-date:2023-04-04:Pouto_04APR2023.jp2,Z:\MaxarImagery\HighFreq\Northland\Pouto\Stack\Pouto_04APR2023.jp2,1.17,attribute table:Georef_ER,,2,attribute table:CPS,0.73,1.4562385358415475,READY,
Northland,Pouto,Pouto_04APR2023.shp,Z:\Retrolens\Northland\Pouto\Shorelines\Pouto_04APR2023.shp,1,2023-04-04,Date,attribute table,MAX,attribute table,0.467793408749989,gml-sidecar:stack-exact-date:2023-04-04:Pouto_04APR2023.jp2,Z:\MaxarImagery\HighFreq\Northland\Pouto\Stack\Pouto_04APR2023.jp2,1.17,attribute table:Georef_ER,,4,attribute table:CPS,2.07,2.4233511246350443,READY,
Northland,Pouto,Pouto_04APR2023.shp,Z:\Retrolens\Northland\Pouto\Shorelines\Pouto_04APR2023.shp,2,2023-04-04,Date,attribute table,MAX,attribute table,0.467793408749989,gml-sidecar:stack-exact-date:2023-04-04:Pouto_04APR2023.jp2,Z:\MaxarImagery\HighFreq\Northland\Pouto\Stack\Pouto_04APR2023.jp2,1.17,attribute table:Georef_ER,,5,attribute table:CPS,8.59,8.681925516454857,READY,
Northland,Pouto,Pouto_04APR2023.shp,Z:\Retrolens\Northland\Pouto\Shorelines\Pouto_04APR2023.shp,3,2023-04-04,Date,attribute table,MAX,attribute table,0.467793408749989,gml-sidecar:stack-exact-date:2023-04-04:Pouto_04APR2023.jp2,Z:\MaxarImagery\HighFreq\Northland\Pouto\Stack\Pouto_04APR2023.jp2,1.17,attribute table:Georef_ER,,5,attribute table:CPS,8.59,8.681925516454857,READY,
Northland,Pouto,Pouto_04APR2023.shp,Z:\Retrolens\Northland\Pouto\Shorelines\Pouto_04APR2023.shp,4,2023-04-04,Date,attribute table,MAX,attribute table,0.467793408749989,gml-sidecar:stack-exact-date:2023-04-04:Pouto_04APR2023.jp2,Z:\MaxarImagery\HighFreq\Northland\Pouto\Stack\Pouto_04APR2023.jp2,1.17,attribute table:Georef_ER,,3,attribute table:CPS,0.97,1.5901668696303335,READY,
Northland,Pouto,Pouto_06NOV2015.shp,Z:\Retrolens\Northland\Pouto\Shorelines\Pouto_06NOV2015.shp,0,2015-11-06,Date,attribute table,LDS,attribute table,0.1,LDS default GSD:2015,,0.0,attribute table:Georef_ER,,5,attribute table:CPS,8.59,8.590582052457215,READY,
Northland,Pouto,Pouto_06NOV2015.shp,Z:\Retrolens\Northland\Pouto\Shorelines\Pouto_06NOV2015.shp,1,2015-11-06,Date,attribute table,LDS,attribute table,0.1,LDS default GSD:2015,,0.0,attribute table:Georef_ER,,5,attribute table:CPS,8.59,8.590582052457215,READY,
Northland,Pouto,Pouto_06NOV2015.shp,Z:\Retrolens\Northland\Pouto\Shorelines\Pouto_06NOV2015.shp,2,2015-11-06,Date,attribute table,LDS,attribute table,0.1,LDS default GSD:2015,,0.0,attribute table:Georef_ER,,3,attribute table:CPS,0.97,0.9751410154434075,READY,
Northland,Pouto,Pouto_06NOV2015.shp,Z:\Retrolens\Northland\Pouto\Shorelines\Pouto_06NOV2015.shp,3,2015-11-06,Date,attribute table,LDS,attribute table,0.1,LDS default GSD:2015,,0.0,attribute table:Georef_ER,,3,attribute table:CPS,0.97,0.9751410154434075,READY,
Northland,Pouto,Pouto_18MAR2024.shp,Z:\Retrolens\Northland\Pouto\Shorelines\Pouto_18MAR2024.shp,0,2024-03-18,Date,attribute table,MAX,attribute table,0.494534242499984,gml-sidecar:stack-exact-date:2024-03-18:Pouto_18MAR2024.jp2,Z:\MaxarImagery\HighFreq\Northland\Pouto\Stack\Pouto_18MAR2024.jp2,1.17,attribute table:Georef_ER,,3,attribute table:CPS,0.97,1.5982378161603588,READY,
Northland,Pouto,Pouto_18MAR2024.shp,Z:\Retrolens\Northland\Pouto\Shorelines\Pouto_18MAR2024.shp,1,2024-03-18,Date,attribute table,MAX,attribute table,0.494534242499984,gml-sidecar:stack-exact-date:2024-03-18:Pouto_18MAR2024.jp2,Z:\MaxarImagery\HighFreq\Northland\Pouto\Stack\Pouto_18MAR2024.jp2,1.17,attribute table:Georef_ER,,3,attribute table:CPS,0.97,1.5982378161603588,READY,
Northland,Pouto,Pouto_27JUN2024.shp,Z:\Retrolens\Northland\Pouto\Shorelines\Pouto_27JUN2024.shp,0,2024-06-27,Date,attribute table,MAX,attribute table,0.494005218,gml-sidecar:stack-exact-date:2024-06-27:Pouto_27JUN2024.jp2,Z:\MaxarImagery\HighFreq\Northland\Pouto\Stack\Pouto_27JUN2024.jp2,1.17,attribute table:Georef_ER,,3,attribute table:CPS,0.97,1.5980742020980212,READY,
Northland,Pouto,Pouto_27JUN2024.shp,Z:\Retrolens\Northland\Pouto\Shorelines\Pouto_27JUN2024.shp,1,2024-06-27,Date,attribute table,MAX,attribute table,0.494005218,gml-sidecar:stack-exact-date:2024-06-27:Pouto_27JUN2024.jp2,Z:\MaxarImagery\HighFreq\Northland\Pouto\Stack\Pouto_27JUN2024.jp2,1.17,attribute table:Georef_ER,,3,attribute table:CPS,0.97,1.5980742020980212,READY,
Northland,Pouto,Pouto_27JUN2024.shp,Z:\Retrolens\Northland\Pouto\Shorelines\Pouto_27JUN2024.shp,2,2024-06-27,Date,attribute table,MAX,attribute table,0.494005218,gml-sidecar:stack-exact-date:2024-06-27:Pouto_27JUN2024.jp2,Z:\MaxarImagery\HighFreq\Northland\Pouto\Stack\Pouto_27JUN2024.jp2,1.17,attribute table:Georef_ER,,5,attribute table:CPS,8.59,8.683377289707687,READY,
Northland,Pouto,Pouto_27JUN2024.shp,Z:\Retrolens\Northland\Pouto\Shorelines\Pouto_27JUN2024.shp,3,2024-06-27,Date,attribute table,MAX,attribute table,0.494005218,gml-sidecar:stack-exact-date:2024-06-27:Pouto_27JUN2024.jp2,Z:\MaxarImagery\HighFreq\Northland\Pouto\Stack\Pouto_27JUN2024.jp2,1.17,attribute table:Georef_ER,,5,attribute table:CPS,8.59,8.683377289707687,READY,
Northland,Pouto,Pouto_09JUN2022.shp,Z:\Retrolens\Northland\Pouto\Shorelines\Pouto_09JUN2022.shp,0,2022-06-09,Date,attribute table,MAX,attribute table,0.47683075249998,gml-sidecar:stack-exact-date:2022-06-09:Pouto_09JUN2022.jp2,Z:\MaxarImagery\HighFreq\Northland\Pouto\Stack\Pouto_09JUN2022.jp2,1.17,attribute table:Georef_ER,,3,attribute table:CPS,0.97,1.5928488837707415,READY,
Northland,Pouto,Pouto_09JUN2022.shp,Z:\Retrolens\Northland\Pouto\Shorelines\Pouto_09JUN2022.shp,1,2022-06-09,Date,attribute table,MAX,attribute table,0.47683075249998,gml-sidecar:stack-exact-date:2022-06-09:Pouto_09JUN2022.jp2,Z:\MaxarImagery\HighFreq\Northland\Pouto\Stack\Pouto_09JUN2022.jp2,1.17,attribute table:Georef_ER,,3,attribute table:CPS,0.97,1.5928488837707415,READY,
Northland,Pouto,Pouto_09JUN2022.shp,Z:\Retrolens\Northland\Pouto\Shorelines\Pouto_09JUN2022.shp,2,2022-06-09,Date,attribute table,MAX,attribute table,0.47683075249998,gml-sidecar:stack-exact-date:2022-06-09:Pouto_09JUN2022.jp2,Z:\MaxarImagery\HighFreq\Northland\Pouto\Stack\Pouto_09JUN2022.jp2,1.17,attribute table:Georef_ER,,5,attribute table:CPS,8.59,8.682417149995139,READY,
Northland,Pouto,Pouto_09JUN2022.shp,Z:\Retrolens\Northland\Pouto\Shorelines\Pouto_09JUN2022.shp,3,2022-06-09,Date,attribute table,MAX,attribute table,0.47683075249998,gml-sidecar:stack-exact-date:2022-06-09:Pouto_09JUN2022.jp2,Z:\MaxarImagery\HighFreq\Northland\Pouto\Stack\Pouto_09JUN2022.jp2,1.17,attribute table:Georef_ER,,5,attribute table:CPS,8.59,8.682417149995139,READY,
Northland,Pouto,Pouto_02MAY1996.shp,Z:\Retrolens\Northland\Pouto\Shorelines\Pouto_02MAY1996.shp,0,1996-05-02,Date,attribute table,RL,attribute table,1.47648181964923,gml-sidecar:stack-exact-date:1996-05-02:Pouto_02MAY1996_Mosaik.jp2,Z:\Retrolens\Northland\Pouto\Stack\Pouto_02MAY1996_Mosaik.jp2,2.9,attribute table:Georef_ER,,3,attribute table:CPS,0.97,3.3957176802194113,READY,
Northland,Pouto,Pouto_02MAY1996.shp,Z:\Retrolens\Northland\Pouto\Shorelines\Pouto_02MAY1996.shp,1,1996-05-02,Date,attribute table,RL,attribute table,1.47648181964923,gml-sidecar:stack-exact-date:1996-05-02:Pouto_02MAY1996_Mosaik.jp2,Z:\Retrolens\Northland\Pouto\Stack\Pouto_02MAY1996_Mosaik.jp2,2.9,attribute table:Georef_ER,,3,attribute table:CPS,0.97,3.3957176802194113,READY,
Northland,Pouto,Pouto_02MAY1996.shp,Z:\Retrolens\Northland\Pouto\Shorelines\Pouto_02MAY1996.shp,2,1996-05-02,Date,attribute table,RL,attribute table,1.47648181964923,gml-sidecar:stack-exact-date:1996-05-02:Pouto_02MAY1996_Mosaik.jp2,Z:\Retrolens\Northland\Pouto\Stack\Pouto_02MAY1996_Mosaik.jp2,2.9,attribute table:Georef_ER,,5,attribute table:CPS,8.59,9.185755198335883,READY,
Northland,Pouto,Pouto_02MAY1996.shp,Z:\Retrolens\Northland\Pouto\Shorelines\Pouto_02MAY1996.shp,3,1996-05-02,Date,attribute table,RL,attribute table,1.47648181964923,gml-sidecar:stack-exact-date:1996-05-02:Pouto_02MAY1996_Mosaik.jp2,Z:\Retrolens\Northland\Pouto\Stack\Pouto_02MAY1996_Mosaik.jp2,2.9,attribute table:Georef_ER,,5,attribute table:CPS,8.59,9.185755198335883,READY,
Northland,Pouto,Pouto_19JAN1977.shp,Z:\Retrolens\Northland\Pouto\Shorelines\Pouto_19JAN1977.shp,0,1977-01-19,Date,attribute table,RL,attribute table,1.65328964980819,gml-sidecar:stack-exact-date:1977-01-19:Pouto_19JAN1977_mosaic.jp2,Z:\Retrolens\Northland\Pouto\Stack\Pouto_19JAN1977_mosaic.jp2,2.9,attribute table:Georef_ER,,3,attribute table:CPS,0.97,3.476243182828682,READY,
Northland,Pouto,Pouto_19JAN1977.shp,Z:\Retrolens\Northland\Pouto\Shorelines\Pouto_19JAN1977.shp,1,1977-01-19,Date,attribute table,RL,attribute table,1.65328964980819,gml-sidecar:stack-exact-date:1977-01-19:Pouto_19JAN1977_mosaic.jp2,Z:\Retrolens\Northland\Pouto\Stack\Pouto_19JAN1977_mosaic.jp2,2.9,attribute table:Georef_ER,,5,attribute table:CPS,8.59,9.21582696594087,READY,
Northland,Pouto,Pouto_19JAN1977.shp,Z:\Retrolens\Northland\Pouto\Shorelines\Pouto_19JAN1977.shp,2,1977-01-19,Date,attribute table,RL,attribute table,1.65328964980819,gml-sidecar:stack-exact-date:1977-01-19:Pouto_19JAN1977_mosaic.jp2,Z:\Retrolens\Northland\Pouto\Stack\Pouto_19JAN1977_mosaic.jp2,2.9,attribute table:Georef_ER,,5,attribute table:CPS,8.59,9.21582696594087,READY,
Northland,Pouto,Pouto_19JAN1977.shp,Z:\Retrolens\Northland\Pouto\Shorelines\Pouto_19JAN1977.shp,3,1977-01-19,Date,attribute table,RL,attribute table,1.65328964980819,gml-sidecar:stack-exact-date:1977-01-19:Pouto_19JAN1977_mosaic.jp2,Z:\Retrolens\Northland\Pouto\Stack\Pouto_19JAN1977_mosaic.jp2,2.9,attribute table:Georef_ER,,3,attribute table:CPS,0.97,3.476243182828682,READY,
Northland,Pouto,Pouto_14OCT1966.shp,Z:\Retrolens\Northland\Pouto\Shorelines\Pouto_14OCT1966.shp,0,1966-10-14,Date,attribute table,RL,attribute table,1.87576819130782,gml-sidecar:stack-exact-date:1966-10-14:Pouto_14OCT1966_mosaic.jp2,Z:\Retrolens\Northland\Pouto\Stack\Pouto_14OCT1966_mosaic.jp2,2.9,attribute table:Georef_ER,,5,attribute table:CPS,8.59,9.258326323235869,READY,
Northland,Pouto,Pouto_14OCT1966.shp,Z:\Retrolens\Northland\Pouto\Shorelines\Pouto_14OCT1966.shp,1,1966-10-14,Date,attribute table,RL,attribute table,1.87576819130782,gml-sidecar:stack-exact-date:1966-10-14:Pouto_14OCT1966_mosaic.jp2,Z:\Retrolens\Northland\Pouto\Stack\Pouto_14OCT1966_mosaic.jp2,2.9,attribute table:Georef_ER,,5,attribute table:CPS,8.59,9.258326323235869,READY,
Northland,Pouto,Pouto_14OCT1966.shp,Z:\Retrolens\Northland\Pouto\Shorelines\Pouto_14OCT1966.shp,2,1966-10-14,Date,attribute table,RL,attribute table,1.87576819130782,gml-sidecar:stack-exact-date:1966-10-14:Pouto_14OCT1966_mosaic.jp2,Z:\Retrolens\Northland\Pouto\Stack\Pouto_14OCT1966_mosaic.jp2,2.9,attribute table:Georef_ER,,3,attribute table:CPS,0.97,3.5873954768776484,READY,
Northland,Pouto,Pouto_14OCT1966.shp,Z:\Retrolens\Northland\Pouto\Shorelines\Pouto_14OCT1966.shp,3,1966-10-14,Date,attribute table,RL,attribute table,1.87576819130782,gml-sidecar:stack-exact-date:1966-10-14:Pouto_14OCT1966_mosaic.jp2,Z:\Retrolens\Northland\Pouto\Stack\Pouto_14OCT1966_mosaic.jp2,2.9,attribute table:Georef_ER,,3,attribute table:CPS,0.97,3.5873954768776484,READY,
Northland,Pouto,Pouto_14OCT1966.shp,Z:\Retrolens\Northland\Pouto\Shorelines\Pouto_14OCT1966.shp,4,1966-10-14,Date,attribute table,RL,attribute table,1.87576819130782,gml-sidecar:stack-exact-date:1966-10-14:Pouto_14OCT1966_mosaic.jp2,Z:\Retrolens\Northland\Pouto\Stack\Pouto_14OCT1966_mosaic.jp2,2.9,attribute table:Georef_ER,,5,attribute table:CPS,8.59,9.258326323235869,READY,
Northland,Pouto,Pouto_14OCT1966.shp,Z:\Retrolens\Northland\Pouto\Shorelines\Pouto_14OCT1966.shp,5,1966-10-14,Date,attribute table,RL,attribute table,1.87576819130782,gml-sidecar:stack-exact-date:1966-10-14:Pouto_14OCT1966_mosaic.jp2,Z:\Retrolens\Northland\Pouto\Stack\Pouto_14OCT1966_mosaic.jp2,2.9,attribute table:Georef_ER,,5,attribute table:CPS,8.59,9.258326323235869,READY,
Northland,Pouto,Pouto_14OCT1966.shp,Z:\Retrolens\Northland\Pouto\Shorelines\Pouto_14OCT1966.shp,6,1966-10-14,Date,attribute table,RL,attribute table,1.87576819130782,gml-sidecar:stack-exact-date:1966-10-14:Pouto_14OCT1966_mosaic.jp2,Z:\Retrolens\Northland\Pouto\Stack\Pouto_14OCT1966_mosaic.jp2,2.9,attribute table:Georef_ER,,5,attribute table:CPS,8.59,9.258326323235869,READY,
Northland,Pouto,Pouto_02SEP1982.shp,Z:\Retrolens\Northland\Pouto\Shorelines\Pouto_02SEP1982.shp,0,1982-09-20,Date,attribute table,RL,attribute table,0.745344934841617,gml-sidecar:stack-RL-within-3-months:1982-09-02:Pouto_02SEP1982.jp2,Z:\Retrolens\Northland\Pouto\Stack\Pouto_02SEP1982.jp2,2.43,attribute table:Georef_ER,,3,attribute table:CPS,0.97,2.720540216922745,READY,
Northland,Pouto,Pouto_02SEP1982.shp,Z:\Retrolens\Northland\Pouto\Shorelines\Pouto_02SEP1982.shp,1,1982-09-20,Date,attribute table,RL,attribute table,0.745344934841617,gml-sidecar:stack-RL-within-3-months:1982-09-02:Pouto_02SEP1982.jp2,Z:\Retrolens\Northland\Pouto\Stack\Pouto_02SEP1982.jp2,2.43,attribute table:Georef_ER,,5,attribute table:CPS,8.59,8.958154892157985,READY,
Northland,Pouto,Pouto_02SEP1982.shp,Z:\Retrolens\Northland\Pouto\Shorelines\Pouto_02SEP1982.shp,2,1982-09-20,Date,attribute table,RL,attribute table,0.745344934841617,gml-sidecar:stack-RL-within-3-months:1982-09-02:Pouto_02SEP1982.jp2,Z:\Retrolens\Northland\Pouto\Stack\Pouto_02SEP1982.jp2,2.43,attribute table:Georef_ER,,5,attribute table:CPS,8.59,8.958154892157985,READY,
Northland,Pouto,Pouto_02SEP1982.shp,Z:\Retrolens\Northland\Pouto\Shorelines\Pouto_02SEP1982.shp,3,1982-09-20,Date,attribute table,RL,attribute table,0.745344934841617,gml-sidecar:stack-RL-within-3-months:1982-09-02:Pouto_02SEP1982.jp2,Z:\Retrolens\Northland\Pouto\Stack\Pouto_02SEP1982.jp2,2.43,attribute table:Georef_ER,,5,attribute table:CPS,8.59,8.958154892157985,READY,
Northland,Pouto,Pouto_02SEP1982.shp,Z:\Retrolens\Northland\Pouto\Shorelines\Pouto_02SEP1982.shp,4,1982-09-20,Date,attribute table,RL,attribute table,0.745344934841617,gml-sidecar:stack-RL-within-3-months:1982-09-02:Pouto_02SEP1982.jp2,Z:\Retrolens\Northland\Pouto\Stack\Pouto_02SEP1982.jp2,2.43,attribute table:Georef_ER,,5,attribute table:CPS,8.59,8.958154892157985,READY,
Northland,Pouto,Pouto_12MAY1938.shp,Z:\Retrolens\Northland\Pouto\Shorelines\Pouto_12MAY1938.shp,0,1938-05-12,Date,attribute table,RL,attribute table,0.517176410474031,gml-sidecar:stack-exact-date:1938-05-12:Pouto_12MAY1938_mosaic.jp2,Z:\Retrolens\Northland\Pouto\Stack\Pouto_12MAY1938_mosaic.jp2,2.09,attribute table:Georef_ER,,5,attribute table:CPS,8.59,8.85571405588227,READY,
Northland,Pouto,Pouto_12MAY1938.shp,Z:\Retrolens\Northland\Pouto\Shorelines\Pouto_12MAY1938.shp,1,1938-05-12,Date,attribute table,RL,attribute table,0.517176410474031,gml-sidecar:stack-exact-date:1938-05-12:Pouto_12MAY1938_mosaic.jp2,Z:\Retrolens\Northland\Pouto\Stack\Pouto_12MAY1938_mosaic.jp2,2.09,attribute table:Georef_ER,,5,attribute table:CPS,8.59,8.85571405588227,READY,
Northland,Pouto,Pouto_12MAY1938.shp,Z:\Retrolens\Northland\Pouto\Shorelines\Pouto_12MAY1938.shp,2,1938-05-12,Date,attribute table,RL,attribute table,0.517176410474031,gml-sidecar:stack-exact-date:1938-05-12:Pouto_12MAY1938_mosaic.jp2,Z:\Retrolens\Northland\Pouto\Stack\Pouto_12MAY1938_mosaic.jp2,2.09,attribute table:Georef_ER,,3,attribute table:CPS,0.97,2.3614553647170218,READY,
Northland,Pouto,Pouto_12MAY1938.shp,Z:\Retrolens\Northland\Pouto\Shorelines\Pouto_12MAY1938.shp,3,1938-05-12,Date,attribute table,RL,attribute table,0.517176410474031,gml-sidecar:stack-exact-date:1938-05-12:Pouto_12MAY1938_mosaic.jp2,Z:\Retrolens\Northland\Pouto\Stack\Pouto_12MAY1938_mosaic.jp2,2.09,attribute table:Georef_ER,,3,attribute table:CPS,0.97,2.3614553647170218,READY,
Northland,Tinopai,Tinopai_24MAR2023.shp,Z:\Retrolens\Northland\Tinopai\Shorelines\Tinopai_24MAR2023.shp,0,2023-03-24,Date,attribute table,MAX,attribute table,0.5,attribute table:Pixel_Er,,1.17,attribute table:Georef_ER,,3,attribute table:CPS,0.97,1.5999374987792492,READY,
Northland,Tinopai,Tinopai_24MAR2023.shp,Z:\Retrolens\Northland\Tinopai\Shorelines\Tinopai_24MAR2023.shp,1,2023-03-24,Date,attribute table,MAX,attribute table,0.5,attribute table:Pixel_Er,,1.17,attribute table:Georef_ER,,3,attribute table:CPS,0.97,1.5999374987792492,READY,
Northland,Tinopai,Tinopai_24MAR2023.shp,Z:\Retrolens\Northland\Tinopai\Shorelines\Tinopai_24MAR2023.shp,2,2023-03-24,Date,attribute table,MAX,attribute table,0.5,attribute table:Pixel_Er,,1.17,attribute table:Georef_ER,,3,attribute table:CPS,0.97,1.5999374987792492,READY,
Northland,Tinopai,Tinopai_24MAR2023.shp,Z:\Retrolens\Northland\Tinopai\Shorelines\Tinopai_24MAR2023.shp,3,2023-03-24,Date,attribute table,MAX,attribute table,0.5,attribute table:Pixel_Er,,1.17,attribute table:Georef_ER,,3,attribute table:CPS,0.97,1.5999374987792492,READY,
Northland,Tinopai,Tinopai_24MAR2023.shp,Z:\Retrolens\Northland\Tinopai\Shorelines\Tinopai_24MAR2023.shp,4,2023-03-24,Date,attribute table,MAX,attribute table,0.5,attribute table:Pixel_Er,,1.17,attribute table:Georef_ER,,5,attribute table:CPS,8.59,8.683720400842025,READY,
Northland,Tinopai,Tinopai_24MAR2023.shp,Z:\Retrolens\Northland\Tinopai\Shorelines\Tinopai_24MAR2023.shp,5,2023-03-24,Date,attribute table,MAX,attribute table,0.5,attribute table:Pixel_Er,,1.17,attribute table:Georef_ER,,3,attribute table:CPS,0.97,1.5999374987792492,READY,
Northland,Tinopai,Tinopai_24MAR2023.shp,Z:\Retrolens\Northland\Tinopai\Shorelines\Tinopai_24MAR2023.shp,6,2023-03-24,Date,attribute table,MAX,attribute table,0.5,attribute table:Pixel_Er,,1.17,attribute table:Georef_ER,,3,attribute table:CPS,0.97,1.5999374987792492,READY,
Northland,Tinopai,Tinopai_24MAR2023.shp,Z:\Retrolens\Northland\Tinopai\Shorelines\Tinopai_24MAR2023.shp,7,2023-03-24,Date,attribute table,MAX,attribute table,0.5,attribute table:Pixel_Er,,1.17,attribute table:Georef_ER,,3,attribute table:CPS,0.97,1.5999374987792492,READY,
Northland,Tinopai,Tinopai_24MAR2023.shp,Z:\Retrolens\Northland\Tinopai\Shorelines\Tinopai_24MAR2023.shp,8,2023-03-24,Date,attribute table,MAX,attribute table,0.5,attribute table:Pixel_Er,,1.17,attribute table:Georef_ER,,3,attribute table:CPS,0.97,1.5999374987792492,READY,
Northland,Tinopai,Tinopai_24MAR2023.shp,Z:\Retrolens\Northland\Tinopai\Shorelines\Tinopai_24MAR2023.shp,9,2023-03-24,Date,attribute table,MAX,attribute table,0.5,attribute table:Pixel_Er,,1.17,attribute table:Georef_ER,,2,attribute table:CPS,0.73,1.4669014963520897,READY,
Northland,Tinopai,Tinopai_24MAR2023.shp,Z:\Retrolens\Northland\Tinopai\Shorelines\Tinopai_24MAR2023.shp,10,2023-03-24,Date,attribute table,MAX,attribute table,0.5,attribute table:Pixel_Er,,1.17,attribute table:Georef_ER,,2,attribute table:CPS,0.73,1.4669014963520897,READY,
Northland,Tinopai,Tinopai_24MAR2023.shp,Z:\Retrolens\Northland\Tinopai\Shorelines\Tinopai_24MAR2023.shp,11,2023-03-24,Date,attribute table,MAX,attribute table,0.5,attribute table:Pixel_Er,,1.17,attribute table:Georef_ER,,3,attribute table:CPS,0.97,1.5999374987792492,READY,
Northland,Tinopai,Tinopai_02SEP1987.shp,Z:\Retrolens\Northland\Tinopai\Shorelines\Tinopai_02SEP1987.shp,0,1987-09-02,Date,attribute table,RL,attribute table,0.737,attribute table:Pixel_Er,,2.43,attribute table:Georef_ER,,3,attribute table:CPS,0.97,2.7182658074588657,READY,
Northland,Tinopai,Tinopai_02SEP1987.shp,Z:\Retrolens\Northland\Tinopai\Shorelines\Tinopai_02SEP1987.shp,1,1987-09-02,Date,attribute table,RL,attribute table,0.737,attribute table:Pixel_Er,,2.43,attribute table:Georef_ER,,3,attribute table:CPS,0.97,2.7182658074588657,READY,
Northland,Tinopai,Tinopai_02SEP1987.shp,Z:\Retrolens\Northland\Tinopai\Shorelines\Tinopai_02SEP1987.shp,2,1987-09-02,Date,attribute table,RL,attribute table,0.737,attribute table:Pixel_Er,,2.43,attribute table:Georef_ER,,3,attribute table:CPS,0.97,2.7182658074588657,READY,
Northland,Tinopai,Tinopai_02SEP1987.shp,Z:\Retrolens\Northland\Tinopai\Shorelines\Tinopai_02SEP1987.shp,3,1987-09-02,Date,attribute table,RL,attribute table,0.737,attribute table:Pixel_Er,,2.43,attribute table:Georef_ER,,3,attribute table:CPS,0.97,2.7182658074588657,READY,
Northland,Tinopai,Tinopai_02SEP1987.shp,Z:\Retrolens\Northland\Tinopai\Shorelines\Tinopai_02SEP1987.shp,4,1987-09-02,Date,attribute table,RL,attribute table,0.737,attribute table:Pixel_Er,,2.43,attribute table:Georef_ER,,3,attribute table:CPS,0.97,2.7182658074588657,READY,
Northland,Tinopai,Tinopai_02SEP1987.shp,Z:\Retrolens\Northland\Tinopai\Shorelines\Tinopai_02SEP1987.shp,5,1987-09-02,Date,attribute table,RL,attribute table,0.737,attribute table:Pixel_Er,,2.43,attribute table:Georef_ER,,3,attribute table:CPS,0.97,2.7182658074588657,READY,
Northland,Tinopai,Tinopai_02SEP1987.shp,Z:\Retrolens\Northland\Tinopai\Shorelines\Tinopai_02SEP1987.shp,6,1987-09-02,Date,attribute table,RL,attribute table,0.737,attribute table:Pixel_Er,,2.43,attribute table:Georef_ER,,3,attribute table:CPS,0.97,2.7182658074588657,READY,
Northland,Tinopai,Tinopai_02SEP1987.shp,Z:\Retrolens\Northland\Tinopai\Shorelines\Tinopai_02SEP1987.shp,7,1987-09-02,Date,attribute table,RL,attribute table,0.737,attribute table:Pixel_Er,,2.43,attribute table:Georef_ER,,2,attribute table:CPS,0.73,2.6421523423148785,READY,
Northland,Tinopai,Tinopai_02SEP1987.shp,Z:\Retrolens\Northland\Tinopai\Shorelines\Tinopai_02SEP1987.shp,8,1987-09-02,Date,attribute table,RL,attribute table,0.737,attribute table:Pixel_Er,,2.43,attribute table:Georef_ER,,3,attribute table:CPS,0.97,2.7182658074588657,READY,
Northland,Tinopai,Tinopai_02SEP1987.shp,Z:\Retrolens\Northland\Tinopai\Shorelines\Tinopai_02SEP1987.shp,9,1987-09-02,Date,attribute table,RL,attribute table,0.737,attribute table:Pixel_Er,,2.43,attribute table:Georef_ER,,2,attribute table:CPS,0.73,2.6421523423148785,READY,
Northland,Tinopai,Tinopai_20JUL2019.shp,Z:\Retrolens\Northland\Tinopai\Shorelines\Tinopai_20JUL2019.shp,0,2019-07-20,Date,attribute table,MAX,attribute table,0.36,attribute table:Pixel_Er,,1.17,attribute table:Georef_ER,,3,attribute table:CPS,0.97,1.5618578680533,READY,
Northland,Tinopai,Tinopai_20JUL2019.shp,Z:\Retrolens\Northland\Tinopai\Shorelines\Tinopai_20JUL2019.shp,1,2019-07-20,Date,attribute table,MAX,attribute table,0.36,attribute table:Pixel_Er,,1.17,attribute table:Georef_ER,,3,attribute table:CPS,0.97,1.5618578680533,READY,
Northland,Tinopai,Tinopai_20JUL2019.shp,Z:\Retrolens\Northland\Tinopai\Shorelines\Tinopai_20JUL2019.shp,2,2019-07-20,Date,attribute table,MAX,attribute table,0.36,attribute table:Pixel_Er,,1.17,attribute table:Georef_ER,,3,attribute table:CPS,0.97,1.5618578680533,READY,
Northland,Tinopai,Tinopai_20JUL2019.shp,Z:\Retrolens\Northland\Tinopai\Shorelines\Tinopai_20JUL2019.shp,3,2019-07-20,Date,attribute table,MAX,attribute table,0.36,attribute table:Pixel_Er,,1.17,attribute table:Georef_ER,,3,attribute table:CPS,0.97,1.5618578680533,READY,
Northland,Tinopai,Tinopai_20JUL2019.shp,Z:\Retrolens\Northland\Tinopai\Shorelines\Tinopai_20JUL2019.shp,4,2019-07-20,Date,attribute table,MAX,attribute table,0.36,attribute table:Pixel_Er,,1.17,attribute table:Georef_ER,,3,attribute table:CPS,0.97,1.5618578680533,READY,
Northland,Tinopai,Tinopai_20JUL2019.shp,Z:\Retrolens\Northland\Tinopai\Shorelines\Tinopai_20JUL2019.shp,5,2019-07-20,Date,attribute table,MAX,attribute table,0.36,attribute table:Pixel_Er,,1.17,attribute table:Georef_ER,,3,attribute table:CPS,0.97,1.5618578680533,READY,
Northland,Tinopai,Tinopai_20JUL2019.shp,Z:\Retrolens\Northland\Tinopai\Shorelines\Tinopai_20JUL2019.shp,6,2019-07-20,Date,attribute table,MAX,attribute table,0.36,attribute table:Pixel_Er,,1.17,attribute table:Georef_ER,,3,attribute table:CPS,0.97,1.5618578680533,READY,
Northland,Tinopai,Tinopai_20JUL2019.shp,Z:\Retrolens\Northland\Tinopai\Shorelines\Tinopai_20JUL2019.shp,7,2019-07-20,Date,attribute table,MAX,attribute table,0.36,attribute table:Pixel_Er,,1.17,attribute table:Georef_ER,,5,attribute table:CPS,8.59,8.676785118925096,READY,
Northland,Tinopai,Tinopai_20JUL2019.shp,Z:\Retrolens\Northland\Tinopai\Shorelines\Tinopai_20JUL2019.shp,8,2019-07-20,Date,attribute table,MAX,attribute table,0.36,attribute table:Pixel_Er,,1.17,attribute table:Georef_ER,,3,attribute table:CPS,0.97,1.5618578680533,READY,
Northland,Tinopai,Tinopai_20JUL2019.shp,Z:\Retrolens\Northland\Tinopai\Shorelines\Tinopai_20JUL2019.shp,9,2019-07-20,Date,attribute table,MAX,attribute table,0.36,attribute table:Pixel_Er,,1.17,attribute table:Georef_ER,,2,attribute table:CPS,0.73,1.4252719038836061,READY,
Northland,Tinopai,Tinopai_20JUL2019.shp,Z:\Retrolens\Northland\Tinopai\Shorelines\Tinopai_20JUL2019.shp,10,2019-07-20,Date,attribute table,MAX,attribute table,0.36,attribute table:Pixel_Er,,1.17,attribute table:Georef_ER,,3,attribute table:CPS,0.97,1.5618578680533,READY,
Northland,Tinopai,Tinopai_20JUL2019.shp,Z:\Retrolens\Northland\Tinopai\Shorelines\Tinopai_20JUL2019.shp,11,2019-07-20,Date,attribute table,MAX,attribute table,0.36,attribute table:Pixel_Er,,1.17,attribute table:Georef_ER,,4,attribute table:CPS,2.07,2.40487005885973,READY,
Northland,Tinopai,Tinopai_20JUL2019.shp,Z:\Retrolens\Northland\Tinopai\Shorelines\Tinopai_20JUL2019.shp,12,2019-07-20,Date,attribute table,MAX,attribute table,0.36,attribute table:Pixel_Er,,1.17,attribute table:Georef_ER,,4,attribute table:CPS,2.07,2.40487005885973,READY,
Northland,Tinopai,Tinopai_18MAR2024.shp,Z:\Retrolens\Northland\Tinopai\Shorelines\Tinopai_18MAR2024.shp,0,2024-03-18,Date,attribute table,MAX,attribute table,0.49,attribute table:Pixel_Er,,1.17,attribute table:Georef_ER,,3,attribute table:CPS,0.97,1.596840630745598,READY,
Northland,Tinopai,Tinopai_18MAR2024.shp,Z:\Retrolens\Northland\Tinopai\Shorelines\Tinopai_18MAR2024.shp,1,2024-03-18,Date,attribute table,MAX,attribute table,0.49,attribute table:Pixel_Er,,1.17,attribute table:Georef_ER,,3,attribute table:CPS,0.97,1.596840630745598,READY,
Northland,Tinopai,Tinopai_18MAR2024.shp,Z:\Retrolens\Northland\Tinopai\Shorelines\Tinopai_18MAR2024.shp,2,2024-03-18,Date,attribute table,MAX,attribute table,0.49,attribute table:Pixel_Er,,1.17,attribute table:Georef_ER,,3,attribute table:CPS,0.97,1.596840630745598,READY,
Northland,Tinopai,Tinopai_18MAR2024.shp,Z:\Retrolens\Northland\Tinopai\Shorelines\Tinopai_18MAR2024.shp,3,2024-03-18,Date,attribute table,MAX,attribute table,0.49,attribute table:Pixel_Er,,1.17,attribute table:Georef_ER,,5,attribute table:CPS,8.59,8.683150349959396,READY,
Northland,Tinopai,Tinopai_18MAR2024.shp,Z:\Retrolens\Northland\Tinopai\Shorelines\Tinopai_18MAR2024.shp,4,2024-03-18,Date,attribute table,MAX,attribute table,0.49,attribute table:Pixel_Er,,1.17,attribute table:Georef_ER,,3,attribute table:CPS,0.97,1.596840630745598,READY,
Northland,Tinopai,Tinopai_18MAR2024.shp,Z:\Retrolens\Northland\Tinopai\Shorelines\Tinopai_18MAR2024.shp,5,2024-03-18,Date,attribute table,MAX,attribute table,0.49,attribute table:Pixel_Er,,1.17,attribute table:Georef_ER,,3,attribute table:CPS,0.97,1.596840630745598,READY,
Northland,Tinopai,Tinopai_18MAR2024.shp,Z:\Retrolens\Northland\Tinopai\Shorelines\Tinopai_18MAR2024.shp,6,2024-03-18,Date,attribute table,MAX,attribute table,0.49,attribute table:Pixel_Er,,1.17,attribute table:Georef_ER,,3,attribute table:CPS,0.97,1.596840630745598,READY,
Northland,Tinopai,Tinopai_18MAR2024.shp,Z:\Retrolens\Northland\Tinopai\Shorelines\Tinopai_18MAR2024.shp,7,2024-03-18,Date,attribute table,MAX,attribute table,0.49,attribute table:Pixel_Er,,1.17,attribute table:Georef_ER,,3,attribute table:CPS,0.97,1.596840630745598,READY,
Northland,Tinopai,Tinopai_18MAR2024.shp,Z:\Retrolens\Northland\Tinopai\Shorelines\Tinopai_18MAR2024.shp,8,2024-03-18,Date,attribute table,MAX,attribute table,0.49,attribute table:Pixel_Er,,1.17,attribute table:Georef_ER,,3,attribute table:CPS,0.97,1.596840630745598,READY,
Northland,Tinopai,Tinopai_18MAR2024.shp,Z:\Retrolens\Northland\Tinopai\Shorelines\Tinopai_18MAR2024.shp,9,2024-03-18,Date,attribute table,MAX,attribute table,0.49,attribute table:Pixel_Er,,1.17,attribute table:Georef_ER,,3,attribute table:CPS,0.97,1.596840630745598,READY,
Northland,Tinopai,Tinopai_18MAR2024.shp,Z:\Retrolens\Northland\Tinopai\Shorelines\Tinopai_18MAR2024.shp,10,2024-03-18,Date,attribute table,MAX,attribute table,0.49,attribute table:Pixel_Er,,1.17,attribute table:Georef_ER,,3,attribute table:CPS,0.97,1.596840630745598,READY,
Northland,Tinopai,Tinopai_18MAR2024.shp,Z:\Retrolens\Northland\Tinopai\Shorelines\Tinopai_18MAR2024.shp,11,2024-03-18,Date,attribute table,MAX,attribute table,0.49,attribute table:Pixel_Er,,1.17,attribute table:Georef_ER,,2,attribute table:CPS,0.73,1.4635231463834113,READY,
Northland,Tinopai,Tinopai_18MAR2024.shp,Z:\Retrolens\Northland\Tinopai\Shorelines\Tinopai_18MAR2024.shp,12,2024-03-18,Date,attribute table,MAX,attribute table,0.49,attribute table:Pixel_Er,,1.17,attribute table:Georef_ER,,3,attribute table:CPS,0.97,1.596840630745598,READY,
Northland,Tinopai,Tinopai_18MAR2024.shp,Z:\Retrolens\Northland\Tinopai\Shorelines\Tinopai_18MAR2024.shp,13,2024-03-18,Date,attribute table,MAX,attribute table,0.49,attribute table:Pixel_Er,,1.17,attribute table:Georef_ER,,2,attribute table:CPS,0.73,1.4635231463834113,READY,
Northland,Tinopai,Tinopai_17JUN1966.shp,Z:\Retrolens\Northland\Tinopai\Shorelines\Tinopai_17JUN1966.shp,0,1966-06-17,Date,attribute table,RL,attribute table,1.864,attribute table:Pixel_Er,,2.9,attribute table:Georef_ER,,3,attribute table:CPS,0.97,3.5812562041831075,READY,
Northland,Tinopai,Tinopai_17JUN1966.shp,Z:\Retrolens\Northland\Tinopai\Shorelines\Tinopai_17JUN1966.shp,1,1966-06-17,Date,attribute table,RL,attribute table,1.864,attribute table:Pixel_Er,,2.9,attribute table:Georef_ER,,3,attribute table:CPS,0.97,3.5812562041831075,READY,
Northland,Tinopai,Tinopai_17JUN1966.shp,Z:\Retrolens\Northland\Tinopai\Shorelines\Tinopai_17JUN1966.shp,2,1966-06-17,Date,attribute table,RL,attribute table,1.864,attribute table:Pixel_Er,,2.9,attribute table:Georef_ER,,3,attribute table:CPS,0.97,3.5812562041831075,READY,
Northland,Tinopai,Tinopai_17JUN1966.shp,Z:\Retrolens\Northland\Tinopai\Shorelines\Tinopai_17JUN1966.shp,3,1966-06-17,Date,attribute table,RL,attribute table,1.864,attribute table:Pixel_Er,,2.9,attribute table:Georef_ER,,3,attribute table:CPS,0.97,3.5812562041831075,READY,
Northland,Tinopai,Tinopai_17JUN1966.shp,Z:\Retrolens\Northland\Tinopai\Shorelines\Tinopai_17JUN1966.shp,4,1966-06-17,Date,attribute table,RL,attribute table,1.864,attribute table:Pixel_Er,,2.9,attribute table:Georef_ER,,3,attribute table:CPS,0.97,3.5812562041831075,READY,
Northland,Tinopai,Tinopai_17JUN1966.shp,Z:\Retrolens\Northland\Tinopai\Shorelines\Tinopai_17JUN1966.shp,5,1966-06-17,Date,attribute table,RL,attribute table,1.864,attribute table:Pixel_Er,,2.9,attribute table:Georef_ER,,3,attribute table:CPS,0.97,3.5812562041831075,READY,
Northland,Tinopai,Tinopai_17JUN1966.shp,Z:\Retrolens\Northland\Tinopai\Shorelines\Tinopai_17JUN1966.shp,6,1966-06-17,Date,attribute table,RL,attribute table,1.864,attribute table:Pixel_Er,,2.9,attribute table:Georef_ER,,3,attribute table:CPS,0.97,3.5812562041831075,READY,
Northland,Tinopai,Tinopai_17JUN1966.shp,Z:\Retrolens\Northland\Tinopai\Shorelines\Tinopai_17JUN1966.shp,7,1966-06-17,Date,attribute table,RL,attribute table,1.864,attribute table:Pixel_Er,,2.9,attribute table:Georef_ER,,3,attribute table:CPS,0.97,3.5812562041831075,READY,
Northland,Tinopai,Tinopai_17JUN1966.shp,Z:\Retrolens\Northland\Tinopai\Shorelines\Tinopai_17JUN1966.shp,8,1966-06-17,Date,attribute table,RL,attribute table,1.864,attribute table:Pixel_Er,,2.9,attribute table:Georef_ER,,3,attribute table:CPS,0.97,3.5812562041831075,READY,
Northland,Tinopai,Tinopai_17JUN1966.shp,Z:\Retrolens\Northland\Tinopai\Shorelines\Tinopai_17JUN1966.shp,9,1966-06-17,Date,attribute table,RL,attribute table,1.864,attribute table:Pixel_Er,,2.9,attribute table:Georef_ER,,3,attribute table:CPS,0.97,3.5812562041831075,READY,
Northland,Tinopai,Tinopai_17JUN1966.shp,Z:\Retrolens\Northland\Tinopai\Shorelines\Tinopai_17JUN1966.shp,10,1966-06-17,Date,attribute table,RL,attribute table,1.864,attribute table:Pixel_Er,,2.9,attribute table:Georef_ER,,3,attribute table:CPS,0.97,3.5812562041831075,READY,
Northland,Tinopai,Tinopai_17JUN1966.shp,Z:\Retrolens\Northland\Tinopai\Shorelines\Tinopai_17JUN1966.shp,11,1966-06-17,Date,attribute table,RL,attribute table,1.864,attribute table:Pixel_Er,,2.9,attribute table:Georef_ER,,3,attribute table:CPS,0.97,3.5812562041831075,READY,
Northland,Tinopai,Tinopai_24OCT1953.shp,Z:\Retrolens\Northland\Tinopai\Shorelines\Tinopai_24OCT1953.shp,0,1953-10-24,Date,attribute table,RL,attribute table,0.58,attribute table:Pixel_Er,,2.09,attribute table:Georef_ER,,3,attribute table:CPS,0.97,2.376005050499683,READY,
Northland,Tinopai,Tinopai_24OCT1953.shp,Z:\Retrolens\Northland\Tinopai\Shorelines\Tinopai_24OCT1953.shp,1,1953-10-24,Date,attribute table,RL,attribute table,0.58,attribute table:Pixel_Er,,2.09,attribute table:Georef_ER,,3,attribute table:CPS,0.97,2.376005050499683,READY,
Northland,Tinopai,Tinopai_24OCT1953.shp,Z:\Retrolens\Northland\Tinopai\Shorelines\Tinopai_24OCT1953.shp,2,1953-10-24,Date,attribute table,RL,attribute table,0.58,attribute table:Pixel_Er,,2.09,attribute table:Georef_ER,,3,attribute table:CPS,0.97,2.376005050499683,READY,
Northland,Tinopai,Tinopai_24OCT1953.shp,Z:\Retrolens\Northland\Tinopai\Shorelines\Tinopai_24OCT1953.shp,3,1953-10-24,Date,attribute table,RL,attribute table,0.58,attribute table:Pixel_Er,,2.09,attribute table:Georef_ER,,3,attribute table:CPS,0.97,2.376005050499683,READY,
Northland,Tinopai,Tinopai_24OCT1953.shp,Z:\Retrolens\Northland\Tinopai\Shorelines\Tinopai_24OCT1953.shp,4,1953-10-24,Date,attribute table,RL,attribute table,0.58,attribute table:Pixel_Er,,2.09,attribute table:Georef_ER,,3,attribute table:CPS,0.97,2.376005050499683,READY,
Northland,Tinopai,Tinopai_24OCT1953.shp,Z:\Retrolens\Northland\Tinopai\Shorelines\Tinopai_24OCT1953.shp,5,1953-10-24,Date,attribute table,RL,attribute table,0.58,attribute table:Pixel_Er,,2.09,attribute table:Georef_ER,,3,attribute table:CPS,0.97,2.376005050499683,READY,
Northland,Tinopai,Tinopai_24OCT1953.shp,Z:\Retrolens\Northland\Tinopai\Shorelines\Tinopai_24OCT1953.shp,6,1953-10-24,Date,attribute table,RL,attribute table,0.58,attribute table:Pixel_Er,,2.09,attribute table:Georef_ER,,3,attribute table:CPS,0.97,2.376005050499683,READY,
Northland,Tinopai,Tinopai_24OCT1953.shp,Z:\Retrolens\Northland\Tinopai\Shorelines\Tinopai_24OCT1953.shp,7,1953-10-24,Date,attribute table,RL,attribute table,0.58,attribute table:Pixel_Er,,2.09,attribute table:Georef_ER,,3,attribute table:CPS,0.97,2.376005050499683,READY,
Northland,Tinopai,Tinopai_24OCT1953.shp,Z:\Retrolens\Northland\Tinopai\Shorelines\Tinopai_24OCT1953.shp,8,1953-10-24,Date,attribute table,RL,attribute table,0.58,attribute table:Pixel_Er,,2.09,attribute table:Georef_ER,,3,attribute table:CPS,0.97,2.376005050499683,READY,
Northland,Tinopai,Tinopai_24OCT1953.shp,Z:\Retrolens\Northland\Tinopai\Shorelines\Tinopai_24OCT1953.shp,9,1953-10-24,Date,attribute table,RL,attribute table,0.58,attribute table:Pixel_Er,,2.09,attribute table:Georef_ER,,3,attribute table:CPS,0.97,2.376005050499683,READY,
Northland,Tinopai,Tinopai_24OCT1953.shp,Z:\Retrolens\Northland\Tinopai\Shorelines\Tinopai_24OCT1953.shp,10,1953-10-24,Date,attribute table,RL,attribute table,0.58,attribute table:Pixel_Er,,2.09,attribute table:Georef_ER,,3,attribute table:CPS,0.97,2.376005050499683,READY,
Northland,Tinopai,Tinopai_24OCT1953.shp,Z:\Retrolens\Northland\Tinopai\Shorelines\Tinopai_24OCT1953.shp,11,1953-10-24,Date,attribute table,RL,attribute table,0.58,attribute table:Pixel_Er,,2.09,attribute table:Georef_ER,,3,attribute table:CPS,0.97,2.376005050499683,READY,
Northland,Tinopai,Tinopai_24OCT1953.shp,Z:\Retrolens\Northland\Tinopai\Shorelines\Tinopai_24OCT1953.shp,12,1953-10-24,Date,attribute table,RL,attribute table,0.58,attribute table:Pixel_Er,,2.09,attribute table:Georef_ER,,3,attribute table:CPS,0.97,2.376005050499683,READY,
Northland,Tinopai,Tinopai_24OCT1953.shp,Z:\Retrolens\Northland\Tinopai\Shorelines\Tinopai_24OCT1953.shp,13,1953-10-24,Date,attribute table,RL,attribute table,0.58,attribute table:Pixel_Er,,2.09,attribute table:Georef_ER,,4,attribute table:CPS,2.07,2.998232812841591,READY,
Northland,Tinopai,Tinopai_24OCT1953.shp,Z:\Retrolens\Northland\Tinopai\Shorelines\Tinopai_24OCT1953.shp,14,1953-10-24,Date,attribute table,RL,attribute table,0.58,attribute table:Pixel_Er,,2.09,attribute table:Georef_ER,,3,attribute table:CPS,0.97,2.376005050499683,READY,
Northland,Tinopai,Tinopai_16DEC1976.shp,Z:\Retrolens\Northland\Tinopai\Shorelines\Tinopai_16DEC1976.shp,0,1976-12-16,Date,attribute table,RL,attribute table,1.32,attribute table:Pixel_Er,,2.9,attribute table:Georef_ER,,3,attribute table:CPS,0.97,3.330660595137247,READY,
Northland,Tinopai,Tinopai_16DEC1976.shp,Z:\Retrolens\Northland\Tinopai\Shorelines\Tinopai_16DEC1976.shp,1,1976-12-16,Date,attribute table,RL,attribute table,1.32,attribute table:Pixel_Er,,2.9,attribute table:Georef_ER,,3,attribute table:CPS,0.97,3.330660595137247,READY,
Northland,Tinopai,Tinopai_16DEC1976.shp,Z:\Retrolens\Northland\Tinopai\Shorelines\Tinopai_16DEC1976.shp,2,1976-12-16,Date,attribute table,RL,attribute table,1.32,attribute table:Pixel_Er,,2.9,attribute table:Georef_ER,,3,attribute table:CPS,0.97,3.330660595137247,READY,
Northland,Tinopai,Tinopai_16DEC1976.shp,Z:\Retrolens\Northland\Tinopai\Shorelines\Tinopai_16DEC1976.shp,3,1976-12-16,Date,attribute table,RL,attribute table,1.32,attribute table:Pixel_Er,,2.9,attribute table:Georef_ER,,3,attribute table:CPS,0.97,3.330660595137247,READY,
Northland,Tinopai,Tinopai_16DEC1976.shp,Z:\Retrolens\Northland\Tinopai\Shorelines\Tinopai_16DEC1976.shp,4,1976-12-16,Date,attribute table,RL,attribute table,1.32,attribute table:Pixel_Er,,2.9,attribute table:Georef_ER,,3,attribute table:CPS,0.97,3.330660595137247,READY,
Northland,Tinopai,Tinopai_16DEC1976.shp,Z:\Retrolens\Northland\Tinopai\Shorelines\Tinopai_16DEC1976.shp,5,1976-12-16,Date,attribute table,RL,attribute table,1.32,attribute table:Pixel_Er,,2.9,attribute table:Georef_ER,,3,attribute table:CPS,0.97,3.330660595137247,READY,
Northland,Tinopai,Tinopai_16DEC1976.shp,Z:\Retrolens\Northland\Tinopai\Shorelines\Tinopai_16DEC1976.shp,6,1976-12-16,Date,attribute table,RL,attribute table,1.32,attribute table:Pixel_Er,,2.9,attribute table:Georef_ER,,3,attribute table:CPS,0.97,3.330660595137247,READY,
Northland,Tinopai,Tinopai_16DEC1976.shp,Z:\Retrolens\Northland\Tinopai\Shorelines\Tinopai_16DEC1976.shp,7,1976-12-16,Date,attribute table,RL,attribute table,1.32,attribute table:Pixel_Er,,2.9,attribute table:Georef_ER,,3,attribute table:CPS,0.97,3.330660595137247,READY,
Northland,Tinopai,Tinopai_16DEC1976.shp,Z:\Retrolens\Northland\Tinopai\Shorelines\Tinopai_16DEC1976.shp,8,1976-12-16,Date,attribute table,RL,attribute table,1.32,attribute table:Pixel_Er,,2.9,attribute table:Georef_ER,,3,attribute table:CPS,0.97,3.330660595137247,READY,
Northland,Tinopai,Tinopai_16DEC1976.shp,Z:\Retrolens\Northland\Tinopai\Shorelines\Tinopai_16DEC1976.shp,9,1976-12-16,Date,attribute table,RL,attribute table,1.32,attribute table:Pixel_Er,,2.9,attribute table:Georef_ER,,3,attribute table:CPS,0.97,3.330660595137247,READY,
Northland,Tinopai,Tinopai_16DEC1976.shp,Z:\Retrolens\Northland\Tinopai\Shorelines\Tinopai_16DEC1976.shp,10,1976-12-16,Date,attribute table,RL,attribute table,1.32,attribute table:Pixel_Er,,2.9,attribute table:Georef_ER,,3,attribute table:CPS,0.97,3.330660595137247,READY,
Northland,Tinopai,Tinopai_16DEC1976.shp,Z:\Retrolens\Northland\Tinopai\Shorelines\Tinopai_16DEC1976.shp,11,1976-12-16,Date,attribute table,RL,attribute table,1.32,attribute table:Pixel_Er,,2.9,attribute table:Georef_ER,,3,attribute table:CPS,0.97,3.330660595137247,READY,
Northland,Tinopai,Tinopai_16DEC1976.shp,Z:\Retrolens\Northland\Tinopai\Shorelines\Tinopai_16DEC1976.shp,12,1976-12-16,Date,attribute table,RL,attribute table,1.32,attribute table:Pixel_Er,,2.9,attribute table:Georef_ER,,3,attribute table:CPS,0.97,3.330660595137247,READY,
Northland,Tinopai,Tinopai_16DEC1976.shp,Z:\Retrolens\Northland\Tinopai\Shorelines\Tinopai_16DEC1976.shp,13,1976-12-16,Date,attribute table,RL,attribute table,1.32,attribute table:Pixel_Er,,2.9,attribute table:Georef_ER,,3,attribute table:CPS,0.97,3.330660595137247,READY,
Northland,Tinopai,Tinopai_03DEC1995.shp,Z:\Retrolens\Northland\Tinopai\Shorelines\Tinopai_03DEC1995.shp,0,1995-12-03,Date,attribute table,RL,attribute table,1.52,attribute table:Pixel_Er,,2.9,attribute table:Georef_ER,,3,attribute table:CPS,0.97,3.414864565396408,READY,
Northland,Tinopai,Tinopai_03DEC1995.shp,Z:\Retrolens\Northland\Tinopai\Shorelines\Tinopai_03DEC1995.shp,1,1995-12-03,Date,attribute table,RL,attribute table,1.52,attribute table:Pixel_Er,,2.9,attribute table:Georef_ER,,3,attribute table:CPS,0.97,3.414864565396408,READY,
Northland,Tinopai,Tinopai_03DEC1995.shp,Z:\Retrolens\Northland\Tinopai\Shorelines\Tinopai_03DEC1995.shp,2,1995-12-03,Date,attribute table,RL,attribute table,1.52,attribute table:Pixel_Er,,2.9,attribute table:Georef_ER,,3,attribute table:CPS,0.97,3.414864565396408,READY,
Northland,Tinopai,Tinopai_03DEC1995.shp,Z:\Retrolens\Northland\Tinopai\Shorelines\Tinopai_03DEC1995.shp,3,1995-12-03,Date,attribute table,RL,attribute table,1.52,attribute table:Pixel_Er,,2.9,attribute table:Georef_ER,,3,attribute table:CPS,0.97,3.414864565396408,READY,
Northland,Tinopai,Tinopai_03DEC1995.shp,Z:\Retrolens\Northland\Tinopai\Shorelines\Tinopai_03DEC1995.shp,4,1995-12-03,Date,attribute table,RL,attribute table,1.52,attribute table:Pixel_Er,,2.9,attribute table:Georef_ER,,3,attribute table:CPS,0.97,3.414864565396408,READY,
Northland,Tinopai,Tinopai_03DEC1995.shp,Z:\Retrolens\Northland\Tinopai\Shorelines\Tinopai_03DEC1995.shp,5,1995-12-03,Date,attribute table,RL,attribute table,1.52,attribute table:Pixel_Er,,2.9,attribute table:Georef_ER,,3,attribute table:CPS,0.97,3.414864565396408,READY,
Northland,Tinopai,Tinopai_03DEC1995.shp,Z:\Retrolens\Northland\Tinopai\Shorelines\Tinopai_03DEC1995.shp,6,1995-12-03,Date,attribute table,RL,attribute table,1.52,attribute table:Pixel_Er,,2.9,attribute table:Georef_ER,,3,attribute table:CPS,0.97,3.414864565396408,READY,
Northland,Tinopai,Tinopai_03DEC1995.shp,Z:\Retrolens\Northland\Tinopai\Shorelines\Tinopai_03DEC1995.shp,7,1995-12-03,Date,attribute table,RL,attribute table,1.52,attribute table:Pixel_Er,,2.9,attribute table:Georef_ER,,3,attribute table:CPS,0.97,3.414864565396408,READY,
Northland,Tinopai,Tinopai_03DEC1995.shp,Z:\Retrolens\Northland\Tinopai\Shorelines\Tinopai_03DEC1995.shp,8,1995-12-03,Date,attribute table,RL,attribute table,1.52,attribute table:Pixel_Er,,2.9,attribute table:Georef_ER,,3,attribute table:CPS,0.97,3.414864565396408,READY,
Northland,Tinopai,Tinopai_03DEC1995.shp,Z:\Retrolens\Northland\Tinopai\Shorelines\Tinopai_03DEC1995.shp,9,1995-12-03,Date,attribute table,RL,attribute table,1.52,attribute table:Pixel_Er,,2.9,attribute table:Georef_ER,,3,attribute table:CPS,0.97,3.414864565396408,READY,
Northland,Tinopai,Tinopai_03DEC1995.shp,Z:\Retrolens\Northland\Tinopai\Shorelines\Tinopai_03DEC1995.shp,10,1995-12-03,Date,attribute table,RL,attribute table,1.52,attribute table:Pixel_Er,,2.9,attribute table:Georef_ER,,3,attribute table:CPS,0.97,3.414864565396408,READY,
Northland,Tinopai,Tinopai_03DEC1995.shp,Z:\Retrolens\Northland\Tinopai\Shorelines\Tinopai_03DEC1995.shp,11,1995-12-03,Date,attribute table,RL,attribute table,1.52,attribute table:Pixel_Er,,2.9,attribute table:Georef_ER,,3,attribute table:CPS,0.97,3.414864565396408,READY,
Northland,Tinopai,Tinopai_03DEC1995.shp,Z:\Retrolens\Northland\Tinopai\Shorelines\Tinopai_03DEC1995.shp,12,1995-12-03,Date,attribute table,RL,attribute table,1.52,attribute table:Pixel_Er,,2.9,attribute table:Georef_ER,,3,attribute table:CPS,0.97,3.414864565396408,READY,
Northland,Tinopai,Tinopai_03DEC1995.shp,Z:\Retrolens\Northland\Tinopai\Shorelines\Tinopai_03DEC1995.shp,13,1995-12-03,Date,attribute table,RL,attribute table,1.52,attribute table:Pixel_Er,,2.9,attribute table:Georef_ER,,3,attribute table:CPS,0.97,3.414864565396408,READY,
Northland,Tinopai,Tinopai_03DEC1995.shp,Z:\Retrolens\Northland\Tinopai\Shorelines\Tinopai_03DEC1995.shp,14,1995-12-03,Date,attribute table,RL,attribute table,1.52,attribute table:Pixel_Er,,2.9,attribute table:Georef_ER,,3,attribute table:CPS,0.97,3.414864565396408,READY,
Northland,Tinopai,Tinopai_03DEC1995.shp,Z:\Retrolens\Northland\Tinopai\Shorelines\Tinopai_03DEC1995.shp,15,1995-12-03,Date,attribute table,RL,attribute table,1.52,attribute table:Pixel_Er,,2.9,attribute table:Georef_ER,,2,attribute table:CPS,0.73,3.3545938651347944,READY,
