UniqueID,Region,AOI,Start_date,End_date,Duration,ShrCount,UncyCount,NSM,SCE,EPR,EPRunc,LRR,LRI,LCI,LSE,LR2,WLR,WLI,WCI,WSE,WR2,Dates,Distances
100227997741,Auckland,Hobsonville,1940-04-22,2024-01-01,84,4,4,-8.68,13.15,-0.1,0.03,-0.14,145.22,0.1,2.46,0.9,-0.12,143.25,0.24,4.09,0.5,"['1940-04-22', '1950-10-14', '2017-01-01', '2024-01-01']","[143.75, 145.63, 132.47, 135.07]"
100227998951,Auckland,Hobsonville,1940-04-22,2024-01-01,84,4,4,-9.52,11.79,-0.11,0.03,-0.14,143.56,0.07,1.68,0.95,-0.12,142.09,0.18,3.02,0.66,"['1940-04-22', '1950-10-14', '2017-01-01', '2024-01-01']","[142.68, 143.26, 131.47, 133.15]"
100227999629,Auckland,Hobsonville,1940-04-22,2024-01-01,84,4,4,-9.36,10.93,-0.11,0.03,-0.13,141.34,0.05,1.41,0.96,-0.12,140.04,0.16,2.65,0.7,"['1940-04-22', '1950-10-14', '2017-01-01', '2024-01-01']","[140.68, 140.83, 129.91, 131.32]"
100228000306,Auckland,Hobsonville,1940-04-22,2024-01-01,84,4,4,-7.23,8.25,-0.09,0.03,-0.1,137.82,0.04,0.96,0.97,-0.09,136.86,0.11,1.93,0.72,"['1940-04-22', '1950-10-14', '2017-01-01', '2024-01-01']","[137.46, 137.26, 129.21, 130.23]"
100228000764,Auckland,Hobsonville,1940-04-22,2024-01-01,84,4,4,-6.62,10.27,-0.08,0.03,-0.11,138.33,0.08,2.02,0.89,-0.1,137.18,0.15,2.51,0.64,"['1940-04-22', '1950-10-14', '2017-01-01', '2024-01-01']","[136.79, 139.08, 128.81, 130.17]"
100228001307,Auckland,Hobsonville,1940-04-22,2024-01-01,84,4,4,-5.59,6.31,-0.07,0.03,-0.07,135.19,0.03,0.78,0.96,-0.06,134.5,0.08,1.36,0.7,"['1940-04-22', '1950-10-14', '2017-01-01', '2024-01-01']","[135.68, 133.97, 129.37, 130.09]"
100228001836,Auckland,Hobsonville,1940-04-22,2024-01-01,84,4,4,-5.35,6.48,-0.06,0.03,-0.06,135.02,0.05,1.18,0.89,-0.05,134.12,0.11,1.8,0.5,"['1940-04-22', '1950-10-14', '2017-01-01', '2024-01-01']","[135.88, 133.45, 129.4, 130.53]"
100228002363,Auckland,Hobsonville,1940-04-22,2024-01-01,84,4,4,-8.17,9.29,-0.1,0.03,-0.07,137.1,0.12,3.22,0.61,-0.06,136.1,0.14,2.31,0.45,"['1940-04-22', '1950-10-14', '2017-01-01', '2024-01-01']","[140.02, 133.03, 130.73, 131.85]"
100228003092,Auckland,Hobsonville,1940-04-22,2024-01-01,84,4,4,-8.64,9.99,-0.1,0.03,-0.08,138.97,0.14,3.57,0.58,-0.06,137.82,0.16,2.63,0.4,"['1940-04-22', '1950-10-14', '2017-01-01', '2024-01-01']","[142.2, 134.53, 132.21, 133.56]"
100228003821,Auckland,Hobsonville,1940-04-22,2024-01-01,84,4,4,-5.95,5.97,-0.07,0.03,-0.05,139.07,0.07,1.92,0.69,-0.05,138.81,0.06,0.98,0.75,"['1940-04-22', '1950-10-14', '2017-01-01', '2024-01-01']","[140.85, 136.49, 134.88, 134.9]"
100228004355,Auckland,Hobsonville,1950-10-14,2024-01-01,73,3,3,0.17,0.62,0.0,0.03,0.01,136.99,0.04,0.34,0.42,-0.0,137.5,0.14,0.75,0.01,"['1950-10-14', '2017-01-01', '2024-01-01']","[136.97, 137.59, 137.14]"
100228005103,Auckland,Hobsonville,1950-10-14,2024-01-01,73,3,3,-1.92,1.92,-0.03,0.03,-0.02,141.01,0.06,0.55,0.84,-0.03,141.81,0.22,1.18,0.48,"['1950-10-14', '2017-01-01', '2024-01-01']","[140.97, 139.97, 139.05]"
100228052321,Auckland,Hobsonville,1940-04-22,2017-01-01,77,10,10,-37.36,57.38,-0.49,0.03,-0.06,96.31,0.42,17.6,0.01,-0.02,96.62,0.28,8.23,0.0,"['1940-04-22', '1950-10-14', '1963-04-27', '1972-04-14', '1981-01-04', '1988-02-01', '1999-01-01', '2003-01-01', '2012-01-01', '2017-01-01']","[131.27, 81.28, 73.89, 75.77, 102.09, 84.8, 96.82, 98.88, 99.43, 93.91]"
100228052722,Auckland,Hobsonville,1940-04-22,2012-01-01,72,5,5,-30.8,42.2,-0.43,0.03,-0.4,126.83,0.52,13.4,0.52,-0.3,126.68,0.34,5.92,0.59,"['1940-04-22', '1950-10-14', '1972-04-14', '1999-01-01', '2012-01-01']","[137.28, 122.69, 95.08, 104.18, 106.48]"
100228052723,Auckland,Hobsonville,1940-04-22,2012-01-01,72,6,6,-31.34,47.6,-0.44,0.03,-0.34,118.96,0.6,17.45,0.27,-0.2,117.54,0.39,8.19,0.22,"['1940-04-22', '1950-10-14', '1963-04-27', '1972-04-14', '1999-01-01', '2012-01-01']","[136.18, 122.55, 88.58, 92.55, 102.91, 104.85]"
100228053247,Auckland,Hobsonville,1940-04-22,2012-01-01,72,6,6,-27.17,34.4,-0.38,0.03,-0.38,127.51,0.32,9.22,0.61,-0.29,126.89,0.21,4.11,0.69,"['1940-04-22', '1950-10-14', '1972-04-14', '1981-01-04', '1999-01-01', '2012-01-01']","[134.14, 126.1, 99.74, 111.69, 105.76, 106.97]"
100228182018,Auckland,Hobsonville,1940-04-22,2012-01-01,72,9,9,-39.92,46.08,-0.56,0.03,-0.41,124.34,0.33,11.98,0.45,-0.31,122.81,0.23,5.57,0.48,"['1940-04-22', '1950-10-14', '1963-04-27', '1972-04-14', '1981-01-04', '1988-02-01', '1999-01-01', '2003-01-01', '2012-01-01']","[141.66, 124.45, 95.58, 96.79, 107.2, 101.28, 101.89, 105.17, 101.75]"
100228182019,Auckland,Hobsonville,1940-04-22,2012-01-01,72,7,7,-37.89,38.14,-0.53,0.03,-0.43,130.52,0.25,8.38,0.7,-0.38,130.08,0.18,3.74,0.78,"['1940-04-22', '1950-10-14', '1972-04-14', '1981-01-04', '1999-01-01', '2003-01-01', '2012-01-01']","[141.66, 122.29, 103.51, 109.79, 105.77, 106.84, 103.76]"
100228182020,Auckland,Hobsonville,1940-04-22,2012-01-01,72,7,7,-30.6,34.61,-0.43,0.03,-0.35,126.94,0.24,7.94,0.63,-0.29,126.46,0.17,3.54,0.71,"['1940-04-22', '1950-10-14', '1972-04-14', '1981-01-04', '1999-01-01', '2003-01-01', '2012-01-01']","[136.97, 119.7, 102.36, 113.05, 106.93, 106.43, 106.37]"
100228182583,Auckland,Hobsonville,1940-04-22,2012-01-01,72,9,9,-42.87,47.48,-0.6,0.03,-0.46,123.39,0.34,12.26,0.49,-0.36,121.76,0.24,5.71,0.54,"['1940-04-22', '1950-10-14', '1963-04-27', '1972-04-14', '1981-01-04', '1988-02-01', '1999-01-01', '2003-01-01', '2012-01-01']","[140.45, 124.21, 92.97, 93.37, 104.03, 97.75, 98.85, 100.04, 97.58]"
100228314814,Auckland,Hobsonville,1940-04-22,2003-01-01,63,8,8,-48.12,48.48,-0.77,0.05,-0.74,129.07,0.23,7.14,0.86,-0.74,129.3,0.25,3.21,0.85,"['1940-04-22', '1950-10-14', '1963-04-27', '1972-04-14', '1981-01-04', '1988-02-01', '1999-01-01', '2003-01-01']","[134.55, 124.63, 98.61, 102.65, 106.36, 90.87, 86.08, 86.43]"
100228314815,Auckland,Hobsonville,1940-04-22,2003-01-01,63,8,8,-48.45,48.45,-0.77,0.05,-0.76,130.45,0.24,7.27,0.86,-0.77,130.86,0.25,3.25,0.86,"['1940-04-22', '1950-10-14', '1963-04-27', '1972-04-14', '1981-01-04', '1988-02-01', '1999-01-01', '2003-01-01']","[135.05, 128.47, 99.61, 101.89, 104.83, 90.21, 88.19, 86.61]"
100228314816,Auckland,Hobsonville,1940-04-22,2012-01-01,72,9,9,-49.74,49.74,-0.69,0.03,-0.69,127.6,0.18,6.62,0.88,-0.63,126.63,0.13,3.11,0.92,"['1940-04-22', '1950-10-14', '1963-04-27', '1972-04-14', '1981-01-04', '1988-02-01', '1999-01-01', '2003-01-01', '2012-01-01']","[131.85, 127.11, 98.32, 103.99, 103.37, 89.46, 87.84, 86.24, 82.1]"
100228314817,Auckland,Hobsonville,1940-04-22,2012-01-01,72,9,9,-51.5,51.5,-0.72,0.03,-0.7,128.0,0.21,7.75,0.85,-0.62,126.58,0.16,3.73,0.89,"['1940-04-22', '1950-10-14', '1963-04-27', '1972-04-14', '1981-01-04', '1988-02-01', '1999-01-01', '2003-01-01', '2012-01-01']","[134.92, 128.07, 97.6, 99.72, 102.06, 88.84, 86.66, 86.95, 83.42]"
100228314818,Auckland,Hobsonville,1940-04-22,2012-01-01,72,9,9,-53.36,53.36,-0.74,0.03,-0.72,129.03,0.27,9.77,0.79,-0.62,127.53,0.19,4.63,0.84,"['1940-04-22', '1950-10-14', '1963-04-27', '1972-04-14', '1981-01-04', '1988-02-01', '1999-01-01', '2003-01-01', '2012-01-01']","[137.64, 132.11, 96.93, 94.13, 100.58, 89.25, 87.07, 88.59, 84.29]"
100228314819,Auckland,Hobsonville,1940-04-22,2012-01-01,72,9,9,-56.35,56.35,-0.79,0.03,-0.73,129.91,0.3,10.95,0.75,-0.62,128.39,0.21,5.13,0.81,"['1940-04-22', '1950-10-14', '1963-04-27', '1972-04-14', '1981-01-04', '1988-02-01', '1999-01-01', '2003-01-01', '2012-01-01']","[141.48, 132.22, 96.34, 92.47, 100.36, 89.43, 89.16, 89.93, 85.13]"
100228314820,Auckland,Hobsonville,1940-04-22,2012-01-01,72,9,9,-50.75,50.75,-0.71,0.03,-0.65,127.3,0.28,10.23,0.73,-0.55,125.99,0.2,4.73,0.8,"['1940-04-22', '1950-10-14', '1963-04-27', '1972-04-14', '1981-01-04', '1988-02-01', '1999-01-01', '2003-01-01', '2012-01-01']","[138.41, 129.15, 98.45, 91.35, 101.08, 90.87, 91.65, 91.86, 87.66]"
100228314821,Auckland,Hobsonville,1940-04-22,2012-01-01,72,9,9,-46.17,46.17,-0.64,0.03,-0.57,124.38,0.29,10.41,0.67,-0.48,123.2,0.2,4.77,0.75,"['1940-04-22', '1950-10-14', '1963-04-27', '1972-04-14', '1981-01-04', '1988-02-01', '1999-01-01', '2003-01-01', '2012-01-01']","[135.93, 126.77, 96.88, 90.42, 101.45, 91.9, 93.33, 93.95, 89.76]"
100228314822,Auckland,Hobsonville,1940-04-22,2012-01-01,72,9,9,-46.41,47.73,-0.65,0.03,-0.55,124.72,0.32,11.61,0.61,-0.45,123.13,0.23,5.42,0.66,"['1940-04-22', '1950-10-14', '1963-04-27', '1972-04-14', '1981-01-04', '1988-02-01', '1999-01-01', '2003-01-01', '2012-01-01']","[139.12, 126.76, 94.07, 91.39, 102.22, 94.31, 94.57, 95.49, 92.71]"
100228314823,Auckland,Hobsonville,1940-04-22,2012-01-01,72,9,9,-45.75,47.04,-0.64,0.03,-0.51,124.59,0.33,11.87,0.56,-0.42,123.13,0.23,5.51,0.63,"['1940-04-22', '1950-10-14', '1963-04-27', '1972-04-14', '1981-01-04', '1988-02-01', '1999-01-01', '2003-01-01', '2012-01-01']","[140.39, 125.62, 93.34, 93.65, 103.65, 96.21, 96.43, 98.87, 94.64]"
100228314883,Auckland,Hobsonville,1940-04-22,2003-01-01,63,8,8,-45.17,46.8,-0.72,0.05,-0.65,125.88,0.27,8.15,0.79,-0.66,125.96,0.28,3.66,0.77,"['1940-04-22', '1950-10-14', '1963-04-27', '1972-04-14', '1981-01-04', '1988-02-01', '1999-01-01', '2003-01-01']","[132.58, 119.68, 96.36, 102.14, 110.3, 92.53, 85.78, 87.41]"
100228315209,Auckland,Hobsonville,1940-04-22,2003-01-01,63,8,8,-46.95,46.95,-0.75,0.05,-0.62,125.42,0.27,8.23,0.77,-0.61,125.26,0.29,3.71,0.74,"['1940-04-22', '1950-10-14', '1963-04-27', '1972-04-14', '1981-01-04', '1988-02-01', '1999-01-01', '2003-01-01']","[132.27, 116.64, 97.58, 104.61, 113.15, 95.39, 89.0, 85.32]"
100228315256,Auckland,Hobsonville,1940-04-22,2003-01-01,63,7,7,29.71,32.62,0.47,0.05,0.39,265.33,0.4,10.47,0.44,0.38,265.49,0.42,4.71,0.41,"['1940-04-22', '1950-10-14', '1963-04-27', '1972-04-14', '1981-01-04', '1988-02-01', '2003-01-01']","[259.47, 268.14, 292.09, 275.83, 268.14, 288.47, 289.18]"
100228315257,Auckland,Hobsonville,1940-04-22,2003-01-01,63,7,7,30.63,32.54,0.49,0.05,0.44,263.89,0.39,10.38,0.51,0.44,264.0,0.41,4.64,0.48,"['1940-04-22', '1950-10-14', '1963-04-27', '1972-04-14', '1981-01-04', '1988-02-01', '2003-01-01']","[259.44, 265.78, 290.88, 276.0, 268.7, 291.99, 290.07]"
100228315258,Auckland,Hobsonville,1940-04-22,2003-01-01,63,7,7,34.16,37.39,0.54,0.05,0.52,262.29,0.39,10.22,0.6,0.52,262.34,0.4,4.54,0.58,"['1940-04-22', '1950-10-14', '1963-04-27', '1972-04-14', '1981-01-04', '1988-02-01', '2003-01-01']","[258.25, 264.33, 290.53, 276.95, 271.32, 295.64, 292.41]"
100228516283,Auckland,Hobsonville,1940-04-22,2012-01-01,72,7,7,-42.5,44.26,-0.59,0.03,-0.64,147.08,0.15,4.78,0.94,-0.66,147.28,0.1,2.02,0.97,"['1940-04-22', '1950-10-14', '1981-01-04', '1988-02-01', '1999-01-01', '2003-01-01', '2012-01-01']","[142.4, 144.16, 119.75, 124.51, 107.73, 104.25, 99.9]"
100228516686,Auckland,Hobsonville,1940-04-22,2012-01-01,72,9,9,-37.26,44.62,-0.52,0.03,-0.61,148.69,0.24,8.54,0.77,-0.63,148.47,0.15,3.51,0.9,"['1940-04-22', '1950-10-14', '1963-04-27', '1972-04-14', '1981-01-04', '1988-02-01', '1999-01-01', '2003-01-01', '2012-01-01']","[140.2, 142.24, 130.71, 147.56, 128.1, 123.04, 107.63, 105.54, 102.94]"
100228516892,Auckland,Hobsonville,1950-10-14,2012-01-01,61,5,5,-24.57,24.57,-0.4,0.04,-0.44,137.75,0.22,4.35,0.88,-0.43,137.43,0.14,1.75,0.95,"['1950-10-14', '1981-01-04', '1988-02-01', '1999-01-01', '2012-01-01']","[135.86, 127.11, 125.9, 111.51, 111.3]"
100228516893,Auckland,Hobsonville,1950-10-14,2012-01-01,61,5,5,-30.79,30.79,-0.5,0.04,-0.54,141.51,0.18,3.5,0.94,-0.52,141.16,0.11,1.45,0.97,"['1950-10-14', '1981-01-04', '1988-02-01', '1999-01-01', '2012-01-01']","[140.11, 128.51, 123.12, 111.01, 109.32]"
100228516894,Auckland,Hobsonville,1950-10-14,2012-01-01,61,5,5,-35.11,35.11,-0.57,0.04,-0.6,144.9,0.22,4.27,0.93,-0.6,144.69,0.13,1.71,0.97,"['1950-10-14', '1981-01-04', '1988-02-01', '1999-01-01', '2012-01-01']","[143.02, 128.54, 127.59, 111.27, 107.91]"
100228516895,Auckland,Hobsonville,1950-10-14,2012-01-01,61,5,5,-32.06,32.06,-0.52,0.04,-0.55,145.43,0.26,5.11,0.89,-0.56,145.26,0.16,2.05,0.96,"['1950-10-14', '1981-01-04', '1988-02-01', '1999-01-01', '2012-01-01']","[143.2, 130.34, 131.53, 113.74, 111.14]"
100228516896,Auckland,Hobsonville,1950-10-14,2012-01-01,61,5,5,-30.42,30.42,-0.5,0.04,-0.5,145.94,0.25,4.88,0.88,-0.52,145.96,0.15,1.98,0.95,"['1950-10-14', '1981-01-04', '1988-02-01', '1999-01-01', '2012-01-01']","[144.1, 130.18, 134.48, 118.18, 113.67]"
100228516897,Auckland,Hobsonville,1950-10-14,2012-01-01,61,3,3,-24.65,24.65,-0.4,0.04,-0.42,144.64,0.4,2.86,0.98,-0.4,144.59,0.32,1.4,0.98,"['1950-10-14', '1999-01-01', '2012-01-01']","[145.11, 122.01, 120.46]"
100228516898,Auckland,Hobsonville,1950-10-14,2012-01-01,61,4,4,-20.03,20.59,-0.33,0.04,-0.34,144.37,0.18,2.98,0.94,-0.32,144.27,0.14,1.31,0.96,"['1950-10-14', '1999-01-01', '2003-01-01', '2012-01-01']","[144.89, 124.31, 128.16, 124.87]"
100228516899,Auckland,Hobsonville,1950-10-14,2012-01-01,61,4,4,-30.33,30.33,-0.5,0.04,-0.5,143.28,0.23,3.8,0.95,-0.49,143.23,0.17,1.56,0.97,"['1950-10-14', '1999-01-01', '2003-01-01', '2012-01-01']","[143.8, 114.52, 119.73, 113.48]"
100228516900,Auckland,Hobsonville,1950-10-14,2012-01-01,61,7,7,-34.54,34.73,-0.56,0.04,-0.69,148.55,0.17,4.76,0.93,-0.64,147.4,0.12,2.08,0.96,"['1950-10-14', '1963-04-27', '1972-04-14', '1988-02-01', '1999-01-01', '2003-01-01', '2012-01-01']","[143.09, 143.28, 139.01, 124.48, 109.85, 109.91, 108.55]"
100228678805,Auckland,Hobsonville,1940-04-22,1972-04-14,32,4,4,3.92,13.55,0.12,0.11,0.2,133.33,0.74,6.18,0.23,0.18,133.33,0.79,2.82,0.18,"['1940-04-22', '1950-10-14', '1963-04-27', '1972-04-14']","[138.03, 128.4, 137.9, 141.95]"
100228679930,Auckland,Hobsonville,1940-04-22,1972-04-14,32,4,4,3.31,8.24,0.1,0.11,0.16,129.86,0.43,3.54,0.39,0.16,129.82,0.46,1.63,0.35,"['1940-04-22', '1950-10-14', '1963-04-27', '1972-04-14']","[132.35, 127.41, 134.74, 135.65]"
100228680926,Auckland,Hobsonville,1940-04-22,1972-04-14,32,4,4,-3.6,4.01,-0.11,0.11,-0.06,130.93,0.25,2.12,0.22,-0.05,130.83,0.27,0.95,0.15,"['1940-04-22', '1950-10-14', '1963-04-27', '1972-04-14']","[131.31, 128.73, 131.72, 127.71]"
100228681922,Auckland,Hobsonville,1940-04-22,1972-04-14,32,4,4,-4.08,4.86,-0.13,0.11,-0.14,129.91,0.14,1.2,0.8,-0.14,129.91,0.15,0.55,0.78,"['1940-04-22', '1950-10-14', '1963-04-27', '1972-04-14']","[128.99, 129.77, 126.68, 124.91]"
100228682917,Auckland,Hobsonville,1940-04-22,1972-04-14,32,4,4,-5.0,7.96,-0.16,0.11,-0.22,130.63,0.34,2.8,0.65,-0.23,130.73,0.36,1.28,0.64,"['1940-04-22', '1950-10-14', '1963-04-27', '1972-04-14']","[129.52, 131.03, 123.07, 124.52]"
100228683913,Auckland,Hobsonville,1940-04-22,1972-04-14,32,4,4,-19.78,19.78,-0.62,0.11,-0.64,134.59,0.36,3.0,0.93,-0.63,134.56,0.38,1.35,0.92,"['1940-04-22', '1950-10-14', '1963-04-27', '1972-04-14']","[132.29, 131.0, 120.43, 112.51]"
100228684908,Auckland,Hobsonville,1940-04-22,1963-04-27,23,3,3,-13.54,13.54,-0.59,0.13,-0.59,135.71,0.19,0.5,1.0,-0.59,135.72,0.2,0.23,1.0,"['1940-04-22', '1950-10-14', '1963-04-27']","[135.49, 129.93, 121.95]"
100228685755,Auckland,Hobsonville,1940-04-22,1963-04-27,23,3,3,-6.78,6.78,-0.29,0.13,-0.3,129.71,0.6,1.54,0.91,-0.3,129.73,0.6,0.71,0.91,"['1940-04-22', '1950-10-14', '1963-04-27']","[129.02, 127.82, 122.24]"
100228688855,Auckland,Hobsonville,1940-04-22,1963-04-27,23,3,3,-11.64,11.64,-0.51,0.13,-0.51,128.87,0.61,1.57,0.97,-0.51,128.89,0.62,0.73,0.96,"['1940-04-22', '1950-10-14', '1963-04-27']","[128.17, 124.8, 116.54]"
100228689687,Auckland,Hobsonville,1940-04-22,1963-04-27,23,3,3,-6.12,6.4,-0.27,0.13,-0.27,128.08,0.97,2.5,0.76,-0.27,128.12,0.98,1.16,0.76,"['1940-04-22', '1950-10-14', '1963-04-27']","[126.97, 127.25, 120.85]"
100228690519,Auckland,Hobsonville,1940-04-22,1963-04-27,23,3,3,-3.12,3.77,-0.14,0.13,-0.14,127.16,0.66,1.69,0.65,-0.14,127.19,0.66,0.78,0.64,"['1940-04-22', '1950-10-14', '1963-04-27']","[126.41, 127.06, 123.29]"
100228691226,Auckland,Hobsonville,1940-04-22,1963-04-27,23,3,3,-1.55,5.01,-0.07,0.13,-0.08,127.2,1.31,3.39,0.12,-0.08,127.25,1.33,1.57,0.12,"['1940-04-22', '1950-10-14', '1963-04-27']","[125.7, 129.15, 124.14]"
100228692069,Auckland,Hobsonville,1940-04-22,1963-04-27,23,3,3,-4.25,6.87,-0.18,0.13,-0.2,128.8,1.44,3.72,0.43,-0.2,128.85,1.46,1.72,0.42,"['1940-04-22', '1950-10-14', '1963-04-27']","[127.15, 129.77, 122.9]"
100228692912,Auckland,Hobsonville,1940-04-22,1972-04-14,32,4,4,0.42,6.42,0.01,0.11,-0.06,127.63,0.37,3.08,0.09,-0.07,127.76,0.39,1.4,0.12,"['1940-04-22', '1950-10-14', '1963-04-27', '1972-04-14']","[126.74, 129.65, 123.23, 127.16]"
100228693626,Auckland,Hobsonville,1940-04-22,1981-01-04,41,5,5,-11.05,15.52,-0.27,0.08,-0.25,129.39,0.34,4.67,0.51,-0.26,129.43,0.33,2.02,0.54,"['1940-04-22', '1950-10-14', '1963-04-27', '1972-04-14', '1981-01-04']","[125.93, 130.4, 123.01, 126.0, 114.89]"
100228694483,Auckland,Hobsonville,1940-04-22,1981-01-04,41,5,5,-9.58,15.47,-0.24,0.08,-0.22,128.13,0.37,5.17,0.38,-0.23,128.18,0.36,2.25,0.42,"['1940-04-22', '1950-10-14', '1963-04-27', '1972-04-14', '1981-01-04']","[124.1, 129.99, 122.96, 126.08, 114.52]"
100228695341,Auckland,Hobsonville,1940-04-22,1981-01-04,41,5,5,-5.16,15.36,-0.13,0.08,-0.12,124.35,0.48,6.6,0.1,-0.13,124.43,0.47,2.9,0.12,"['1940-04-22', '1950-10-14', '1963-04-27', '1972-04-14', '1981-01-04']","[118.76, 128.96, 121.77, 126.05, 113.6]"
100228696096,Auckland,Hobsonville,1940-04-22,1981-01-04,41,5,5,-2.84,16.87,-0.07,0.08,-0.09,122.83,0.56,7.8,0.04,-0.1,122.92,0.57,3.49,0.05,"['1940-04-22', '1950-10-14', '1963-04-27', '1972-04-14', '1981-01-04']","[115.43, 129.46, 122.62, 124.83, 112.59]"
100228696871,Auckland,Hobsonville,1940-04-22,1981-01-04,41,5,5,-1.5,17.67,-0.04,0.08,-0.09,122.54,0.58,8.09,0.04,-0.1,122.66,0.6,3.67,0.05,"['1940-04-22', '1950-10-14', '1963-04-27', '1972-04-14', '1981-01-04']","[114.37, 130.54, 122.31, 122.86, 112.86]"
100228697640,Auckland,Hobsonville,1940-04-22,1981-01-04,41,5,5,0.76,18.08,0.02,0.08,-0.03,121.78,0.64,8.92,0.0,-0.04,121.9,0.65,4.03,0.01,"['1940-04-22', '1950-10-14', '1963-04-27', '1972-04-14', '1981-01-04']","[112.94, 131.01, 123.04, 125.15, 113.7]"
100228698431,Auckland,Hobsonville,1940-04-22,1981-01-04,41,5,5,-3.42,14.16,-0.08,0.08,-0.11,125.21,0.46,6.34,0.1,-0.11,125.27,0.47,2.88,0.1,"['1940-04-22', '1950-10-14', '1963-04-27', '1972-04-14', '1981-01-04']","[118.84, 129.58, 126.96, 123.49, 115.42]"
100228699268,Auckland,Hobsonville,1940-04-22,1981-01-04,41,5,5,-0.67,14.92,-0.02,0.08,0.04,127.29,0.56,7.73,0.01,0.04,127.27,0.56,3.44,0.01,"['1940-04-22', '1950-10-14', '1963-04-27', '1972-04-14', '1981-01-04']","[121.49, 129.91, 135.75, 132.89, 120.83]"
100217216882,Auckland,Ngataringa,1950-09-19,2012-01-01,61,10,10,26.02,26.02,0.42,0.04,0.31,268.95,0.13,4.3,0.72,0.29,268.71,0.09,1.96,0.82,"['1950-09-19', '1963-04-27', '1968-09-28', '1972-04-14', '1975-07-31', '1980-10-24', '1988-02-01', '2003-01-01', '2012-01-01', '2012-01-01']","[261.18, 273.66, 274.5, 279.48, 278.58, 284.3, 283.91, 281.43, 285.38, 287.21]"
100217216883,Auckland,Ngataringa,1950-09-19,2012-01-01,61,10,10,34.27,34.27,0.56,0.04,0.43,261.39,0.14,4.77,0.8,0.4,261.35,0.1,2.17,0.88,"['1950-09-19', '1963-04-27', '1968-09-28', '1972-04-14', '1975-07-31', '1980-10-24', '1988-02-01', '2003-01-01', '2012-01-01', '2012-01-01']","[252.07, 269.53, 268.06, 274.79, 275.39, 280.08, 280.35, 281.26, 284.8, 286.35]"
100217216884,Auckland,Ngataringa,1963-04-27,2012-01-01,49,9,9,22.36,25.81,0.46,0.05,0.46,265.87,0.1,2.89,0.91,0.44,266.6,0.09,1.58,0.92,"['1963-04-27', '1968-09-28', '1972-04-14', '1975-07-31', '1980-10-24', '1988-02-01', '2003-01-01', '2012-01-01', '2012-01-01']","[267.06, 263.61, 269.21, 271.7, 279.01, 278.18, 282.76, 286.32, 289.42]"
100217216885,Auckland,Ngataringa,1950-09-19,2012-01-01,61,9,9,48.47,48.47,0.79,0.04,0.7,252.05,0.13,4.07,0.94,0.71,251.43,0.11,2.09,0.96,"['1950-09-19', '1968-09-28', '1972-04-14', '1975-07-31', '1980-10-24', '1988-02-01', '2003-01-01', '2012-01-01', '2012-01-01']","[248.15, 262.43, 267.2, 274.06, 279.48, 278.85, 283.46, 293.02, 296.62]"
100217216886,Auckland,Ngataringa,1950-09-19,2024-01-01,73,11,11,55.15,55.97,0.75,0.03,0.87,247.95,0.11,4.34,0.96,0.72,255.88,0.18,5.24,0.85,"['1950-09-19', '1963-04-27', '1968-09-28', '1972-04-14', '1975-07-31', '1980-10-24', '1988-02-01', '2003-01-01', '2012-01-01', '2012-01-01', '2024-01-01']","[249.88, 258.46, 258.57, 263.69, 267.76, 280.73, 282.23, 293.01, 305.14, 305.85, 305.03]"
100217216887,Auckland,Ngataringa,1963-04-27,2024-01-01,61,10,10,48.27,51.62,0.8,0.04,1.0,256.45,0.18,6.26,0.93,0.74,266.19,0.23,5.43,0.82,"['1963-04-27', '1968-09-28', '1972-04-14', '1975-07-31', '1980-10-24', '1988-02-01', '2003-01-01', '2012-01-01', '2012-01-01', '2024-01-01']","[259.55, 256.2, 261.22, 262.29, 281.65, 284.29, 303.21, 306.38, 307.63, 307.82]"
100217216888,Auckland,Ngataringa,1940-04-22,2024-01-01,84,10,10,70.29,70.29,0.84,0.03,0.96,235.58,0.13,5.49,0.96,0.78,245.95,0.19,5.17,0.88,"['1940-04-22', '1968-09-28', '1972-04-14', '1975-07-31', '1980-10-24', '1988-02-01', '2003-01-01', '2012-01-01', '2012-01-01', '2024-01-01']","[237.72, 256.17, 262.78, 267.66, 279.89, 282.08, 304.33, 305.96, 307.27, 308.01]"
100217216889,Auckland,Ngataringa,1968-09-28,2024-01-01,55,9,9,49.53,49.92,0.9,0.06,0.94,263.0,0.18,5.44,0.93,0.65,273.57,0.26,5.12,0.76,"['1968-09-28', '1972-04-14', '1975-07-31', '1980-10-24', '1988-02-01', '2003-01-01', '2012-01-01', '2012-01-01', '2024-01-01']","[256.99, 265.51, 269.26, 279.73, 279.51, 302.72, 304.13, 306.91, 306.51]"
100217216890,Auckland,Ngataringa,1940-04-22,2024-01-01,84,10,10,69.53,69.53,0.83,0.03,0.9,236.78,0.11,4.34,0.97,0.76,244.93,0.17,4.65,0.89,"['1940-04-22', '1968-09-28', '1972-04-14', '1975-07-31', '1980-10-24', '1988-02-01', '2003-01-01', '2012-01-01', '2012-01-01', '2024-01-01']","[235.81, 260.96, 263.06, 268.52, 279.52, 276.23, 298.85, 302.33, 304.59, 305.34]"
100217510654,Auckland,Ngataringa,1972-04-14,2024-01-01,52,9,9,31.91,37.93,0.62,0.05,0.7,268.15,0.2,5.77,0.87,0.52,275.16,0.22,4.4,0.74,"['1972-04-14', '1972-04-14', '1975-07-31', '1980-10-24', '1988-02-01', '2003-01-01', '2012-01-01', '2012-01-01', '2024-01-01']","[267.75, 277.5, 262.48, 268.59, 280.64, 291.62, 297.81, 300.41, 299.65]"
100217510655,Auckland,Ngataringa,1975-07-31,2024-01-01,48,6,6,37.29,37.42,0.77,0.07,0.75,264.5,0.33,6.23,0.85,0.34,279.48,0.37,4.51,0.5,"['1975-07-31', '1988-02-01', '2003-01-01', '2012-01-01', '2012-01-01', '2024-01-01']","[257.31, 280.75, 287.64, 293.43, 294.73, 294.59]"
100217511075,Auckland,Ngataringa,1940-04-22,2024-01-01,84,9,9,69.31,69.31,0.83,0.03,0.88,236.78,0.11,4.12,0.97,0.73,245.07,0.19,4.91,0.88,"['1940-04-22', '1972-04-14', '1975-07-31', '1980-10-24', '1988-02-01', '2003-01-01', '2012-01-01', '2012-01-01', '2024-01-01']","[233.8, 263.02, 266.76, 278.26, 280.05, 294.58, 299.88, 302.9, 303.11]"
100217531811,Auckland,Ngataringa,1950-09-19,2003-01-01,52,10,10,-63.53,63.53,-1.22,0.06,-1.09,119.7,0.43,9.77,0.74,-1.09,119.05,0.37,3.5,0.79,"['1950-09-19', '1963-04-27', '1968-09-28', '1968-09-28', '1972-04-14', '1972-04-14', '1975-07-31', '1980-10-24', '1988-02-01', '2003-01-01']","[126.13, 92.38, 116.4, 87.02, 100.83, 88.98, 96.05, 90.65, 78.12, 62.6]"
100217532053,Auckland,Ngataringa,1950-09-19,2012-01-01,61,9,9,-71.33,73.79,-1.16,0.04,-1.1,120.51,0.33,9.41,0.85,-1.0,118.23,0.2,4.06,0.93,"['1950-09-19', '1963-04-27', '1972-04-14', '1972-04-14', '1975-07-31', '1980-10-24', '1988-02-01', '2003-01-01', '2012-01-01']","[129.07, 92.95, 103.08, 84.01, 99.54, 92.95, 81.4, 55.28, 57.74]"
100217532054,Auckland,Ngataringa,1950-09-19,2024-01-01,73,9,9,-91.34,91.34,-1.25,0.03,-1.2,126.97,0.24,8.69,0.93,-1.19,125.26,0.31,8.31,0.88,"['1950-09-19', '1963-04-27', '1972-04-14', '1975-07-31', '1980-10-24', '1988-02-01', '2012-01-01', '2012-01-01', '2024-01-01']","[130.06, 96.18, 108.68, 99.32, 95.67, 84.04, 61.42, 42.47, 38.72]"
100217532055,Auckland,Ngataringa,1950-09-19,2024-01-01,73,10,10,-82.32,82.32,-1.12,0.03,-1.07,123.4,0.23,8.76,0.9,-1.06,122.21,0.27,7.77,0.87,"['1950-09-19', '1963-04-27', '1972-04-14', '1972-04-14', '1975-07-31', '1980-10-24', '1988-02-01', '2012-01-01', '2012-01-01', '2024-01-01']","[127.58, 99.58, 111.67, 88.26, 98.57, 95.65, 87.19, 66.12, 47.35, 45.26]"
100217532056,Auckland,Ngataringa,1950-09-19,2024-01-01,73,10,10,-70.52,77.85,-0.96,0.03,-0.99,119.92,0.23,9.29,0.88,-0.88,113.14,0.41,11.26,0.67,"['1950-09-19', '1963-04-27', '1972-04-14', '1975-07-31', '1980-10-24', '1988-02-01', '2012-01-01', '2012-01-01', '2012-01-01', '2024-01-01']","[121.86, 98.78, 91.7, 101.62, 97.42, 90.5, 70.66, 44.01, 53.26, 51.34]"
100217532057,Auckland,Ngataringa,1963-04-27,2024-01-01,61,11,11,-41.28,59.09,-0.68,0.04,-0.85,105.72,0.26,9.62,0.8,-0.7,97.14,0.49,11.9,0.43,"['1963-04-27', '1968-09-28', '1972-04-14', '1975-07-31', '1980-10-24', '1988-02-01', '2003-01-01', '2012-01-01', '2012-01-01', '2012-01-01', '2024-01-01']","[99.14, 98.31, 91.46, 103.35, 98.05, 93.23, 74.16, 74.44, 44.26, 59.43, 57.86]"
100217532232,Auckland,Ngataringa,1963-04-27,2003-01-01,40,7,7,-11.12,19.56,-0.28,0.08,-0.28,99.76,0.39,6.34,0.29,-0.24,98.29,0.36,2.36,0.26,"['1963-04-27', '1968-09-28', '1972-04-14', '1975-07-31', '1980-10-24', '1988-02-01', '2003-01-01']","[94.96, 100.15, 89.58, 103.4, 100.68, 95.79, 83.84]"
100217532627,Auckland,Ngataringa,1972-04-14,2003-01-01,31,5,5,0.37,58.09,0.01,0.12,0.8,74.92,2.23,24.3,0.19,0.8,74.87,2.21,9.49,0.19,"['1972-04-14', '1972-04-14', '1980-10-24', '1988-02-01', '2003-01-01']","[90.15, 42.53, 100.63, 94.83, 90.52]"
100217532834,Auckland,Ngataringa,1940-04-22,2012-01-01,72,5,5,-21.49,35.18,-0.3,0.03,-0.17,98.41,0.62,14.5,0.12,-0.42,101.82,0.57,8.13,0.5,"['1940-04-22', '1980-10-24', '1988-02-01', '2003-01-01', '2012-01-01']","[90.43, 97.96, 104.13, 93.77, 68.94]"
100217532835,Auckland,Ngataringa,1940-04-22,2024-01-01,84,6,6,-20.03,25.88,-0.24,0.03,-0.3,99.45,0.27,8.56,0.6,-0.18,88.06,0.38,7.53,0.21,"['1940-04-22', '1980-10-24', '2003-01-01', '2012-01-01', '2012-01-01', '2024-01-01']","[95.76, 93.05, 91.65, 69.87, 70.27, 75.73]"
100217533235,Auckland,Ngataringa,1940-04-22,2024-01-01,84,5,5,-13.42,21.31,-0.16,0.03,-0.19,91.19,0.15,4.84,0.75,-0.08,84.33,0.34,7.27,0.08,"['1940-04-22', '1950-09-19', '2012-01-01', '2012-01-01', '2024-01-01']","[94.38, 86.56, 73.07, 76.7, 80.96]"
100217533273,Auckland,Ngataringa,1940-04-22,2024-01-01,84,7,7,-13.16,35.92,-0.16,0.03,-0.18,90.81,0.3,11.92,0.22,0.01,80.88,0.43,10.95,0.0,"['1940-04-22', '1950-09-19', '1975-07-31', '2003-01-01', '2012-01-01', '2012-01-01', '2024-01-01']","[100.51, 90.79, 64.59, 86.06, 72.16, 75.03, 87.34]"
100217643406,Auckland,Ngataringa,1950-09-19,2024-01-01,73,9,9,-106.41,106.41,-1.45,0.03,-1.32,125.44,0.25,8.28,0.93,-1.48,127.55,0.14,3.98,0.98,"['1950-09-19', '1963-04-27', '1968-09-28', '1972-04-14', '1975-07-31', '1980-10-24', '1988-02-01', '2003-01-01', '2024-01-01']","[124.68, 97.31, 105.43, 98.12, 92.65, 91.58, 75.55, 70.12, 18.27]"
100217643812,Auckland,Ngataringa,1950-09-19,2003-01-01,52,8,8,-53.6,53.6,-1.03,0.06,-1.01,119.21,0.27,5.82,0.9,-1.01,118.89,0.26,2.39,0.9,"['1950-09-19', '1963-04-27', '1968-09-28', '1972-04-14', '1975-07-31', '1980-10-24', '1988-02-01', '2003-01-01']","[124.72, 98.31, 106.03, 96.18, 91.37, 92.4, 75.4, 71.12]"
100217644645,Auckland,Ngataringa,1950-09-19,2003-01-01,52,7,7,-56.54,56.54,-1.08,0.06,-1.1,120.95,0.2,3.87,0.96,-1.12,121.59,0.19,1.53,0.97,"['1950-09-19', '1968-09-28', '1972-04-14', '1972-04-14', '1975-07-31', '1988-02-01', '2003-01-01']","[124.94, 102.72, 94.94, 94.8, 90.94, 76.14, 68.4]"
100217656517,Auckland,Ngataringa,1940-04-22,2024-01-01,84,8,8,-133.47,133.47,-1.59,0.03,-1.54,137.87,0.25,9.24,0.96,-1.68,141.47,0.14,4.21,0.99,"['1940-04-22', '1950-09-19', '1963-04-27', '1968-09-28', '1975-07-31', '1988-02-01', '2003-01-01', '2024-01-01']","[134.14, 120.82, 114.98, 88.89, 76.94, 62.57, 55.36, 0.67]"
100217656750,Auckland,Ngataringa,1940-04-22,2024-01-01,84,7,7,-132.74,132.74,-1.59,0.03,-1.54,139.2,0.23,8.02,0.97,-1.64,142.14,0.13,3.44,0.99,"['1940-04-22', '1950-09-19', '1968-09-28', '1975-07-31', '1988-02-01', '2003-01-01', '2024-01-01']","[137.15, 129.68, 91.15, 78.3, 65.2, 56.0, 4.41]"
100217656983,Auckland,Ngataringa,1940-04-22,2003-01-01,63,6,6,-81.66,81.66,-1.3,0.05,-1.43,137.85,0.34,8.26,0.95,-1.44,139.75,0.3,3.05,0.96,"['1940-04-22', '1950-09-19', '1968-09-28', '1975-07-31', '1988-02-01', '2003-01-01']","[137.66, 132.59, 90.35, 79.24, 67.09, 56.0]"
100217657217,Auckland,Ngataringa,1940-04-22,2003-01-01,63,6,6,-79.32,79.32,-1.27,0.05,-1.4,136.81,0.34,8.31,0.95,-1.41,138.64,0.31,3.15,0.96,"['1940-04-22', '1950-09-19', '1968-09-28', '1975-07-31', '1988-02-01', '2003-01-01']","[135.34, 132.99, 90.31, 79.59, 68.07, 56.02]"
100217657450,Auckland,Ngataringa,1940-04-22,2003-01-01,63,4,4,-78.3,78.3,-1.25,0.05,-1.36,137.16,0.61,10.09,0.96,-1.35,138.26,0.55,3.76,0.96,"['1940-04-22', '1950-09-19', '1975-07-31', '2003-01-01']","[134.34, 131.67, 79.03, 56.04]"
100217657684,Auckland,Ngataringa,1940-04-22,2003-01-01,63,4,4,-78.25,78.25,-1.25,0.05,-1.35,136.79,0.53,8.75,0.97,-1.34,137.71,0.48,3.31,0.97,"['1940-04-22', '1950-09-19', '1975-07-31', '2003-01-01']","[134.0, 130.56, 80.74, 55.75]"
100217657824,Auckland,Ngataringa,1940-04-22,1975-07-31,35,3,3,-55.0,55.0,-1.56,0.11,-1.64,139.45,2.16,8.79,0.96,-1.57,139.15,2.73,3.88,0.93,"['1940-04-22', '1950-09-19', '1975-07-31']","[134.53, 129.36, 79.53]"
100217657889,Auckland,Ngataringa,1940-04-22,1975-07-31,35,3,3,-55.72,55.72,-1.58,0.11,-1.66,139.07,2.22,9.0,0.96,-1.59,138.76,2.8,3.97,0.93,"['1940-04-22', '1950-09-19', '1975-07-31']","[134.03, 128.91, 78.31]"
100217658147,Auckland,Ngataringa,1940-04-22,1975-07-31,35,3,3,-54.98,54.98,-1.56,0.11,-1.64,137.97,2.12,8.6,0.96,-1.57,137.67,2.68,3.8,0.93,"['1940-04-22', '1950-09-19', '1975-07-31']","[133.15, 127.75, 78.17]"
100217658406,Auckland,Ngataringa,1940-04-22,1975-07-31,35,3,3,-56.85,56.85,-1.61,0.11,-1.69,138.03,2.22,9.01,0.96,-1.62,137.72,2.8,3.98,0.93,"['1940-04-22', '1950-09-19', '1975-07-31']","[132.98, 127.55, 76.13]"
100217658917,Auckland,Ngataringa,1940-04-22,1975-07-31,35,4,4,-52.33,58.59,-1.48,0.11,-1.75,137.14,0.9,9.11,0.94,-1.78,137.39,0.96,3.81,0.94,"['1940-04-22', '1950-09-19', '1972-04-14', '1975-07-31']","[132.19, 126.95, 73.6, 79.86]"
100217659223,Auckland,Ngataringa,1940-04-22,1975-07-31,35,4,4,-52.79,52.79,-1.5,0.11,-1.57,138.09,0.65,6.59,0.96,-1.53,137.87,0.74,2.91,0.95,"['1940-04-22', '1950-09-19', '1972-04-14', '1975-07-31']","[132.91, 129.02, 88.38, 80.12]"
100217659527,Auckland,Ngataringa,1940-04-22,1975-07-31,35,6,6,-49.27,49.27,-1.4,0.11,-1.37,137.78,0.38,6.18,0.94,-1.32,137.49,0.41,2.67,0.92,"['1940-04-22', '1940-04-22', '1950-09-19', '1963-04-27', '1972-04-14', '1975-07-31']","[134.09, 134.02, 133.58, 106.89, 95.3, 84.83]"
100217659661,Auckland,Ngataringa,1940-04-22,1975-07-31,35,3,3,-48.78,48.78,-1.38,0.11,-1.34,143.31,1.61,6.46,0.96,-1.26,142.87,1.63,2.56,0.96,"['1940-04-22', '1963-04-27', '1975-07-31']","[141.51, 117.72, 92.72]"
100641492522,Auckland,OmokoritoBay,1975-04-15,2011-03-09,36,3,3,27.01,35.2,0.75,0.11,0.89,365.82,2.4,10.25,0.85,1.0,363.18,1.61,3.3,0.94,"['1975-04-15', '1982-02-09', '2011-03-09']","[372.2, 364.0, 399.2]"
100641493489,Auckland,OmokoritoBay,1975-04-15,2011-03-09,36,3,3,24.86,37.96,0.69,0.11,0.87,363.72,3.21,13.7,0.75,1.02,360.2,2.15,4.41,0.9,"['1975-04-15', '1982-02-09', '2011-03-09']","[372.25, 359.16, 397.12]"
100641494883,Auckland,OmokoritoBay,1968-09-28,2024-03-18,55,5,5,-0.24,45.14,-0.0,0.07,0.36,375.93,1.02,20.92,0.18,0.51,371.69,0.79,6.95,0.44,"['1968-09-28', '1975-04-15', '1982-02-09', '2011-03-09', '2024-03-18']","[399.85, 372.44, 354.71, 395.12, 399.61]"
100641496335,Auckland,OmokoritoBay,1968-09-28,2024-03-18,55,5,5,-2.03,43.9,-0.04,0.07,0.3,376.55,0.98,20.0,0.15,0.45,372.32,0.76,6.69,0.39,"['1968-09-28', '1975-04-15', '1982-02-09', '2011-03-09', '2024-03-18']","[398.88, 374.17, 354.98, 393.07, 396.84]"
100641497288,Auckland,OmokoritoBay,1968-09-28,2024-03-18,55,5,5,-4.53,41.43,-0.08,0.07,0.23,377.64,0.91,18.54,0.1,0.37,373.8,0.71,6.26,0.33,"['1968-09-28', '1975-04-15', '1982-02-09', '2011-03-09', '2024-03-18']","[397.94, 375.85, 356.51, 391.16, 393.41]"
100641499174,Auckland,OmokoritoBay,1968-09-28,2024-03-18,55,5,5,-5.13,40.6,-0.09,0.07,0.2,377.66,0.88,18.01,0.08,0.34,373.69,0.69,6.09,0.3,"['1968-09-28', '1975-04-15', '1982-02-09', '2011-03-09', '2024-03-18']","[396.97, 376.68, 356.37, 389.52, 391.83]"
100641500624,Auckland,OmokoritoBay,1968-09-28,2024-03-18,55,5,5,-6.98,41.25,-0.13,0.07,0.16,377.36,0.88,18.11,0.06,0.3,373.47,0.71,6.19,0.25,"['1968-09-28', '1975-04-15', '1982-02-09', '2011-03-09', '2024-03-18']","[396.14, 377.22, 354.89, 388.08, 389.16]"
100641502085,Auckland,OmokoritoBay,1968-09-28,2024-03-18,55,5,5,-9.26,42.16,-0.17,0.07,0.13,376.27,0.89,18.29,0.04,0.27,372.34,0.71,6.21,0.21,"['1968-09-28', '1975-04-15', '1982-02-09', '2011-03-09', '2024-03-18']","[395.77, 374.94, 353.61, 385.49, 386.51]"
100641502996,Auckland,OmokoritoBay,1968-09-28,2024-03-18,55,5,5,-11.51,42.94,-0.21,0.07,0.11,374.33,0.91,18.57,0.03,0.25,370.42,0.7,6.18,0.19,"['1968-09-28', '1975-04-15', '1982-02-09', '2011-03-09', '2024-03-18']","[395.43, 370.25, 352.49, 382.35, 383.92]"
100641504570,Auckland,OmokoritoBay,1968-09-28,2024-03-18,55,5,5,-13.13,40.66,-0.24,0.07,0.07,372.74,0.86,17.52,0.01,0.2,369.05,0.66,5.75,0.15,"['1968-09-28', '1975-04-15', '1982-02-09', '2011-03-09', '2024-03-18']","[393.3, 367.22, 352.64, 378.45, 380.17]"
100641505782,Auckland,OmokoritoBay,1968-09-28,2024-03-18,55,5,5,-12.15,36.72,-0.22,0.07,0.06,370.38,0.78,15.93,0.01,0.18,366.95,0.59,5.17,0.14,"['1968-09-28', '1975-04-15', '1982-02-09', '2011-03-09', '2024-03-18']","[389.46, 364.46, 352.74, 375.05, 377.31]"
100641507169,Auckland,OmokoritoBay,1968-09-28,2024-03-18,55,5,5,-10.88,34.07,-0.2,0.07,0.06,367.86,0.72,14.84,0.01,0.17,364.4,0.55,4.8,0.15,"['1968-09-28', '1975-04-15', '1982-02-09', '2011-03-09', '2024-03-18']","[385.76, 362.18, 351.69, 371.74, 374.88]"
100641508035,Auckland,OmokoritoBay,1968-09-28,2024-03-18,55,5,5,-14.31,33.02,-0.26,0.07,-0.01,365.37,0.69,14.05,0.0,0.09,362.4,0.52,4.54,0.06,"['1968-09-28', '1975-04-15', '1982-02-09', '2011-03-09', '2024-03-18']","[382.38, 359.22, 349.36, 366.8, 368.07]"
100641509120,Auckland,OmokoritoBay,1968-09-28,2024-03-18,55,5,5,-14.66,24.13,-0.26,0.07,-0.03,345.45,0.54,11.14,0.0,0.02,344.8,0.39,3.44,0.0,"['1968-09-28', '1975-04-15', '1982-02-09', '2011-03-09', '2024-03-18']","[359.66, 335.53, 336.85, 346.89, 345.01]"
100641510103,Auckland,OmokoritoBay,1968-09-28,2024-03-18,55,5,5,-14.78,22.83,-0.27,0.07,-0.03,343.75,0.53,10.78,0.01,0.01,343.35,0.39,3.44,0.0,"['1968-09-28', '1975-04-15', '1982-02-09', '2011-03-09', '2024-03-18']","[357.36, 334.53, 334.85, 345.55, 342.57]"
100641511085,Auckland,OmokoritoBay,1968-09-28,2024-03-18,55,5,5,-14.04,23.02,-0.25,0.07,-0.03,342.08,0.51,10.51,0.01,0.02,341.22,0.38,3.34,0.01,"['1968-09-28', '1975-04-15', '1982-02-09', '2011-03-09', '2024-03-18']","[355.34, 334.11, 332.32, 343.39, 341.3]"
100641512068,Auckland,OmokoritoBay,1968-09-28,2024-03-18,55,5,5,-12.47,24.43,-0.22,0.07,-0.01,340.31,0.54,10.97,0.0,0.06,338.94,0.4,3.48,0.04,"['1968-09-28', '1975-04-15', '1982-02-09', '2011-03-09', '2024-03-18']","[354.09, 333.14, 329.66, 342.42, 341.62]"
100641513051,Auckland,OmokoritoBay,1968-09-28,2024-03-18,55,5,5,-11.26,26.27,-0.2,0.07,0.03,338.4,0.57,11.74,0.0,0.1,336.65,0.43,3.75,0.09,"['1968-09-28', '1975-04-15', '1982-02-09', '2011-03-09', '2024-03-18']","[353.02, 331.7, 326.75, 341.76, 341.76]"
100641514034,Auckland,OmokoritoBay,1968-09-28,2024-03-18,55,5,5,-10.18,30.62,-0.18,0.07,0.06,336.13,0.66,13.6,0.01,0.16,333.25,0.5,4.35,0.16,"['1968-09-28', '1975-04-15', '1982-02-09', '2011-03-09', '2024-03-18']","[352.9, 329.75, 322.28, 340.09, 342.72]"
100641515016,Auckland,OmokoritoBay,1968-09-28,2024-03-18,55,5,5,-14.93,33.03,-0.27,0.07,0.01,335.13,0.7,14.4,0.0,0.1,332.94,0.53,4.66,0.06,"['1968-09-28', '1975-04-15', '1982-02-09', '2011-03-09', '2024-03-18']","[352.78, 327.67, 319.75, 338.54, 337.86]"
100641515805,Auckland,OmokoritoBay,1968-09-28,2024-03-18,55,5,5,-17.73,34.74,-0.32,0.07,-0.03,334.85,0.72,14.81,0.0,0.06,332.78,0.56,4.88,0.02,"['1968-09-28', '1975-04-15', '1982-02-09', '2011-03-09', '2024-03-18']","[352.72, 327.51, 317.98, 337.19, 334.99]"
100641516790,Auckland,OmokoritoBay,1968-09-28,2024-03-18,55,5,5,-19.82,37.78,-0.36,0.07,-0.06,334.98,0.77,15.79,0.01,0.04,332.21,0.59,5.15,0.01,"['1968-09-28', '1975-04-15', '1982-02-09', '2011-03-09', '2024-03-18']","[353.99, 327.59, 316.21, 335.34, 334.17]"
100641517451,Auckland,OmokoritoBay,1968-09-28,2024-03-18,55,5,5,-23.39,40.87,-0.42,0.07,-0.09,333.81,0.85,17.33,0.02,0.02,331.0,0.63,5.55,0.0,"['1968-09-28', '1975-04-15', '1982-02-09', '2011-03-09', '2024-03-18']","[355.25, 323.74, 314.38, 333.14, 331.87]"
100641518371,Auckland,OmokoritoBay,1968-09-28,2024-03-18,55,5,5,-25.46,42.75,-0.46,0.07,-0.11,332.2,0.89,18.29,0.03,0.01,329.15,0.66,5.78,0.0,"['1968-09-28', '1975-04-15', '1982-02-09', '2011-03-09', '2024-03-18']","[355.14, 320.49, 312.4, 330.36, 329.68]"
100641519221,Auckland,OmokoritoBay,1968-09-28,2024-03-18,55,5,5,-17.97,34.69,-0.32,0.07,-0.04,326.23,0.72,14.71,0.01,0.05,324.14,0.55,4.85,0.02,"['1968-09-28', '1975-04-15', '1982-02-09', '2011-03-09', '2024-03-18']","[343.95, 319.05, 309.26, 328.19, 325.97]"
100641519923,Auckland,OmokoritoBay,1968-09-28,2024-03-18,55,5,5,-15.33,35.45,-0.28,0.07,-0.01,323.01,0.73,14.95,0.0,0.1,320.26,0.56,4.94,0.05,"['1968-09-28', '1975-04-15', '1982-02-09', '2011-03-09', '2024-03-18']","[340.56, 317.58, 305.11, 325.79, 325.23]"
100641520918,Auckland,OmokoritoBay,1968-09-28,2024-03-18,55,5,5,-18.89,36.82,-0.34,0.07,-0.05,322.15,0.75,15.35,0.01,0.05,319.84,0.59,5.14,0.01,"['1968-09-28', '1975-04-15', '1982-02-09', '2011-03-09', '2024-03-18']","[340.14, 315.96, 303.32, 323.95, 321.24]"
100641521583,Auckland,OmokoritoBay,1968-09-28,2024-03-18,55,5,5,-11.88,34.55,-0.21,0.07,0.04,318.89,0.72,14.78,0.01,0.15,315.79,0.55,4.86,0.12,"['1968-09-28', '1975-04-15', '1982-02-09', '2011-03-09', '2024-03-18']","[336.14, 314.35, 301.58, 323.13, 324.25]"
100641522580,Auckland,OmokoritoBay,1968-09-28,2024-03-18,55,5,5,-10.59,31.21,-0.19,0.07,0.06,316.52,0.66,13.48,0.01,0.15,314.33,0.52,4.54,0.13,"['1968-09-28', '1975-04-15', '1982-02-09', '2011-03-09', '2024-03-18']","[332.01, 312.57, 300.8, 322.34, 321.42]"
100641523298,Auckland,OmokoritoBay,1968-09-28,2024-03-18,55,5,5,-11.15,30.06,-0.2,0.07,0.06,314.99,0.64,13.16,0.01,0.14,313.68,0.53,4.66,0.11,"['1968-09-28', '1975-04-15', '1982-02-09', '2011-03-09', '2024-03-18']","[329.93, 310.8, 299.87, 322.2, 318.78]"
100641524297,Auckland,OmokoritoBay,1968-09-28,2024-03-18,55,5,5,-6.3,30.09,-0.11,0.07,0.14,312.78,0.66,13.49,0.07,0.23,310.63,0.52,4.53,0.26,"['1968-09-28', '1975-04-15', '1982-02-09', '2011-03-09', '2024-03-18']","[328.41, 309.02, 298.33, 321.97, 322.11]"
100641525117,Auckland,OmokoritoBay,1968-09-28,2024-03-18,55,5,5,-7.77,29.0,-0.14,0.07,0.11,311.99,0.64,13.04,0.06,0.2,310.62,0.52,4.57,0.21,"['1968-09-28', '1975-04-15', '1982-02-09', '2011-03-09', '2024-03-18']","[326.89, 308.07, 297.89, 321.46, 319.12]"
100641526117,Auckland,OmokoritoBay,1968-09-28,2024-03-18,55,5,5,-3.23,25.88,-0.06,0.07,0.17,310.54,0.58,11.9,0.13,0.24,308.96,0.47,4.11,0.34,"['1968-09-28', '1975-04-15', '1982-02-09', '2011-03-09', '2024-03-18']","[324.09, 307.8, 298.21, 321.3, 320.86]"
100641526982,Auckland,OmokoritoBay,1968-09-28,2024-03-18,55,5,5,0.28,23.19,0.01,0.07,0.21,308.95,0.53,10.8,0.23,0.28,307.72,0.43,3.8,0.44,"['1968-09-28', '1975-04-15', '1982-02-09', '2011-03-09', '2024-03-18']","[321.12, 306.95, 298.53, 321.71, 321.4]"
100641527982,Auckland,OmokoritoBay,1968-09-28,2024-03-18,55,5,5,2.0,24.55,0.04,0.07,0.24,307.39,0.49,10.07,0.3,0.29,307.07,0.45,3.93,0.44,"['1968-09-28', '1975-04-15', '1982-02-09', '2011-03-09', '2024-03-18']","[318.09, 306.2, 298.1, 322.65, 320.09]"
100641528832,Auckland,OmokoritoBay,1968-09-28,2024-03-18,55,5,5,4.79,25.89,0.09,0.07,0.28,305.67,0.46,9.49,0.4,0.33,305.87,0.46,4.02,0.48,"['1968-09-28', '1975-04-15', '1982-02-09', '2011-03-09', '2024-03-18']","[315.09, 305.55, 297.48, 323.37, 319.88]"
100641529832,Auckland,OmokoritoBay,1968-09-28,2024-03-18,55,5,5,9.1,26.79,0.16,0.07,0.33,303.99,0.43,8.79,0.53,0.38,304.12,0.43,3.8,0.59,"['1968-09-28', '1975-04-15', '1982-02-09', '2011-03-09', '2024-03-18']","[312.09, 305.5, 296.89, 323.68, 321.19]"
100641530832,Auckland,OmokoritoBay,1968-09-28,2024-03-18,55,5,5,8.59,27.47,0.15,0.07,0.32,304.65,0.45,9.22,0.48,0.37,304.55,0.45,3.93,0.56,"['1968-09-28', '1975-04-15', '1982-02-09', '2011-03-09', '2024-03-18']","[312.65, 307.05, 296.35, 323.82, 321.24]"
100641531647,Auckland,OmokoritoBay,1968-09-28,2024-03-18,55,5,5,7.3,28.08,0.13,0.07,0.3,305.64,0.48,9.81,0.42,0.36,305.35,0.47,4.14,0.51,"['1968-09-28', '1975-04-15', '1982-02-09', '2011-03-09', '2024-03-18']","[313.8, 308.61, 295.96, 324.04, 321.1]"
100641532647,Auckland,OmokoritoBay,1968-09-28,2024-03-18,55,5,5,6.87,28.51,0.12,0.07,0.29,306.5,0.5,10.17,0.39,0.35,306.04,0.48,4.22,0.5,"['1968-09-28', '1975-04-15', '1982-02-09', '2011-03-09', '2024-03-18']","[314.94, 309.66, 296.12, 324.63, 321.81]"
100641533475,Auckland,OmokoritoBay,1968-09-28,2024-03-18,55,5,5,5.61,28.78,0.1,0.07,0.28,307.26,0.51,10.52,0.35,0.34,306.85,0.5,4.38,0.46,"['1968-09-28', '1975-04-15', '1982-02-09', '2011-03-09', '2024-03-18']","[316.08, 310.19, 296.29, 325.07, 321.7]"
100641534217,Auckland,OmokoritoBay,1968-09-28,2024-03-18,55,5,5,5.57,28.97,0.1,0.07,0.27,307.89,0.52,10.59,0.34,0.33,307.47,0.51,4.45,0.44,"['1968-09-28', '1975-04-15', '1982-02-09', '2011-03-09', '2024-03-18']","[316.24, 311.52, 296.52, 325.5, 321.8]"
100641535216,Auckland,OmokoritoBay,1968-09-28,2024-03-18,55,5,5,7.66,30.05,0.14,0.07,0.3,308.12,0.52,10.63,0.38,0.36,307.65,0.51,4.49,0.48,"['1968-09-28', '1975-04-15', '1982-02-09', '2011-03-09', '2024-03-18']","[315.74, 313.0, 296.81, 326.85, 323.41]"
100641535830,Auckland,OmokoritoBay,1968-09-28,2024-03-18,55,5,5,9.45,31.18,0.17,0.07,0.32,308.44,0.53,10.8,0.4,0.38,307.96,0.52,4.6,0.5,"['1968-09-28', '1975-04-15', '1982-02-09', '2011-03-09', '2024-03-18']","[315.29, 314.61, 297.03, 328.21, 324.74]"
100641536826,Auckland,OmokoritoBay,1968-09-28,2024-03-18,55,5,5,7.7,32.53,0.14,0.07,0.3,309.46,0.56,11.43,0.35,0.36,309.49,0.59,5.15,0.41,"['1968-09-28', '1975-04-15', '1982-02-09', '2011-03-09', '2024-03-18']","[316.27, 315.77, 297.19, 329.72, 323.96]"
100641537465,Auckland,OmokoritoBay,1968-09-28,2024-03-18,55,5,5,8.33,33.27,0.15,0.07,0.32,310.33,0.57,11.61,0.36,0.38,310.33,0.59,5.21,0.43,"['1968-09-28', '1975-04-15', '1982-02-09', '2011-03-09', '2024-03-18']","[317.24, 316.84, 297.95, 331.22, 325.57]"
100641538142,Auckland,OmokoritoBay,1968-09-28,2024-03-18,55,5,5,9.7,32.3,0.17,0.07,0.32,311.08,0.53,10.91,0.41,0.38,311.29,0.57,5.02,0.45,"['1968-09-28', '1975-04-15', '1982-02-09', '2011-03-09', '2024-03-18']","[316.88, 317.99, 299.92, 332.21, 326.58]"
100641539132,Auckland,OmokoritoBay,1968-09-28,2024-03-18,55,5,5,10.89,31.05,0.2,0.07,0.33,311.72,0.5,10.17,0.44,0.37,312.27,0.56,4.87,0.45,"['1968-09-28', '1975-04-15', '1982-02-09', '2011-03-09', '2024-03-18']","[316.1, 319.11, 301.92, 332.98, 326.99]"
100641539868,Auckland,OmokoritoBay,1968-09-28,2024-03-18,55,5,5,9.69,29.5,0.17,0.07,0.32,312.64,0.46,9.42,0.47,0.36,313.35,0.52,4.6,0.47,"['1968-09-28', '1975-04-15', '1982-02-09', '2011-03-09', '2024-03-18']","[318.1, 317.82, 303.97, 333.47, 327.78]"
100641540639,Auckland,OmokoritoBay,1968-09-28,2024-03-18,55,5,5,9.57,29.08,0.17,0.07,0.34,313.38,0.45,9.29,0.5,0.38,313.85,0.49,4.34,0.52,"['1968-09-28', '1975-04-15', '1982-02-09', '2011-03-09', '2024-03-18']","[320.33, 316.86, 305.2, 334.28, 329.9]"
100641541623,Auckland,OmokoritoBay,1968-09-28,2024-03-18,55,5,5,8.51,29.58,0.15,0.07,0.34,313.72,0.47,9.62,0.49,0.38,314.44,0.52,4.56,0.49,"['1968-09-28', '1975-04-15', '1982-02-09', '2011-03-09', '2024-03-18']","[321.45, 316.21, 305.49, 335.08, 329.96]"
100641542344,Auckland,OmokoritoBay,1968-09-28,2024-03-18,55,5,5,13.03,31.62,0.23,0.07,0.4,313.51,0.47,9.63,0.57,0.45,313.88,0.51,4.45,0.59,"['1968-09-28', '1975-04-15', '1982-02-09', '2011-03-09', '2024-03-18']","[320.6, 317.72, 305.6, 337.22, 333.63]"
100641543323,Auckland,OmokoritoBay,1968-09-28,2024-03-18,55,5,5,16.77,34.7,0.3,0.07,0.46,313.57,0.5,10.25,0.61,0.51,313.69,0.53,4.63,0.64,"['1968-09-28', '1975-04-15', '1982-02-09', '2011-03-09', '2024-03-18']","[320.42, 319.52, 305.25, 339.95, 337.18]"
100641544303,Auckland,OmokoritoBay,1968-09-28,2024-03-18,55,5,5,19.18,38.01,0.35,0.07,0.5,313.61,0.55,11.36,0.6,0.57,313.39,0.57,4.99,0.65,"['1968-09-28', '1975-04-15', '1982-02-09', '2011-03-09', '2024-03-18']","[320.43, 321.39, 303.97, 341.97, 339.61]"
100641545417,Auckland,OmokoritoBay,1968-09-28,2024-03-18,55,5,5,19.79,40.54,0.36,0.07,0.51,313.62,0.64,13.11,0.54,0.6,312.28,0.6,5.24,0.65,"['1968-09-28', '1975-04-15', '1982-02-09', '2011-03-09', '2024-03-18']","[321.34, 323.24, 301.06, 341.6, 341.14]"
100641546398,Auckland,OmokoritoBay,1968-09-28,2024-03-18,55,5,5,16.03,41.48,0.29,0.07,0.46,315.0,0.68,13.88,0.46,0.54,314.31,0.67,5.89,0.55,"['1968-09-28', '1975-04-15', '1982-02-09', '2011-03-09', '2024-03-18']","[322.61, 324.71, 300.92, 342.4, 338.64]"
100641547788,Auckland,OmokoritoBay,1968-09-28,2024-03-18,55,5,5,21.23,42.47,0.38,0.07,0.54,315.67,0.67,13.64,0.55,0.63,314.03,0.61,5.35,0.67,"['1968-09-28', '1975-04-15', '1982-02-09', '2011-03-09', '2024-03-18']","[323.87, 325.73, 302.62, 344.73, 345.09]"
100641549209,Auckland,OmokoritoBay,1968-09-28,2024-03-18,55,5,5,17.21,40.87,0.31,0.07,0.47,316.43,0.66,13.59,0.48,0.56,315.43,0.64,5.61,0.58,"['1968-09-28', '1975-04-15', '1982-02-09', '2011-03-09', '2024-03-18']","[324.03, 326.19, 302.8, 343.66, 341.24]"
100641550209,Auckland,OmokoritoBay,1968-09-28,2024-03-18,55,5,5,21.14,42.09,0.38,0.07,0.54,315.72,0.66,13.44,0.56,0.63,314.2,0.6,5.3,0.67,"['1968-09-28', '1975-04-15', '1982-02-09', '2011-03-09', '2024-03-18']","[323.97, 325.42, 303.02, 344.88, 345.11]"
100641551695,Auckland,OmokoritoBay,1968-09-28,2024-03-18,55,5,5,25.22,43.17,0.45,0.07,0.6,313.63,0.63,12.83,0.63,0.68,312.8,0.61,5.36,0.69,"['1968-09-28', '1975-04-15', '1982-02-09', '2011-03-09', '2024-03-18']","[320.12, 324.52, 302.88, 346.05, 345.34]"
100641553158,Auckland,OmokoritoBay,1968-09-28,2024-03-18,55,5,5,29.26,42.42,0.53,0.07,0.63,311.5,0.59,12.05,0.68,0.7,310.94,0.58,5.1,0.73,"['1968-09-28', '1975-04-15', '1982-02-09', '2011-03-09', '2024-03-18']","[315.46, 324.22, 302.74, 345.15, 344.72]"
100641555598,Auckland,OmokoritoBay,1968-09-28,2024-03-18,55,5,5,28.53,40.71,0.51,0.07,0.6,311.93,0.59,12.06,0.66,0.67,311.13,0.56,4.95,0.72,"['1968-09-28', '1975-04-15', '1982-02-09', '2011-03-09', '2024-03-18']","[314.89, 325.55, 302.85, 343.56, 343.42]"
100641556582,Auckland,OmokoritoBay,1968-09-28,2024-03-18,55,5,5,28.82,40.12,0.52,0.07,0.55,313.71,0.65,13.34,0.57,0.63,311.98,0.56,4.91,0.7,"['1968-09-28', '1975-04-15', '1982-02-09', '2011-03-09', '2024-03-18']","[314.3, 330.84, 303.0, 341.82, 343.12]"
100641557447,Auckland,OmokoritoBay,1968-09-28,2024-03-18,55,5,5,27.59,38.52,0.5,0.07,0.48,315.75,0.68,13.95,0.48,0.57,313.07,0.54,4.71,0.67,"['1968-09-28', '1975-04-15', '1982-02-09', '2011-03-09', '2024-03-18']","[314.98, 334.54, 304.05, 339.31, 342.57]"
100641557992,Auckland,OmokoritoBay,1968-09-28,2024-03-18,55,5,5,25.33,35.88,0.46,0.07,0.41,318.02,0.71,14.56,0.38,0.5,314.89,0.54,4.73,0.61,"['1968-09-28', '1975-04-15', '1982-02-09', '2011-03-09', '2024-03-18']","[315.96, 338.0, 305.41, 337.64, 341.29]"
100641558653,Auckland,OmokoritoBay,1968-09-28,2024-03-18,55,5,5,21.88,33.55,0.39,0.07,0.34,320.05,0.72,14.78,0.29,0.43,316.99,0.55,4.79,0.53,"['1968-09-28', '1975-04-15', '1982-02-09', '2011-03-09', '2024-03-18']","[317.33, 340.17, 306.62, 336.69, 339.2]"
100641559101,Auckland,OmokoritoBay,1968-09-28,2024-03-18,55,5,5,19.31,33.76,0.35,0.07,0.29,321.82,0.72,14.71,0.23,0.38,318.56,0.54,4.74,0.48,"['1968-09-28', '1975-04-15', '1982-02-09', '2011-03-09', '2024-03-18']","[319.42, 341.44, 307.69, 336.19, 338.73]"
100641559686,Auckland,OmokoritoBay,1968-09-28,2024-03-18,55,5,5,17.35,31.3,0.31,0.07,0.28,322.48,0.67,13.67,0.25,0.37,319.42,0.51,4.49,0.49,"['1968-09-28', '1975-04-15', '1982-02-09', '2011-03-09', '2024-03-18']","[321.51, 339.97, 308.67, 336.65, 338.86]"
100641560419,Auckland,OmokoritoBay,1968-09-28,2024-03-18,55,5,5,16.74,30.65,0.3,0.07,0.29,323.39,0.65,13.41,0.26,0.38,320.3,0.51,4.45,0.51,"['1968-09-28', '1975-04-15', '1982-02-09', '2011-03-09', '2024-03-18']","[323.34, 340.01, 309.43, 337.74, 340.08]"
100641561242,Auckland,OmokoritoBay,1968-09-28,2024-03-18,55,5,5,15.8,30.55,0.28,0.07,0.27,324.22,0.65,13.32,0.23,0.36,321.06,0.5,4.39,0.48,"['1968-09-28', '1975-04-15', '1982-02-09', '2011-03-09', '2024-03-18']","[324.07, 340.71, 310.17, 337.49, 339.87]"
100641562242,Auckland,OmokoritoBay,1968-09-28,2024-03-18,55,5,5,13.29,30.68,0.24,0.07,0.22,324.97,0.65,13.24,0.17,0.31,321.81,0.5,4.36,0.42,"['1968-09-28', '1975-04-15', '1982-02-09', '2011-03-09', '2024-03-18']","[324.81, 341.1, 310.42, 336.21, 338.1]"
100641562854,Auckland,OmokoritoBay,1968-09-28,2024-03-18,55,5,5,10.67,30.65,0.19,0.07,0.16,325.81,0.64,13.07,0.11,0.26,322.13,0.48,4.25,0.35,"['1968-09-28', '1975-04-15', '1982-02-09', '2011-03-09', '2024-03-18']","[326.0, 341.32, 310.67, 333.71, 336.68]"
100641563854,Auckland,OmokoritoBay,1968-09-28,2024-03-18,55,5,5,6.08,30.48,0.11,0.07,0.09,327.1,0.63,12.84,0.04,0.19,323.63,0.48,4.21,0.22,"['1968-09-28', '1975-04-15', '1982-02-09', '2011-03-09', '2024-03-18']","[327.69, 341.54, 311.07, 332.35, 333.77]"
100641564853,Auckland,OmokoritoBay,1968-09-28,2024-03-18,55,5,5,1.87,29.83,0.03,0.07,0.05,328.29,0.61,12.57,0.01,0.13,325.69,0.49,4.32,0.12,"['1968-09-28', '1975-04-15', '1982-02-09', '2011-03-09', '2024-03-18']","[329.38, 341.45, 311.62, 333.16, 331.24]"
100641565568,Auckland,OmokoritoBay,1968-09-28,2024-03-18,55,5,5,-0.74,28.24,-0.01,0.07,0.01,329.04,0.59,11.99,0.0,0.09,327.47,0.5,4.42,0.05,"['1968-09-28', '1975-04-15', '1982-02-09', '2011-03-09', '2024-03-18']","[329.76, 341.18, 312.94, 334.05, 329.03]"
100641566567,Auckland,OmokoritoBay,1968-09-28,2024-03-18,55,5,5,2.77,28.09,0.05,0.07,0.05,329.02,0.57,11.77,0.01,0.12,326.75,0.46,4.02,0.12,"['1968-09-28', '1975-04-15', '1982-02-09', '2011-03-09', '2024-03-18']","[329.0, 342.08, 313.99, 333.83, 331.77]"
100641567445,Auckland,OmokoritoBay,1968-09-28,2024-03-18,55,5,5,4.43,30.37,0.08,0.07,0.05,329.52,0.62,12.65,0.01,0.13,326.96,0.48,4.19,0.12,"['1968-09-28', '1975-04-15', '1982-02-09', '2011-03-09', '2024-03-18']","[328.24, 344.5, 314.13, 334.12, 332.68]"
100641568443,Auckland,OmokoritoBay,1968-09-28,2024-03-18,55,5,5,2.9,32.64,0.05,0.07,0.02,331.24,0.66,13.52,0.0,0.11,328.49,0.51,4.49,0.08,"['1968-09-28', '1975-04-15', '1982-02-09', '2011-03-09', '2024-03-18']","[330.04, 346.93, 314.29, 334.9, 332.94]"
100641569441,Auckland,OmokoritoBay,1968-09-28,2024-03-18,55,5,5,1.48,32.56,0.03,0.07,-0.03,332.3,0.66,13.42,0.0,0.08,327.29,0.51,4.45,0.04,"['1968-09-28', '1975-04-15', '1982-02-09', '2011-03-09', '2024-03-18']","[332.5, 347.13, 314.57, 329.3, 333.98]"
100641570353,Auckland,OmokoritoBay,1968-09-28,2024-03-18,55,5,5,-0.45,32.78,-0.01,0.07,-0.01,333.31,0.66,13.6,0.0,0.09,329.64,0.51,4.51,0.06,"['1968-09-28', '1975-04-15', '1982-02-09', '2011-03-09', '2024-03-18']","[334.92, 347.18, 314.4, 334.55, 334.46]"
100641571350,Auckland,OmokoritoBay,1968-09-28,2024-03-18,55,5,5,-2.32,33.75,-0.04,0.07,-0.0,334.15,0.7,14.33,0.0,0.1,330.87,0.56,4.94,0.06,"['1968-09-28', '1975-04-15', '1982-02-09', '2011-03-09', '2024-03-18']","[337.29, 347.37, 313.61, 337.14, 334.97]"
100641572348,Auckland,OmokoritoBay,1968-09-28,2024-03-18,55,5,5,-1.73,34.32,-0.03,0.07,0.03,334.37,0.72,14.83,0.0,0.13,331.35,0.6,5.24,0.08,"['1968-09-28', '1975-04-15', '1982-02-09', '2011-03-09', '2024-03-18']","[338.12, 347.65, 313.33, 339.51, 336.39]"
100641573156,Auckland,OmokoritoBay,1968-09-28,2024-03-18,55,5,5,0.03,34.97,0.0,0.07,0.02,335.29,0.72,14.71,0.0,0.13,331.47,0.56,4.94,0.09,"['1968-09-28', '1975-04-15', '1982-02-09', '2011-03-09', '2024-03-18']","[337.8, 349.79, 314.82, 338.21, 337.83]"
100641574152,Auckland,OmokoritoBay,1968-09-28,2024-03-18,55,5,5,1.01,35.66,0.02,0.07,0.03,336.51,0.73,14.91,0.0,0.13,333.15,0.58,5.05,0.09,"['1968-09-28', '1975-04-15', '1982-02-09', '2011-03-09', '2024-03-18']","[337.86, 352.02, 316.36, 340.6, 338.86]"
100641575148,Auckland,OmokoritoBay,1968-09-28,2024-03-18,55,5,5,-1.48,35.93,-0.03,0.07,-0.02,338.35,0.73,14.9,0.0,0.08,335.58,0.59,5.16,0.03,"['1968-09-28', '1975-04-15', '1982-02-09', '2011-03-09', '2024-03-18']","[338.83, 353.93, 318.0, 341.42, 337.35]"
100641576145,Auckland,OmokoritoBay,1968-09-28,2024-03-18,55,5,5,-4.28,35.1,-0.08,0.07,-0.09,339.7,0.7,14.25,0.03,0.01,336.72,0.55,4.79,0.0,"['1968-09-28', '1975-04-15', '1982-02-09', '2011-03-09', '2024-03-18']","[339.57, 354.75, 319.65, 338.88, 335.29]"
100641577359,Auckland,OmokoritoBay,1968-09-28,2024-03-18,55,5,5,-4.93,35.22,-0.09,0.07,-0.12,340.19,0.69,14.14,0.05,-0.03,337.07,0.53,4.64,0.01,"['1968-09-28', '1975-04-15', '1982-02-09', '2011-03-09', '2024-03-18']","[339.0, 355.68, 320.46, 337.28, 334.08]"
100641578357,Auckland,OmokoritoBay,1968-09-28,2024-03-18,55,5,5,-4.02,35.51,-0.07,0.07,-0.11,340.5,0.7,14.36,0.04,-0.02,337.87,0.55,4.79,0.0,"['1968-09-28', '1975-04-15', '1982-02-09', '2011-03-09', '2024-03-18']","[338.42, 356.69, 321.19, 338.95, 334.39]"
100641579703,Auckland,OmokoritoBay,1968-09-28,2024-03-18,55,5,5,-1.42,35.45,-0.03,0.07,-0.06,339.79,0.71,14.5,0.01,0.02,337.31,0.56,4.88,0.0,"['1968-09-28', '1975-04-15', '1982-02-09', '2011-03-09', '2024-03-18']","[337.58, 356.47, 321.02, 340.64, 336.16]"
100641580702,Auckland,OmokoritoBay,1968-09-28,2024-03-18,55,5,5,1.34,33.86,0.02,0.07,-0.01,338.48,0.68,13.92,0.0,0.07,335.7,0.52,4.6,0.04,"['1968-09-28', '1975-04-15', '1982-02-09', '2011-03-09', '2024-03-18']","[336.74, 354.71, 320.85, 340.61, 338.08]"
100641582078,Auckland,OmokoritoBay,1968-09-28,2024-03-18,55,5,5,4.94,31.15,0.09,0.07,0.03,337.29,0.63,12.9,0.0,0.12,334.13,0.47,4.11,0.1,"['1968-09-28', '1975-04-15', '1982-02-09', '2011-03-09', '2024-03-18']","[335.22, 353.1, 321.95, 339.85, 340.16]"
100641583078,Auckland,OmokoritoBay,1968-09-28,2024-03-18,55,5,5,4.16,30.8,0.07,0.07,-0.01,337.52,0.63,12.85,0.0,0.06,334.89,0.46,4.02,0.03,"['1968-09-28', '1975-04-15', '1982-02-09', '2011-03-09', '2024-03-18']","[333.26, 354.08, 323.28, 338.55, 337.42]"
100641584048,Auckland,OmokoritoBay,1968-09-28,2024-03-18,55,5,5,6.18,29.04,0.11,0.07,0.0,336.64,0.61,12.51,0.0,0.06,334.28,0.43,3.79,0.03,"['1968-09-28', '1975-04-15', '1982-02-09', '2011-03-09', '2024-03-18']","[330.68, 353.56, 324.53, 337.65, 336.86]"
100641584763,Auckland,OmokoritoBay,1968-09-28,2024-03-18,55,5,5,11.53,26.9,0.21,0.07,0.08,334.47,0.61,12.43,0.03,0.12,332.71,0.42,3.71,0.13,"['1968-09-28', '1975-04-15', '1982-02-09', '2011-03-09', '2024-03-18']","[326.68, 352.22, 325.33, 338.91, 338.21]"
100641585354,Auckland,OmokoritoBay,1968-09-28,2024-03-18,55,5,5,15.66,27.0,0.28,0.07,0.14,332.27,0.59,12.11,0.1,0.17,331.3,0.41,3.64,0.23,"['1968-09-28', '1975-04-15', '1982-02-09', '2011-03-09', '2024-03-18']","[323.1, 350.09, 326.07, 340.0, 338.76]"
100641585946,Auckland,OmokoritoBay,1968-09-28,2024-03-18,55,5,5,18.68,25.87,0.34,0.07,0.2,330.53,0.55,11.26,0.2,0.23,329.78,0.39,3.39,0.39,"['1968-09-28', '1975-04-15', '1982-02-09', '2011-03-09', '2024-03-18']","[321.69, 347.56, 326.12, 340.84, 340.37]"
100641586922,Auckland,OmokoritoBay,1968-09-28,2024-03-18,55,5,5,20.13,24.11,0.36,0.07,0.24,328.77,0.5,10.18,0.31,0.26,328.49,0.36,3.15,0.48,"['1968-09-28', '1975-04-15', '1982-02-09', '2011-03-09', '2024-03-18']","[320.32, 344.42, 326.17, 341.08, 340.45]"
100641587888,Auckland,OmokoritoBay,1968-09-28,2024-03-18,55,5,5,42.35,42.35,0.76,0.07,0.6,321.74,0.54,11.06,0.69,0.56,323.89,0.42,3.71,0.76,"['1968-09-28', '1975-04-15', '1982-02-09', '2011-03-09', '2024-03-18']","[308.43, 338.29, 331.7, 350.17, 350.78]"
100641588832,Auckland,OmokoritoBay,1968-09-28,2024-03-18,55,5,5,43.54,44.85,0.79,0.07,0.62,321.55,0.6,12.24,0.66,0.57,324.31,0.5,4.35,0.71,"['1968-09-28', '1975-04-15', '1982-02-09', '2011-03-09', '2024-03-18']","[307.02, 339.4, 331.64, 351.86, 350.56]"
100641590086,Auckland,OmokoritoBay,1968-09-28,2024-03-18,55,5,5,45.63,47.56,0.82,0.07,0.64,321.5,0.65,13.39,0.64,0.59,324.44,0.54,4.77,0.68,"['1968-09-28', '1975-04-15', '1982-02-09', '2011-03-09', '2024-03-18']","[305.77, 341.03, 331.57, 353.33, 351.4]"
100641591911,Auckland,OmokoritoBay,1968-09-28,2024-03-18,55,5,5,47.35,50.01,0.85,0.07,0.66,321.74,0.71,14.51,0.61,0.6,324.97,0.59,5.19,0.65,"['1968-09-28', '1975-04-15', '1982-02-09', '2011-03-09', '2024-03-18']","[304.67, 342.57, 332.26, 354.68, 352.02]"
100641593844,Auckland,OmokoritoBay,1968-09-28,2024-03-18,55,5,5,50.6,52.51,0.91,0.07,0.72,320.58,0.69,14.12,0.67,0.66,324.06,0.58,5.12,0.7,"['1968-09-28', '1975-04-15', '1982-02-09', '2011-03-09', '2024-03-18']","[303.66, 340.76, 333.02, 356.17, 354.26]"
100641595814,Auckland,OmokoritoBay,1968-09-28,2024-03-18,55,5,5,52.9,52.9,0.95,0.07,0.78,320.22,0.62,12.69,0.74,0.72,323.46,0.52,4.6,0.78,"['1968-09-28', '1975-04-15', '1982-02-09', '2011-03-09', '2024-03-18']","[304.83, 338.9, 333.78, 357.73, 357.73]"
100641597672,Auckland,OmokoritoBay,1968-09-28,2024-03-18,55,5,5,55.73,55.73,1.0,0.07,0.85,318.93,0.55,11.2,0.82,0.79,321.79,0.46,4.03,0.85,"['1968-09-28', '1975-04-15', '1982-02-09', '2011-03-09', '2024-03-18']","[305.27, 336.35, 333.31, 358.76, 361.0]"
100641599154,Auckland,OmokoritoBay,1968-09-28,2024-03-18,55,5,5,58.64,58.64,1.06,0.07,0.9,316.57,0.54,11.0,0.84,0.84,319.48,0.45,3.95,0.87,"['1968-09-28', '1975-04-15', '1982-02-09', '2011-03-09', '2024-03-18']","[303.01, 333.79, 332.21, 358.51, 361.65]"
100641600948,Auckland,OmokoritoBay,1968-09-28,2024-03-18,55,5,5,61.86,61.86,1.12,0.07,0.97,314.23,0.55,11.22,0.85,0.92,317.15,0.48,4.23,0.87,"['1968-09-28', '1975-04-15', '1982-02-09', '2011-03-09', '2024-03-18']","[301.0, 332.89, 328.96, 359.99, 362.86]"
100641602865,Auckland,OmokoritoBay,1968-09-28,2024-03-18,55,5,5,61.64,61.64,1.11,0.07,1.0,313.63,0.56,11.44,0.85,0.96,316.46,0.53,4.66,0.86,"['1968-09-28', '1975-04-15', '1982-02-09', '2011-03-09', '2024-03-18']","[301.59, 333.56, 325.42, 361.69, 363.23]"
100641604256,Auckland,OmokoritoBay,1968-09-28,2024-03-18,55,5,5,63.89,63.89,1.15,0.07,1.04,313.32,0.56,11.38,0.87,1.02,315.5,0.51,4.48,0.88,"['1968-09-28', '1975-04-15', '1982-02-09', '2011-03-09', '2024-03-18']","[302.18, 334.22, 323.86, 362.93, 366.07]"
100641605527,Auckland,OmokoritoBay,1968-09-28,2024-03-18,55,5,5,67.65,67.65,1.22,0.07,1.09,312.51,0.57,11.76,0.87,1.07,313.96,0.48,4.19,0.9,"['1968-09-28', '1975-04-15', '1982-02-09', '2011-03-09', '2024-03-18']","[301.11, 334.89, 323.02, 363.09, 368.77]"
100641606522,Auckland,OmokoritoBay,1968-09-28,2024-03-18,55,5,5,70.53,70.53,1.27,0.07,1.12,311.79,0.6,12.26,0.87,1.11,312.44,0.45,3.94,0.92,"['1968-09-28', '1975-04-15', '1982-02-09', '2011-03-09', '2024-03-18']","[299.95, 335.55, 322.23, 362.23, 370.48]"
100641607517,Auckland,OmokoritoBay,1968-09-28,2024-03-18,55,5,5,71.95,71.95,1.3,0.07,1.14,310.93,0.59,12.04,0.87,1.14,311.32,0.43,3.78,0.93,"['1968-09-28', '1975-04-15', '1982-02-09', '2011-03-09', '2024-03-18']","[299.45, 334.72, 321.54, 362.03, 371.4]"
100641608511,Auckland,OmokoritoBay,1968-09-28,2024-03-18,55,5,5,73.73,73.73,1.33,0.07,1.16,310.01,0.57,11.74,0.88,1.17,309.75,0.39,3.46,0.94,"['1968-09-28', '1975-04-15', '1982-02-09', '2011-03-09', '2024-03-18']","[298.95, 333.85, 320.84, 360.94, 372.68]"
100641609383,Auckland,OmokoritoBay,1968-09-28,2024-03-18,55,5,5,73.38,73.38,1.32,0.07,1.14,309.91,0.55,11.36,0.89,1.14,309.34,0.36,3.19,0.95,"['1968-09-28', '1975-04-15', '1982-02-09', '2011-03-09', '2024-03-18']","[298.42, 332.99, 322.05, 358.4, 371.8]"
100641610379,Auckland,OmokoritoBay,1968-09-28,2024-03-18,55,5,5,71.94,71.94,1.3,0.07,1.09,309.93,0.55,11.22,0.88,1.09,309.2,0.35,3.11,0.95,"['1968-09-28', '1975-04-15', '1982-02-09', '2011-03-09', '2024-03-18']","[297.76, 332.12, 323.34, 355.28, 369.7]"
100641611374,Auckland,OmokoritoBay,1968-09-28,2024-03-18,55,5,5,70.15,70.15,1.26,0.07,1.0,312.51,0.64,13.08,0.82,0.99,312.0,0.42,3.69,0.91,"['1968-09-28', '1975-04-15', '1982-02-09', '2011-03-09', '2024-03-18']","[297.09, 335.43, 327.83, 353.09, 367.24]"
100641612370,Auckland,OmokoritoBay,1968-09-28,2024-03-18,55,5,5,68.67,68.67,1.24,0.07,0.93,315.3,0.75,15.32,0.74,0.89,315.55,0.5,4.35,0.86,"['1968-09-28', '1975-04-15', '1982-02-09', '2011-03-09', '2024-03-18']","[296.44, 339.28, 332.39, 352.98, 365.11]"
100641613627,Auckland,OmokoritoBay,1968-09-28,2024-03-18,55,5,5,67.84,67.84,1.22,0.07,0.85,318.23,0.88,18.08,0.63,0.8,318.5,0.59,5.21,0.77,"['1968-09-28', '1975-04-15', '1982-02-09', '2011-03-09', '2024-03-18']","[295.69, 344.08, 336.63, 351.41, 363.53]"
100641614986,Auckland,OmokoritoBay,1968-09-28,2024-03-18,55,5,5,66.68,66.68,1.2,0.07,0.79,320.09,0.97,19.85,0.55,0.72,320.81,0.66,5.83,0.68,"['1968-09-28', '1975-04-15', '1982-02-09', '2011-03-09', '2024-03-18']","[294.93, 345.91, 340.86, 350.02, 361.61]"
100641615977,Auckland,OmokoritoBay,1968-09-28,2024-03-18,55,5,5,64.57,64.57,1.16,0.07,0.75,321.19,0.98,20.1,0.52,0.66,322.86,0.68,6.0,0.63,"['1968-09-28', '1975-04-15', '1982-02-09', '2011-03-09', '2024-03-18']","[295.36, 344.67, 344.68, 349.9, 359.93]"
100641616967,Auckland,OmokoritoBay,1968-09-28,2024-03-18,55,5,5,61.77,61.77,1.11,0.07,0.74,320.72,0.92,18.84,0.55,0.64,323.19,0.65,5.7,0.64,"['1968-09-28', '1975-04-15', '1982-02-09', '2011-03-09', '2024-03-18']","[296.42, 341.15, 345.24, 349.96, 358.19]"
100641617349,Auckland,OmokoritoBay,1968-09-28,2024-03-18,55,5,5,61.03,61.03,1.1,0.07,0.74,319.84,0.9,18.41,0.56,0.64,322.75,0.64,5.65,0.64,"['1968-09-28', '1975-04-15', '1982-02-09', '2011-03-09', '2024-03-18']","[296.21, 338.37, 345.68, 349.47, 357.24]"
100641618129,Auckland,OmokoritoBay,1968-09-28,2024-03-18,55,5,5,60.13,60.13,1.08,0.07,0.74,319.53,0.87,17.87,0.57,0.63,322.28,0.63,5.56,0.64,"['1968-09-28', '1975-04-15', '1982-02-09', '2011-03-09', '2024-03-18']","[296.8, 336.56, 345.94, 348.23, 356.93]"
100641618604,Auckland,OmokoritoBay,1968-09-28,2024-03-18,55,5,5,56.58,56.58,1.02,0.07,0.67,320.58,0.87,17.72,0.53,0.56,323.11,0.64,5.6,0.59,"['1968-09-28', '1975-04-15', '1982-02-09', '2011-03-09', '2024-03-18']","[298.3, 336.22, 346.87, 345.79, 354.88]"
100641618926,Auckland,OmokoritoBay,1968-09-28,2024-03-18,55,5,5,53.68,53.68,0.97,0.07,0.6,321.76,0.89,18.2,0.45,0.49,323.54,0.69,6.02,0.49,"['1968-09-28', '1975-04-15', '1982-02-09', '2011-03-09', '2024-03-18']","[299.45, 336.22, 348.52, 341.68, 353.12]"
100641619717,Auckland,OmokoritoBay,1968-09-28,2024-03-18,55,5,5,53.18,53.18,0.96,0.07,0.6,322.26,0.9,18.34,0.46,0.49,325.02,0.67,5.91,0.49,"['1968-09-28', '1975-04-15', '1982-02-09', '2011-03-09', '2024-03-18']","[299.66, 336.17, 349.73, 344.07, 352.84]"
100641619718,Auckland,OmokoritoBay,1968-09-28,2024-03-18,55,5,5,52.93,52.93,0.95,0.07,0.6,322.72,0.91,18.62,0.45,0.48,325.81,0.68,6.0,0.47,"['1968-09-28', '1975-04-15', '1982-02-09', '2011-03-09', '2024-03-18']","[299.88, 336.17, 350.88, 344.72, 352.81]"
100641620650,Auckland,OmokoritoBay,1968-09-28,2024-03-18,55,5,5,52.98,52.98,0.96,0.07,0.61,323.12,0.92,18.83,0.45,0.48,326.6,0.69,6.06,0.47,"['1968-09-28', '1975-04-15', '1982-02-09', '2011-03-09', '2024-03-18']","[300.09, 336.23, 351.9, 345.84, 353.07]"
100641620651,Auckland,OmokoritoBay,1968-09-28,2024-03-18,55,5,5,52.58,52.58,0.95,0.07,0.62,324.0,0.91,18.64,0.46,0.48,328.15,0.68,5.99,0.48,"['1968-09-28', '1975-04-15', '1982-02-09', '2011-03-09', '2024-03-18']","[301.22, 336.59, 352.94, 348.54, 353.81]"
100641621427,Auckland,OmokoritoBay,1968-09-28,2024-03-18,55,5,5,51.91,52.05,0.94,0.07,0.63,325.13,0.91,18.71,0.47,0.49,330.37,0.7,6.13,0.47,"['1968-09-28', '1975-04-15', '1982-02-09', '2011-03-09', '2024-03-18']","[302.36, 337.14, 354.42, 352.21, 354.27]"
100641621771,Auckland,OmokoritoBay,1968-09-28,2024-03-18,55,5,5,49.64,53.2,0.89,0.07,0.64,325.43,0.94,19.21,0.46,0.46,332.52,0.77,6.76,0.4,"['1968-09-28', '1975-04-15', '1982-02-09', '2011-03-09', '2024-03-18']","[302.92, 335.27, 356.12, 355.49, 352.56]"
100641622746,Auckland,OmokoritoBay,1968-09-28,2024-03-18,55,5,5,53.91,57.22,0.97,0.07,0.7,324.3,1.01,20.65,0.47,0.51,331.95,0.83,7.28,0.41,"['1968-09-28', '1975-04-15', '1982-02-09', '2011-03-09', '2024-03-18']","[300.03, 335.15, 357.25, 357.17, 353.94]"
100641624303,Auckland,OmokoritoBay,1968-09-28,2024-03-18,55,5,5,58.24,60.05,1.05,0.07,0.75,323.3,1.02,20.98,0.5,0.57,330.64,0.83,7.27,0.47,"['1968-09-28', '1975-04-15', '1982-02-09', '2011-03-09', '2024-03-18']","[298.13, 335.93, 356.69, 358.18, 356.38]"
100641629917,Auckland,OmokoritoBay,1968-09-28,2024-03-18,55,5,5,61.04,61.6,1.1,0.07,0.79,322.6,1.02,20.99,0.53,0.61,329.63,0.82,7.17,0.51,"['1968-09-28', '1975-04-15', '1982-02-09', '2011-03-09', '2024-03-18']","[297.16, 336.26, 356.12, 358.76, 358.2]"
100641630732,Auckland,OmokoritoBay,1968-09-28,2024-03-18,55,5,5,61.75,61.75,1.11,0.07,0.8,322.01,1.01,20.76,0.53,0.63,328.66,0.8,7.01,0.53,"['1968-09-28', '1975-04-15', '1982-02-09', '2011-03-09', '2024-03-18']","[296.54, 336.54, 354.79, 358.09, 358.29]"
100641631727,Auckland,OmokoritoBay,1968-09-28,2024-03-18,55,5,5,62.54,62.54,1.13,0.07,0.8,321.69,0.99,20.23,0.55,0.64,327.36,0.75,6.62,0.57,"['1968-09-28', '1975-04-15', '1982-02-09', '2011-03-09', '2024-03-18']","[296.17, 338.54, 352.02, 356.93, 358.71]"
100641632721,Auckland,OmokoritoBay,1968-09-28,2024-03-18,55,5,5,58.22,58.69,1.05,0.07,0.75,321.58,0.94,19.32,0.54,0.6,327.38,0.74,6.47,0.55,"['1968-09-28', '1975-04-15', '1982-02-09', '2011-03-09', '2024-03-18']","[297.07, 338.31, 349.25, 355.76, 355.29]"
100641634199,Auckland,OmokoritoBay,1968-09-28,2024-03-18,55,5,5,54.84,57.33,0.99,0.07,0.71,321.71,0.9,18.48,0.53,0.57,327.65,0.73,6.39,0.53,"['1968-09-28', '1975-04-15', '1982-02-09', '2011-03-09', '2024-03-18']","[298.23, 338.46, 346.95, 355.56, 353.06]"
100641635190,Auckland,OmokoritoBay,1968-09-28,2024-03-18,55,5,5,54.5,56.75,0.98,0.07,0.7,322.17,0.9,18.42,0.53,0.56,327.79,0.72,6.29,0.53,"['1968-09-28', '1975-04-15', '1982-02-09', '2011-03-09', '2024-03-18']","[298.6, 339.82, 346.26, 355.36, 353.1]"
100641636429,Auckland,OmokoritoBay,1968-09-28,2024-03-18,55,5,5,58.26,58.26,1.05,0.07,0.73,321.56,0.92,18.79,0.54,0.61,326.26,0.69,6.06,0.59,"['1968-09-28', '1975-04-15', '1982-02-09', '2011-03-09', '2024-03-18']","[297.27, 341.13, 345.58, 354.8, 355.53]"
100641637417,Auckland,OmokoritoBay,1968-09-28,2024-03-18,55,5,5,59.9,59.9,1.08,0.07,0.73,321.76,0.97,19.96,0.51,0.6,326.27,0.72,6.28,0.57,"['1968-09-28', '1975-04-15', '1982-02-09', '2011-03-09', '2024-03-18']","[295.93, 342.34, 346.84, 354.01, 355.83]"
100641638405,Auckland,OmokoritoBay,1968-09-28,2024-03-18,55,5,5,59.43,59.43,1.07,0.07,0.72,321.82,0.98,20.01,0.5,0.59,326.49,0.72,6.32,0.55,"['1968-09-28', '1975-04-15', '1982-02-09', '2011-03-09', '2024-03-18']","[296.03, 341.0, 348.39, 353.24, 355.47]"
100641640852,Auckland,OmokoritoBay,1968-09-28,2024-03-18,55,5,5,57.15,57.15,1.03,0.07,0.71,321.36,0.94,19.27,0.51,0.57,326.4,0.71,6.22,0.54,"['1968-09-28', '1975-04-15', '1982-02-09', '2011-03-09', '2024-03-18']","[296.79, 338.26, 348.56, 352.44, 353.94]"
100641642515,Auckland,OmokoritoBay,1968-09-28,2024-03-18,55,5,5,51.27,54.54,0.92,0.07,0.62,321.73,0.96,19.71,0.44,0.47,328.0,0.77,6.72,0.41,"['1968-09-28', '1975-04-15', '1982-02-09', '2011-03-09', '2024-03-18']","[296.85, 337.51, 348.28, 351.39, 348.11]"
100641643467,Auckland,OmokoritoBay,1968-09-28,2024-03-18,55,5,5,48.52,53.7,0.87,0.07,0.56,322.69,1.01,20.65,0.36,0.4,329.12,0.8,7.06,0.31,"['1968-09-28', '1975-04-15', '1982-02-09', '2011-03-09', '2024-03-18']","[296.38, 339.98, 347.79, 350.08, 344.9]"
100641644420,Auckland,OmokoritoBay,1968-09-28,2024-03-18,55,5,5,49.4,52.79,0.89,0.07,0.53,323.56,1.05,21.41,0.33,0.39,329.16,0.79,6.96,0.31,"['1968-09-28', '1975-04-15', '1982-02-09', '2011-03-09', '2024-03-18']","[295.96, 343.11, 347.67, 348.75, 345.36]"
100641644487,Auckland,OmokoritoBay,1968-09-28,2024-03-18,55,5,5,49.25,52.66,0.89,0.07,0.51,325.33,1.09,22.29,0.29,0.37,330.57,0.81,7.1,0.28,"['1968-09-28', '1975-04-15', '1982-02-09', '2011-03-09', '2024-03-18']","[296.48, 347.09, 347.99, 349.13, 345.73]"
100641645257,Auckland,OmokoritoBay,1968-09-28,2024-03-18,55,5,5,47.52,50.97,0.86,0.07,0.47,325.93,1.09,22.28,0.25,0.33,330.74,0.8,6.98,0.24,"['1968-09-28', '1975-04-15', '1982-02-09', '2011-03-09', '2024-03-18']","[297.06, 348.03, 347.57, 347.45, 344.58]"
100641645258,Auckland,OmokoritoBay,1968-09-28,2024-03-18,55,5,5,42.65,48.99,0.77,0.07,0.41,326.33,1.06,21.71,0.21,0.27,331.72,0.8,7.01,0.17,"['1968-09-28', '1975-04-15', '1982-02-09', '2011-03-09', '2024-03-18']","[298.26, 346.74, 347.25, 346.29, 340.91]"
100641645805,Auckland,OmokoritoBay,1968-09-28,2024-03-18,55,5,5,36.2,47.51,0.65,0.07,0.33,326.67,1.04,21.24,0.16,0.18,333.13,0.83,7.31,0.08,"['1968-09-28', '1975-04-15', '1982-02-09', '2011-03-09', '2024-03-18']","[299.46, 344.76, 346.96, 345.13, 335.66]"
100641646009,Auckland,OmokoritoBay,1968-09-28,2024-03-18,55,5,5,27.21,44.17,0.49,0.07,0.22,326.18,0.95,19.41,0.09,0.06,333.0,0.79,6.97,0.01,"['1968-09-28', '1975-04-15', '1982-02-09', '2011-03-09', '2024-03-18']","[301.75, 339.49, 345.92, 340.14, 328.96]"
100641646010,Auckland,OmokoritoBay,1968-09-28,2024-03-18,55,5,5,16.12,40.35,0.29,0.07,0.06,326.62,0.88,18.05,0.01,-0.1,333.71,0.77,6.72,0.03,"['1968-09-28', '1975-04-15', '1982-02-09', '2011-03-09', '2024-03-18']","[304.54, 335.62, 344.89, 334.06, 320.66]"
100641646700,Auckland,OmokoritoBay,1968-09-28,2024-03-18,55,5,5,5.89,36.98,0.11,0.07,-0.1,329.27,0.89,18.28,0.02,-0.26,337.39,0.85,7.48,0.15,"['1968-09-28', '1975-04-15', '1982-02-09', '2011-03-09', '2024-03-18']","[307.22, 337.64, 344.21, 332.65, 313.11]"
100641646701,Auckland,OmokoritoBay,1968-09-28,2024-03-18,55,5,5,-0.1,32.72,-0.0,0.07,-0.18,330.74,0.87,17.92,0.08,-0.33,338.74,0.9,7.92,0.2,"['1968-09-28', '1975-04-15', '1982-02-09', '2011-03-09', '2024-03-18']","[309.18, 341.81, 339.45, 332.53, 309.09]"
100641647345,Auckland,OmokoritoBay,1968-09-28,2024-03-18,55,5,5,-0.4,34.96,-0.01,0.07,-0.16,331.4,0.87,17.78,0.06,-0.28,339.03,0.96,8.45,0.14,"['1968-09-28', '1975-04-15', '1982-02-09', '2011-03-09', '2024-03-18']","[311.14, 345.7, 334.59, 336.23, 310.74]"
100641647406,Auckland,OmokoritoBay,1968-09-28,2024-03-18,55,5,5,8.03,38.15,0.14,0.07,-0.04,331.53,0.88,17.93,0.0,-0.14,337.88,0.89,7.79,0.05,"['1968-09-28', '1975-04-15', '1982-02-09', '2011-03-09', '2024-03-18']","[310.86, 349.01, 334.6, 339.85, 318.89]"
100641648132,Auckland,OmokoritoBay,1968-09-28,2024-03-18,55,5,5,20.43,38.82,0.37,0.07,0.14,330.76,0.83,17.04,0.05,0.05,335.79,0.73,6.41,0.01,"['1968-09-28', '1975-04-15', '1982-02-09', '2011-03-09', '2024-03-18']","[309.86, 348.67, 338.45, 343.28, 330.28]"
100641648538,Auckland,OmokoritoBay,1968-09-28,2024-03-18,55,5,5,27.33,38.19,0.49,0.07,0.25,330.82,0.8,16.35,0.15,0.16,335.18,0.65,5.71,0.1,"['1968-09-28', '1975-04-15', '1982-02-09', '2011-03-09', '2024-03-18']","[310.23, 348.41, 341.32, 346.09, 337.56]"
100641649115,Auckland,OmokoritoBay,1968-09-28,2024-03-18,55,5,5,29.38,36.44,0.53,0.07,0.27,330.62,0.76,15.59,0.19,0.18,334.26,0.58,5.07,0.16,"['1968-09-28', '1975-04-15', '1982-02-09', '2011-03-09', '2024-03-18']","[310.6, 347.04, 342.83, 344.93, 339.98]"
100641650062,Auckland,OmokoritoBay,1968-09-28,2024-03-18,55,5,5,31.22,34.71,0.56,0.07,0.32,329.91,0.71,14.57,0.28,0.23,333.64,0.54,4.76,0.25,"['1968-09-28', '1975-04-15', '1982-02-09', '2011-03-09', '2024-03-18']","[311.09, 344.06, 344.34, 345.8, 342.31]"
100641651008,Auckland,OmokoritoBay,1968-09-28,2024-03-18,55,5,5,30.48,35.68,0.55,0.07,0.37,327.94,0.63,12.9,0.39,0.27,332.64,0.54,4.74,0.31,"['1968-09-28', '1975-04-15', '1982-02-09', '2011-03-09', '2024-03-18']","[311.74, 338.48, 343.72, 347.42, 342.22]"
100641657260,Auckland,OmokoritoBay,1968-09-28,2024-03-18,55,5,5,29.4,32.52,0.53,0.07,0.38,325.55,0.56,11.53,0.45,0.27,329.92,0.47,4.17,0.38,"['1968-09-28', '1975-04-15', '1982-02-09', '2011-03-09', '2024-03-18']","[311.56, 332.9, 342.53, 344.08, 340.95]"
100641658683,Auckland,OmokoritoBay,1968-09-28,2024-03-18,55,5,5,29.19,31.97,0.53,0.07,0.35,325.38,0.57,11.77,0.4,0.26,329.08,0.46,4.04,0.37,"['1968-09-28', '1975-04-15', '1982-02-09', '2011-03-09', '2024-03-18']","[310.38, 335.52, 339.94, 342.35, 339.57]"
100641660114,Auckland,OmokoritoBay,1968-09-28,2024-03-18,55,5,5,27.45,31.47,0.49,0.07,0.29,326.07,0.63,12.87,0.28,0.22,329.22,0.49,4.28,0.27,"['1968-09-28', '1975-04-15', '1982-02-09', '2011-03-09', '2024-03-18']","[309.63, 340.22, 336.53, 341.1, 337.08]"
100641661109,Auckland,OmokoritoBay,1968-09-28,2024-03-18,55,5,5,23.93,31.07,0.43,0.07,0.23,328.19,0.62,12.72,0.2,0.17,330.73,0.47,4.13,0.2,"['1968-09-28', '1975-04-15', '1982-02-09', '2011-03-09', '2024-03-18']","[312.33, 343.4, 335.39, 340.6, 336.27]"
100641662541,Auckland,OmokoritoBay,1968-09-28,2024-03-18,55,5,5,22.97,30.01,0.41,0.07,0.22,328.75,0.59,12.17,0.2,0.17,330.94,0.44,3.89,0.21,"['1968-09-28', '1975-04-15', '1982-02-09', '2011-03-09', '2024-03-18']","[313.71, 343.71, 335.04, 340.45, 336.68]"
100641664014,Auckland,OmokoritoBay,1968-09-28,2024-03-18,55,5,5,25.63,28.57,0.46,0.07,0.27,328.04,0.56,11.51,0.3,0.22,330.09,0.41,3.6,0.34,"['1968-09-28', '1975-04-15', '1982-02-09', '2011-03-09', '2024-03-18']","[313.53, 342.1, 335.93, 341.15, 339.16]"
100641665000,Auckland,OmokoritoBay,1968-09-28,2024-03-18,55,5,5,25.98,28.01,0.47,0.07,0.29,327.32,0.54,11.0,0.34,0.23,329.55,0.4,3.51,0.38,"['1968-09-28', '1975-04-15', '1982-02-09', '2011-03-09', '2024-03-18']","[313.35, 340.48, 335.86, 341.36, 339.33]"
100641665987,Auckland,OmokoritoBay,1968-09-28,2024-03-18,55,5,5,24.0,25.9,0.43,0.07,0.26,326.04,0.5,10.32,0.33,0.22,327.96,0.37,3.27,0.38,"['1968-09-28', '1975-04-15', '1982-02-09', '2011-03-09', '2024-03-18']","[313.09, 338.85, 333.18, 338.99, 337.08]"
100641666974,Auckland,OmokoritoBay,1968-09-28,2024-03-18,55,5,5,24.01,25.93,0.43,0.07,0.26,325.22,0.5,10.34,0.33,0.22,326.98,0.37,3.23,0.39,"['1968-09-28', '1975-04-15', '1982-02-09', '2011-03-09', '2024-03-18']","[312.29, 338.22, 332.13, 337.86, 336.3]"
100641667961,Auckland,OmokoritoBay,1968-09-28,2024-03-18,55,5,5,25.63,27.96,0.46,0.07,0.28,324.92,0.54,10.96,0.33,0.24,326.4,0.38,3.34,0.42,"['1968-09-28', '1975-04-15', '1982-02-09', '2011-03-09', '2024-03-18']","[311.48, 339.44, 331.1, 338.23, 337.12]"
100641668532,Auckland,OmokoritoBay,1968-09-28,2024-03-18,55,5,5,28.6,29.03,0.52,0.07,0.32,324.31,0.55,11.22,0.39,0.29,325.59,0.38,3.36,0.51,"['1968-09-28', '1975-04-15', '1982-02-09', '2011-03-09', '2024-03-18']","[310.68, 339.72, 330.78, 339.36, 339.28]"
100641669166,Auckland,OmokoritoBay,1968-09-28,2024-03-18,55,5,5,30.21,31.27,0.54,0.07,0.38,322.94,0.52,10.65,0.49,0.33,324.84,0.39,3.43,0.57,"['1968-09-28', '1975-04-15', '1982-02-09', '2011-03-09', '2024-03-18']","[309.88, 337.42, 330.53, 341.15, 340.09]"
100641669712,Auckland,OmokoritoBay,1968-09-28,2024-03-18,55,5,5,29.77,30.03,0.54,0.07,0.36,323.78,0.52,10.59,0.48,0.32,325.36,0.37,3.28,0.58,"['1968-09-28', '1975-04-15', '1982-02-09', '2011-03-09', '2024-03-18']","[310.79, 338.29, 331.11, 340.81, 340.55]"
100641670636,Auckland,OmokoritoBay,1968-09-28,2024-03-18,55,5,5,27.09,27.09,0.49,0.07,0.31,324.95,0.51,10.44,0.4,0.27,326.15,0.35,3.1,0.52,"['1968-09-28', '1975-04-15', '1982-02-09', '2011-03-09', '2024-03-18']","[312.06, 339.01, 331.73, 338.77, 339.15]"
100641671011,Auckland,OmokoritoBay,1968-09-28,2024-03-18,55,5,5,22.33,23.87,0.4,0.07,0.22,325.55,0.47,9.6,0.29,0.18,326.5,0.32,2.79,0.37,"['1968-09-28', '1975-04-15', '1982-02-09', '2011-03-09', '2024-03-18']","[313.33, 337.2, 332.8, 334.51, 335.66]"
100641671621,Auckland,OmokoritoBay,1968-09-28,2024-03-18,55,5,5,20.08,21.74,0.36,0.07,0.2,326.02,0.43,8.9,0.29,0.16,327.53,0.31,2.71,0.33,"['1968-09-28', '1975-04-15', '1982-02-09', '2011-03-09', '2024-03-18']","[314.6, 336.34, 333.12, 335.42, 334.69]"
100641672309,Auckland,OmokoritoBay,1968-09-28,2024-03-18,55,5,5,18.93,21.83,0.34,0.07,0.22,325.94,0.4,8.23,0.36,0.18,327.81,0.32,2.84,0.37,"['1968-09-28', '1975-04-15', '1982-02-09', '2011-03-09', '2024-03-18']","[315.86, 336.32, 331.06, 337.69, 334.79]"
100641672567,Auckland,OmokoritoBay,1968-09-28,2024-03-18,55,5,5,19.42,22.69,0.35,0.07,0.26,325.9,0.37,7.53,0.47,0.22,327.82,0.32,2.84,0.46,"['1968-09-28', '1975-04-15', '1982-02-09', '2011-03-09', '2024-03-18']","[317.13, 335.98, 330.16, 339.82, 336.55]"
100641673449,Auckland,OmokoritoBay,1968-09-28,2024-03-18,55,5,5,21.04,21.04,0.38,0.07,0.3,326.73,0.26,5.24,0.72,0.29,327.52,0.2,1.71,0.8,"['1968-09-28', '1975-04-15', '1982-02-09', '2011-03-09', '2024-03-18']","[320.67, 335.09, 330.95, 340.87, 341.71]"
100641673554,Auckland,OmokoritoBay,1968-09-28,2024-03-18,55,5,5,19.76,20.53,0.36,0.07,0.31,328.95,0.24,4.91,0.76,0.3,329.96,0.23,2.02,0.76,"['1968-09-28', '1975-04-15', '1982-02-09', '2011-03-09', '2024-03-18']","[324.39, 337.04, 331.37, 344.93, 344.16]"
100641677558,Auckland,OmokoritoBay,1968-09-28,2024-03-18,55,5,5,19.83,19.96,0.36,0.07,0.32,316.65,0.25,5.2,0.75,0.33,317.15,0.23,2.04,0.78,"['1968-09-28', '1975-04-15', '1982-02-09', '2011-03-09', '2024-03-18']","[312.9, 325.44, 317.37, 332.86, 332.73]"
100641678386,Auckland,OmokoritoBay,1968-09-28,2024-03-18,55,5,5,19.73,19.93,0.36,0.07,0.33,312.54,0.32,6.56,0.67,0.35,312.55,0.29,2.51,0.74,"['1968-09-28', '1975-04-15', '1982-02-09', '2011-03-09', '2024-03-18']","[309.75, 322.83, 310.36, 329.68, 329.47]"
100641678610,Auckland,OmokoritoBay,1968-09-28,2024-03-18,55,5,5,16.65,19.27,0.3,0.07,0.28,310.08,0.33,6.82,0.57,0.29,310.69,0.33,2.87,0.59,"['1968-09-28', '1975-04-15', '1982-02-09', '2011-03-09', '2024-03-18']","[306.56, 320.19, 307.67, 325.83, 323.21]"
100641679170,Auckland,OmokoritoBay,1968-09-28,2024-03-18,55,5,5,17.18,19.04,0.31,0.07,0.28,308.03,0.36,7.29,0.53,0.3,308.27,0.32,2.84,0.61,"['1968-09-28', '1975-04-15', '1982-02-09', '2011-03-09', '2024-03-18']","[304.32, 319.0, 304.98, 323.36, 321.51]"
100641679838,Auckland,OmokoritoBay,1968-09-28,2024-03-18,55,5,5,14.06,17.9,0.25,0.07,0.24,308.48,0.35,7.2,0.46,0.26,308.26,0.31,2.73,0.57,"['1968-09-28', '1975-04-15', '1982-02-09', '2011-03-09', '2024-03-18']","[306.09, 318.72, 303.74, 321.64, 320.15]"
100641680175,Auckland,OmokoritoBay,1968-09-28,2024-03-18,55,5,5,12.12,14.51,0.22,0.07,0.2,309.99,0.28,5.81,0.48,0.22,309.82,0.25,2.18,0.59,"['1968-09-28', '1975-04-15', '1982-02-09', '2011-03-09', '2024-03-18']","[307.86, 318.44, 306.48, 320.99, 319.98]"
100641680754,Auckland,OmokoritoBay,1968-09-28,2024-03-18,55,5,5,12.38,15.36,0.22,0.07,0.17,313.66,0.36,7.41,0.3,0.2,313.32,0.29,2.54,0.46,"['1968-09-28', '1975-04-15', '1982-02-09', '2011-03-09', '2024-03-18']","[309.62, 324.57, 309.22, 323.4, 322.0]"
100641681546,Auckland,OmokoritoBay,1968-09-28,2024-03-18,55,5,5,14.46,16.57,0.26,0.07,0.21,317.24,0.37,7.67,0.36,0.22,317.34,0.31,2.75,0.48,"['1968-09-28', '1975-04-15', '1982-02-09', '2011-03-09', '2024-03-18']","[312.32, 328.71, 313.84, 328.89, 326.77]"
100641682027,Auckland,OmokoritoBay,1968-09-28,2024-03-18,55,5,5,18.83,20.32,0.34,0.07,0.3,320.19,0.34,7.06,0.58,0.31,320.57,0.31,2.71,0.65,"['1968-09-28', '1975-04-15', '1982-02-09', '2011-03-09', '2024-03-18']","[315.77, 331.22, 318.46, 336.08, 334.6]"
100641682673,Auckland,OmokoritoBay,1968-09-28,2024-03-18,55,5,5,22.72,22.72,0.41,0.07,0.3,327.21,0.46,9.33,0.44,0.31,326.68,0.32,2.81,0.64,"['1968-09-28', '1975-04-15', '1982-02-09', '2011-03-09', '2024-03-18']","[319.64, 342.14, 325.59, 341.23, 342.36]"
100641683366,Auckland,OmokoritoBay,1968-09-28,2024-03-18,55,5,5,21.47,24.62,0.39,0.07,0.25,332.7,0.49,10.02,0.32,0.26,332.11,0.33,2.9,0.53,"['1968-09-28', '1975-04-15', '1982-02-09', '2011-03-09', '2024-03-18']","[323.69, 348.31, 331.32, 344.05, 345.16]"
100641684237,Auckland,OmokoritoBay,1968-09-28,2024-03-18,55,5,5,19.4,22.68,0.35,0.07,0.22,335.45,0.47,9.56,0.3,0.24,334.52,0.32,2.77,0.52,"['1968-09-28', '1975-04-15', '1982-02-09', '2011-03-09', '2024-03-18']","[327.68, 350.37, 332.81, 345.65, 347.08]"
100641685209,Auckland,OmokoritoBay,1968-09-28,2024-03-18,55,5,5,17.37,19.9,0.31,0.07,0.21,337.91,0.43,8.75,0.3,0.23,336.73,0.29,2.55,0.54,"['1968-09-28', '1975-04-15', '1982-02-09', '2011-03-09', '2024-03-18']","[331.67, 351.57, 334.43, 347.25, 349.04]"
100641686182,Auckland,OmokoritoBay,1968-09-28,2024-03-18,55,5,5,14.28,17.01,0.26,0.07,0.17,341.22,0.39,8.03,0.26,0.21,339.59,0.27,2.37,0.52,"['1968-09-28', '1975-04-15', '1982-02-09', '2011-03-09', '2024-03-18']","[336.77, 353.44, 336.43, 348.59, 351.05]"
100641687154,Auckland,OmokoritoBay,1968-09-28,2024-03-18,55,5,5,12.03,16.56,0.22,0.07,0.15,344.12,0.37,7.51,0.23,0.19,342.35,0.26,2.26,0.49,"['1968-09-28', '1975-04-15', '1982-02-09', '2011-03-09', '2024-03-18']","[340.84, 355.21, 338.64, 350.36, 352.87]"
100641688869,Auckland,OmokoritoBay,1968-09-28,2024-03-18,55,5,5,10.16,15.37,0.18,0.07,0.12,346.81,0.34,6.92,0.2,0.16,345.39,0.24,2.1,0.45,"['1968-09-28', '1975-04-15', '1982-02-09', '2011-03-09', '2024-03-18']","[343.78, 356.91, 341.54, 352.52, 353.94]"
100641691197,Auckland,OmokoritoBay,1968-09-28,2024-03-18,55,5,5,8.46,11.86,0.15,0.07,0.12,348.12,0.27,5.58,0.25,0.14,347.74,0.21,1.89,0.42,"['1968-09-28', '1975-04-15', '1982-02-09', '2011-03-09', '2024-03-18']","[345.32, 356.22, 344.36, 354.72, 353.77]"
100641693955,Auckland,OmokoritoBay,1968-09-28,2024-03-18,55,5,5,11.29,14.27,0.2,0.07,0.16,347.32,0.28,5.65,0.38,0.15,348.15,0.25,2.23,0.4,"['1968-09-28', '1975-04-15', '1982-02-09', '2011-03-09', '2024-03-18']","[342.51, 355.53, 346.57, 356.78, 353.8]"
100641695301,Auckland,OmokoritoBay,1968-09-28,2024-03-18,55,5,5,18.03,21.47,0.33,0.07,0.23,344.43,0.36,7.43,0.43,0.2,346.28,0.32,2.8,0.42,"['1968-09-28', '1975-04-15', '1982-02-09', '2011-03-09', '2024-03-18']","[335.79, 354.3, 348.26, 357.26, 353.82]"
100641696054,Auckland,OmokoritoBay,1968-09-28,2024-03-18,55,5,5,18.71,18.71,0.34,0.07,0.24,341.03,0.34,6.97,0.48,0.24,340.86,0.23,2.05,0.67,"['1968-09-28', '1975-04-15', '1982-02-09', '2011-03-09', '2024-03-18']","[334.45, 352.22, 341.44, 352.01, 353.15]"
100641696741,Auckland,OmokoritoBay,1968-09-28,2024-03-18,55,5,5,12.21,16.95,0.22,0.07,0.15,340.54,0.38,7.74,0.22,0.19,338.98,0.27,2.33,0.48,"['1968-09-28', '1975-04-15', '1982-02-09', '2011-03-09', '2024-03-18']","[336.86, 352.01, 335.06, 347.31, 349.07]"
100641697429,Auckland,OmokoritoBay,1968-09-28,2024-03-18,55,5,5,4.53,17.41,0.08,0.07,0.03,342.6,0.36,7.29,0.02,0.09,340.21,0.26,2.32,0.17,"['1968-09-28', '1975-04-15', '1982-02-09', '2011-03-09', '2024-03-18']","[341.39, 351.8, 334.39, 343.44, 345.92]"
100641698193,Auckland,OmokoritoBay,1968-09-28,2024-03-18,55,5,5,3.1,16.38,0.06,0.07,0.02,342.69,0.33,6.85,0.0,0.07,340.11,0.26,2.27,0.13,"['1968-09-28', '1975-04-15', '1982-02-09', '2011-03-09', '2024-03-18']","[342.38, 350.75, 334.37, 342.45, 345.48]"
100641698824,Auckland,OmokoritoBay,1968-09-28,2024-03-18,55,5,5,-1.14,17.88,-0.02,0.07,-0.03,344.52,0.36,7.29,0.01,0.02,342.65,0.27,2.4,0.01,"['1968-09-28', '1975-04-15', '1982-02-09', '2011-03-09', '2024-03-18']","[344.75, 352.24, 334.36, 344.15, 343.61]"
100641699638,Auckland,OmokoritoBay,1968-09-28,2024-03-18,55,5,5,-4.06,17.26,-0.07,0.07,-0.08,348.4,0.34,6.92,0.09,-0.03,346.71,0.26,2.3,0.02,"['1968-09-28', '1975-04-15', '1982-02-09', '2011-03-09', '2024-03-18']","[348.76, 355.27, 338.01, 346.18, 344.7]"
100641700443,Auckland,OmokoritoBay,1968-09-28,2024-03-18,55,5,5,-5.15,15.22,-0.09,0.07,-0.1,351.6,0.29,6.03,0.16,-0.05,350.09,0.23,2.0,0.09,"['1968-09-28', '1975-04-15', '1982-02-09', '2011-03-09', '2024-03-18']","[352.03, 357.33, 342.12, 348.42, 346.88]"
100641701264,Auckland,OmokoritoBay,1968-09-28,2024-03-18,55,5,5,-4.22,14.25,-0.08,0.07,-0.1,354.37,0.27,5.6,0.19,-0.05,352.56,0.21,1.81,0.11,"['1968-09-28', '1975-04-15', '1982-02-09', '2011-03-09', '2024-03-18']","[354.3, 360.08, 345.83, 350.13, 350.08]"
100641702014,Auckland,OmokoritoBay,1968-09-28,2024-03-18,55,5,5,-4.69,15.18,-0.08,0.07,-0.12,357.28,0.29,5.93,0.24,-0.08,355.25,0.22,1.91,0.18,"['1968-09-28', '1975-04-15', '1982-02-09', '2011-03-09', '2024-03-18']","[356.57, 363.64, 348.45, 351.6, 351.88]"
100641702874,Auckland,OmokoritoBay,1968-09-28,2024-03-18,55,5,5,-3.84,17.23,-0.07,0.07,-0.11,358.58,0.33,6.8,0.17,-0.06,356.4,0.25,2.16,0.11,"['1968-09-28', '1975-04-15', '1982-02-09', '2011-03-09', '2024-03-18']","[357.51, 366.17, 348.94, 353.43, 353.67]"
100641703442,Auckland,OmokoritoBay,1975-04-15,2024-03-18,49,4,4,-11.43,16.9,-0.23,0.08,-0.1,358.88,0.59,8.16,0.11,-0.03,356.34,0.45,2.6,0.02,"['1975-04-15', '1982-02-09', '2011-03-09', '2024-03-18']","[366.33, 349.42, 355.57, 354.89]"
100641704167,Auckland,OmokoritoBay,1975-04-15,2024-03-18,49,4,4,-12.78,18.25,-0.26,0.08,-0.11,360.21,0.64,8.82,0.12,-0.04,357.9,0.49,2.86,0.03,"['1975-04-15', '1982-02-09', '2011-03-09', '2024-03-18']","[368.16, 349.92, 357.15, 355.38]"
100641704615,Auckland,OmokoritoBay,1982-02-09,2024-03-18,42,3,3,4.56,6.05,0.11,0.07,0.13,352.04,0.48,2.31,0.73,0.09,353.73,0.78,1.7,0.35,"['1982-02-09', '2011-03-09', '2024-03-18']","[351.47, 357.52, 356.03]"
100641704812,Auckland,OmokoritoBay,1982-02-09,2024-03-18,42,3,3,3.47,3.8,0.08,0.07,0.09,354.93,0.23,1.12,0.86,0.07,355.75,0.38,0.82,0.6,"['1982-02-09', '2011-03-09', '2024-03-18']","[354.66, 358.46, 358.13]"
100641705351,Auckland,OmokoritoBay,1982-02-09,2024-03-18,42,3,3,-4.93,4.93,-0.12,0.07,-0.12,367.63,0.08,0.4,0.99,-0.11,367.34,0.13,0.29,0.97,"['1982-02-09', '2011-03-09', '2024-03-18']","[367.73, 363.82, 362.8]"
100641705843,Auckland,OmokoritoBay,1982-02-09,2024-03-18,42,3,3,6.17,6.17,0.15,0.07,0.15,389.86,0.2,0.98,0.96,0.14,390.58,0.33,0.72,0.88,"['1982-02-09', '2011-03-09', '2024-03-18']","[389.62, 395.11, 395.79]"
100641712310,Auckland,OmokoritoBay,1982-02-09,2024-03-18,42,3,3,3.4,3.76,0.08,0.07,0.09,374.94,0.23,1.13,0.85,0.07,375.76,0.38,0.83,0.59,"['1982-02-09', '2011-03-09', '2024-03-18']","[374.66, 378.42, 378.06]"
100641712610,Auckland,OmokoritoBay,1982-02-09,2024-03-18,42,3,3,3.26,3.5,0.08,0.07,0.08,369.77,0.21,0.99,0.87,0.07,370.49,0.33,0.73,0.63,"['1982-02-09', '2011-03-09', '2024-03-18']","[369.52, 373.02, 372.79]"
100641713088,Auckland,OmokoritoBay,1982-02-09,2024-03-18,42,3,3,-1.39,1.82,-0.03,0.07,-0.04,369.65,0.14,0.69,0.74,-0.03,369.15,0.23,0.5,0.36,"['1982-02-09', '2011-03-09', '2024-03-18']","[369.82, 368.0, 368.43]"
100641713721,Auckland,OmokoritoBay,1982-02-09,2024-03-18,42,3,3,-9.04,9.67,-0.21,0.07,-0.23,376.72,0.57,2.73,0.87,-0.19,374.73,0.92,2.01,0.64,"['1982-02-09', '2011-03-09', '2024-03-18']","[377.4, 367.73, 368.36]"
100641713823,Auckland,OmokoritoBay,1982-02-09,2024-03-18,42,3,3,-3.38,8.57,-0.08,0.07,-0.12,383.62,1.03,4.97,0.34,-0.04,379.99,1.67,3.65,0.02,"['1982-02-09', '2011-03-09', '2024-03-18']","[384.84, 376.28, 381.46]"
100641714354,Auckland,OmokoritoBay,1982-02-09,2024-03-18,42,3,3,2.4,7.01,0.06,0.07,0.02,385.65,1.04,5.0,0.02,0.1,381.99,1.68,3.67,0.12,"['1982-02-09', '2011-03-09', '2024-03-18']","[386.88, 382.27, 389.28]"
100641714655,Auckland,OmokoritoBay,1982-02-09,2024-03-18,42,3,3,5.17,8.56,0.12,0.07,0.08,387.18,1.15,5.55,0.17,0.17,383.12,1.86,4.08,0.24,"['1982-02-09', '2011-03-09', '2024-03-18']","[388.55, 385.15, 393.72]"
100641715029,Auckland,OmokoritoBay,1982-02-09,2024-03-18,42,3,3,2.27,6.18,0.05,0.07,0.02,390.91,0.91,4.37,0.02,0.09,387.71,1.47,3.21,0.13,"['1982-02-09', '2011-03-09', '2024-03-18']","[391.99, 388.07, 394.26]"
100641715888,Auckland,OmokoritoBay,1982-02-09,2024-03-18,42,3,3,-0.83,4.2,-0.02,0.07,-0.04,394.92,0.6,2.9,0.15,0.0,392.8,0.97,2.13,0.0,"['1982-02-09', '2011-03-09', '2024-03-18']","[395.64, 391.44, 394.81]"
100641721266,Auckland,OmokoritoBay,1982-02-09,2024-03-18,42,3,3,-4.47,5.91,-0.11,0.07,-0.08,398.54,0.75,3.61,0.31,-0.14,401.18,1.21,2.65,0.33,"['1982-02-09', '2011-03-09', '2024-03-18']","[397.65, 399.09, 393.19]"
100641723333,Auckland,OmokoritoBay,1982-02-09,2024-03-18,42,3,3,-1.34,1.4,-0.03,0.07,-0.03,394.49,0.16,0.79,0.51,-0.04,395.07,0.26,0.58,0.46,"['1982-02-09', '2011-03-09', '2024-03-18']","[394.3, 394.36, 392.96]"
100641724331,Auckland,OmokoritoBay,1982-02-09,2024-03-18,42,3,3,2.29,3.46,0.05,0.07,0.04,390.07,0.45,2.19,0.22,0.07,388.46,0.74,1.61,0.28,"['1982-02-09', '2011-03-09', '2024-03-18']","[390.61, 389.44, 392.9]"
100641725329,Auckland,OmokoritoBay,1982-02-09,2024-03-18,42,3,3,5.51,6.94,0.13,0.07,0.1,385.09,0.86,4.18,0.35,0.16,382.04,1.4,3.07,0.36,"['1982-02-09', '2011-03-09', '2024-03-18']","[386.12, 384.69, 391.63]"
100641725385,Auckland,OmokoritoBay,1982-02-09,2024-03-18,42,3,3,-2.53,3.49,-0.06,0.07,-0.07,384.04,0.29,1.39,0.7,-0.05,383.02,0.47,1.02,0.3,"['1982-02-09', '2011-03-09', '2024-03-18']","[384.38, 380.89, 381.85]"
100641726245,Auckland,OmokoritoBay,1982-02-09,2024-03-18,42,3,3,-1.99,2.84,-0.05,0.07,-0.06,382.87,0.24,1.17,0.68,-0.04,382.02,0.39,0.86,0.27,"['1982-02-09', '2011-03-09', '2024-03-18']","[383.16, 380.32, 381.17]"
100641726276,Auckland,OmokoritoBay,1982-02-09,2024-03-18,42,3,3,3.6,6.56,0.09,0.07,0.05,386.68,0.9,4.34,0.13,0.12,383.5,1.46,3.19,0.22,"['1982-02-09', '2011-03-09', '2024-03-18']","[387.75, 384.79, 391.35]"
100641726663,Auckland,OmokoritoBay,1982-02-09,2024-03-18,42,3,3,1.38,4.53,0.03,0.07,0.01,390.16,0.68,3.27,0.01,0.06,387.77,1.1,2.4,0.1,"['1982-02-09', '2011-03-09', '2024-03-18']","[390.97, 387.82, 392.34]"
100641727170,Auckland,OmokoritoBay,1982-02-09,2024-03-18,42,3,3,2.12,4.36,0.05,0.07,0.03,391.42,0.61,2.95,0.08,0.07,389.26,0.99,2.17,0.18,"['1982-02-09', '2011-03-09', '2024-03-18']","[392.15, 389.91, 394.27]"
100641727308,Auckland,OmokoritoBay,1982-02-09,2024-03-18,42,3,3,2.41,4.45,0.06,0.07,0.04,393.51,0.61,2.95,0.12,0.08,391.35,0.99,2.17,0.21,"['1982-02-09', '2011-03-09', '2024-03-18']","[394.23, 392.2, 396.65]"
100641728067,Auckland,OmokoritoBay,1982-02-09,2024-03-18,42,3,3,1.34,4.44,0.03,0.07,0.01,395.96,0.66,3.21,0.01,0.06,393.61,1.08,2.36,0.1,"['1982-02-09', '2011-03-09', '2024-03-18']","[396.75, 393.65, 398.09]"
100641728262,Auckland,OmokoritoBay,1982-02-09,2024-03-18,42,3,3,2.7,4.62,0.06,0.07,0.04,396.15,0.63,3.02,0.15,0.09,393.94,1.01,2.22,0.23,"['1982-02-09', '2011-03-09', '2024-03-18']","[396.9, 394.98, 399.6]"
100641735859,Auckland,OmokoritoBay,1982-02-09,2024-03-18,42,3,3,6.44,6.44,0.15,0.07,0.16,388.76,0.09,0.42,0.99,0.15,389.06,0.14,0.31,0.98,"['1982-02-09', '2011-03-09', '2024-03-18']","[388.66, 393.62, 395.09]"
100641736451,Auckland,OmokoritoBay,1982-02-09,2024-03-18,42,3,3,-0.5,0.7,-0.01,0.07,-0.01,385.51,0.06,0.28,0.7,-0.01,385.3,0.09,0.2,0.3,"['1982-02-09', '2011-03-09', '2024-03-18']","[385.57, 384.88, 385.07]"
100641737012,Auckland,OmokoritoBay,1982-02-09,2024-03-18,42,3,3,-12.4,14.83,-0.29,0.07,-0.33,392.71,1.03,4.99,0.8,-0.25,389.06,1.67,3.67,0.48,"['1982-02-09', '2011-03-09', '2024-03-18']","[393.94, 379.11, 381.54]"
100641737151,Auckland,OmokoritoBay,1982-02-09,2024-03-18,42,3,3,-10.84,10.84,-0.26,0.07,-0.27,398.41,0.31,1.49,0.97,-0.25,397.32,0.5,1.09,0.91,"['1982-02-09', '2011-03-09', '2024-03-18']","[398.78, 389.42, 387.93]"
100641781502,Auckland,OmokoritoBay,1982-02-09,2024-03-18,42,3,3,1.67,1.81,0.04,0.07,0.04,397.47,0.11,0.52,0.86,0.04,397.86,0.18,0.39,0.62,"['1982-02-09', '2011-03-09', '2024-03-18']","[397.34, 399.16, 399.02]"
100641808180,Auckland,OmokoritoBay,1982-02-09,2024-03-18,42,3,3,5.23,5.23,0.12,0.07,0.13,334.43,0.16,0.76,0.96,0.12,334.98,0.25,0.56,0.9,"['1982-02-09', '2011-03-09', '2024-03-18']","[334.24, 338.81, 339.47]"
100641808939,Auckland,OmokoritoBay,1982-02-09,2024-03-18,42,3,3,3.46,3.46,0.08,0.07,0.08,334.77,0.2,0.97,0.85,0.09,334.06,0.33,0.71,0.75,"['1982-02-09', '2011-03-09', '2024-03-18']","[335.01, 336.18, 338.47]"
100641809086,Auckland,OmokoritoBay,1982-02-09,2024-03-18,42,3,3,8.18,8.18,0.19,0.07,0.18,331.14,0.49,2.39,0.84,0.21,329.39,0.8,1.75,0.74,"['1982-02-09', '2011-03-09', '2024-03-18']","[331.73, 334.38, 339.9]"
100641809919,Auckland,OmokoritoBay,1982-02-09,2024-03-18,42,3,3,11.74,11.74,0.28,0.07,0.26,327.63,0.57,2.73,0.89,0.3,325.63,0.92,2.0,0.81,"['1982-02-09', '2011-03-09', '2024-03-18']","[328.3, 332.99, 340.04]"
100641810400,Auckland,OmokoritoBay,1982-02-09,2024-03-18,42,3,3,8.39,8.39,0.2,0.07,0.19,328.52,0.15,0.73,0.99,0.21,327.98,0.24,0.53,0.97,"['1982-02-09', '2011-03-09', '2024-03-18']","[328.69, 333.58, 337.09]"
100641810885,Auckland,OmokoritoBay,1982-02-09,2024-03-18,42,3,3,5.58,5.58,0.13,0.07,0.14,329.32,0.2,0.98,0.95,0.12,330.04,0.33,0.72,0.85,"['1982-02-09', '2011-03-09', '2024-03-18']","[329.08, 334.17, 334.67]"
100641811656,Auckland,OmokoritoBay,1982-02-09,2024-03-18,42,3,3,4.25,5.52,0.1,0.07,0.12,329.6,0.43,2.06,0.75,0.08,331.11,0.69,1.51,0.37,"['1982-02-09', '2011-03-09', '2024-03-18']","[329.1, 334.61, 333.35]"
100641812498,Auckland,OmokoritoBay,1982-02-09,2024-03-18,42,3,3,7.58,7.58,0.18,0.07,0.18,329.07,0.08,0.37,1.0,0.18,329.33,0.12,0.27,0.99,"['1982-02-09', '2011-03-09', '2024-03-18']","[328.97, 334.67, 336.56]"
100641813099,Auckland,OmokoritoBay,1982-02-09,2024-03-18,42,3,3,11.1,11.1,0.26,0.07,0.25,328.54,0.27,1.28,0.97,0.27,327.6,0.43,0.94,0.94,"['1982-02-09', '2011-03-09', '2024-03-18']","[328.85, 334.91, 339.95]"
100641814096,Auckland,OmokoritoBay,1982-02-09,2024-03-18,42,3,3,12.59,12.59,0.3,0.07,0.29,329.51,0.32,1.56,0.97,0.31,328.37,0.52,1.14,0.93,"['1982-02-09', '2011-03-09', '2024-03-18']","[329.89, 336.63, 342.48]"
100641814764,Auckland,OmokoritoBay,1982-02-09,2024-03-18,42,3,3,11.46,11.46,0.27,0.07,0.27,331.08,0.13,0.62,0.99,0.28,330.62,0.21,0.46,0.99,"['1982-02-09', '2011-03-09', '2024-03-18']","[331.23, 338.36, 342.69]"
100641815759,Auckland,OmokoritoBay,1982-02-09,2024-03-18,42,3,3,10.01,10.01,0.24,0.07,0.24,332.71,0.13,0.62,0.99,0.23,333.17,0.21,0.45,0.98,"['1982-02-09', '2011-03-09', '2024-03-18']","[332.56, 340.25, 342.57]"
100641816616,Auckland,OmokoritoBay,1982-02-09,2024-03-18,42,3,3,8.5,8.5,0.2,0.07,0.21,334.64,0.28,1.37,0.96,0.19,335.65,0.46,1.01,0.87,"['1982-02-09', '2011-03-09', '2024-03-18']","[334.31, 341.89, 342.81]"
100641817610,Auckland,OmokoritoBay,1982-02-09,2024-03-18,42,3,3,10.58,10.58,0.25,0.07,0.25,336.39,0.06,0.3,1.0,0.25,336.16,0.1,0.22,1.0,"['1982-02-09', '2011-03-09', '2024-03-18']","[336.46, 343.39, 347.05]"
100641818603,Auckland,OmokoritoBay,1982-02-09,2024-03-18,42,3,3,9.36,9.36,0.22,0.07,0.22,338.32,0.1,0.48,0.99,0.23,337.97,0.16,0.36,0.99,"['1982-02-09', '2011-03-09', '2024-03-18']","[338.44, 344.29, 347.8]"
100641819597,Auckland,OmokoritoBay,1982-02-09,2024-03-18,42,3,3,6.64,6.64,0.16,0.07,0.16,340.11,0.09,0.41,0.99,0.15,340.41,0.14,0.3,0.98,"['1982-02-09', '2011-03-09', '2024-03-18']","[340.01, 345.11, 346.64]"
100641820851,Auckland,OmokoritoBay,1982-02-09,2024-03-18,42,3,3,4.78,4.78,0.11,0.07,0.12,341.77,0.17,0.81,0.95,0.11,342.36,0.27,0.59,0.86,"['1982-02-09', '2011-03-09', '2024-03-18']","[341.57, 345.88, 346.35]"
100641821847,Auckland,OmokoritoBay,1982-02-09,2024-03-18,42,3,3,4.61,4.61,0.11,0.07,0.1,342.84,0.2,0.95,0.92,0.12,342.15,0.32,0.7,0.84,"['1982-02-09', '2011-03-09', '2024-03-18']","[343.08, 345.07, 347.68]"
100641823148,Auckland,OmokoritoBay,1982-02-09,2024-03-18,42,3,3,7.5,7.5,0.18,0.07,0.15,343.07,0.82,3.98,0.57,0.21,340.16,1.33,2.92,0.5,"['1982-02-09', '2011-03-09', '2024-03-18']","[344.05, 344.24, 351.55]"
100641824959,Auckland,OmokoritoBay,1982-02-09,2024-03-18,42,3,3,5.26,5.66,0.12,0.07,0.1,344.22,0.67,3.22,0.48,0.15,341.87,1.08,2.36,0.44,"['1982-02-09', '2011-03-09', '2024-03-18']","[345.02, 344.61, 350.27]"
100641826401,Auckland,OmokoritoBay,1982-02-09,2024-03-18,42,3,3,5.44,5.44,0.13,0.07,0.11,344.6,0.56,2.68,0.61,0.15,342.64,0.9,1.97,0.53,"['1982-02-09', '2011-03-09', '2024-03-18']","[345.26, 345.66, 350.71]"
100641827401,Auckland,OmokoritoBay,1982-02-09,2024-03-18,42,3,3,7.97,7.97,0.19,0.07,0.19,342.68,0.0,0.0,1.0,0.19,342.68,0.0,0.0,1.0,"['1982-02-09', '2011-03-09', '2024-03-18']","[342.68, 348.19, 350.65]"
100641828563,Auckland,OmokoritoBay,1982-02-09,2024-03-18,42,3,3,10.0,10.0,0.24,0.07,0.25,340.97,0.33,1.59,0.96,0.22,342.13,0.53,1.17,0.88,"['1982-02-09', '2011-03-09', '2024-03-18']","[340.58, 349.48, 350.58]"
100641829563,Auckland,OmokoritoBay,1982-02-09,2024-03-18,42,3,3,11.61,11.61,0.28,0.07,0.29,339.29,0.32,1.54,0.97,0.26,340.42,0.52,1.13,0.91,"['1982-02-09', '2011-03-09', '2024-03-18']","[338.91, 348.86, 350.52]"
100641830562,Auckland,OmokoritoBay,1982-02-09,2024-03-18,42,3,3,13.12,13.12,0.31,0.07,0.32,337.73,0.26,1.28,0.98,0.3,338.66,0.43,0.94,0.95,"['1982-02-09', '2011-03-09', '2024-03-18']","[337.41, 348.08, 350.54]"
100641831562,Auckland,OmokoritoBay,1982-02-09,2024-03-18,42,3,3,12.57,12.57,0.3,0.07,0.3,338.1,0.05,0.24,1.0,0.3,338.27,0.08,0.17,1.0,"['1982-02-09', '2011-03-09', '2024-03-18']","[338.04, 347.01, 350.6]"
100641832481,Auckland,OmokoritoBay,1982-02-09,2024-03-18,42,3,3,12.15,12.15,0.29,0.07,0.28,338.62,0.15,0.73,0.99,0.29,338.09,0.24,0.53,0.98,"['1982-02-09', '2011-03-09', '2024-03-18']","[338.8, 346.28, 350.96]"
100641833278,Auckland,OmokoritoBay,1982-02-09,2024-03-18,42,3,3,10.02,10.02,0.24,0.07,0.23,340.86,0.36,1.75,0.94,0.25,339.58,0.59,1.29,0.88,"['1982-02-09', '2011-03-09', '2024-03-18']","[341.29, 346.01, 351.31]"
100641834278,Auckland,OmokoritoBay,1982-02-09,2024-03-18,42,3,3,8.6,8.6,0.2,0.07,0.18,342.49,0.55,2.67,0.82,0.23,340.54,0.89,1.96,0.72,"['1982-02-09', '2011-03-09', '2024-03-18']","[343.15, 345.74, 351.75]"
100641835025,Auckland,OmokoritoBay,1982-02-09,2024-03-18,42,3,3,9.82,9.82,0.23,0.07,0.22,341.26,0.36,1.74,0.94,0.25,339.99,0.59,1.28,0.88,"['1982-02-09', '2011-03-09', '2024-03-18']","[341.69, 346.28, 351.51]"
100641836025,Auckland,OmokoritoBay,1982-02-09,2024-03-18,42,3,3,10.49,10.49,0.25,0.07,0.25,340.14,0.07,0.35,1.0,0.25,339.89,0.12,0.26,0.99,"['1982-02-09', '2011-03-09', '2024-03-18']","[340.23, 347.03, 350.72]"
100641837025,Auckland,OmokoritoBay,1982-02-09,2024-03-18,42,3,3,11.45,11.45,0.27,0.07,0.26,339.87,0.24,1.17,0.98,0.28,339.02,0.39,0.86,0.95,"['1982-02-09', '2011-03-09', '2024-03-18']","[340.16, 346.6, 351.61]"
100641837720,Auckland,OmokoritoBay,1982-02-09,2024-03-18,42,3,3,8.72,8.72,0.21,0.07,0.21,340.17,0.01,0.03,1.0,0.21,340.15,0.01,0.02,1.0,"['1982-02-09', '2011-03-09', '2024-03-18']","[340.18, 346.16, 348.9]"
100641838720,Auckland,OmokoritoBay,1982-02-09,2024-03-18,42,3,3,9.93,9.93,0.24,0.07,0.23,339.93,0.22,1.06,0.98,0.24,339.16,0.35,0.78,0.95,"['1982-02-09', '2011-03-09', '2024-03-18']","[340.19, 345.73, 350.13]"
100641839719,Auckland,OmokoritoBay,1982-02-09,2024-03-18,42,3,3,10.33,10.33,0.25,0.07,0.23,340.49,0.39,1.87,0.93,0.26,339.12,0.63,1.37,0.87,"['1982-02-09', '2011-03-09', '2024-03-18']","[340.95, 345.74, 351.28]"
100641840317,Auckland,OmokoritoBay,1982-02-09,2024-03-18,42,3,3,8.85,8.85,0.21,0.07,0.2,341.47,0.29,1.39,0.95,0.22,340.46,0.47,1.02,0.9,"['1982-02-09', '2011-03-09', '2024-03-18']","[341.82, 346.18, 350.67]"
100641841315,Auckland,OmokoritoBay,1982-02-09,2024-03-18,42,3,3,7.03,7.03,0.17,0.07,0.16,342.39,0.13,0.61,0.99,0.17,341.94,0.2,0.45,0.97,"['1982-02-09', '2011-03-09', '2024-03-18']","[342.54, 346.63, 349.57]"
100641841979,Auckland,OmokoritoBay,1982-02-09,2024-03-18,42,3,3,5.21,5.21,0.12,0.07,0.13,343.31,0.04,0.2,1.0,0.12,343.46,0.07,0.15,0.99,"['1982-02-09', '2011-03-09', '2024-03-18']","[343.26, 347.11, 348.47]"
100641842975,Auckland,OmokoritoBay,1982-02-09,2024-03-18,42,3,3,4.95,4.95,0.12,0.07,0.12,344.03,0.05,0.22,1.0,0.12,344.19,0.07,0.16,0.99,"['1982-02-09', '2011-03-09', '2024-03-18']","[343.97, 347.66, 348.92]"
100641843742,Auckland,OmokoritoBay,1982-02-09,2024-03-18,42,3,3,5.01,5.01,0.12,0.07,0.12,344.7,0.01,0.05,1.0,0.12,344.74,0.02,0.04,1.0,"['1982-02-09', '2011-03-09', '2024-03-18']","[344.69, 348.22, 349.7]"
100641844736,Auckland,OmokoritoBay,1982-02-09,2024-03-18,42,3,3,6.3,6.3,0.15,0.07,0.15,345.38,0.02,0.11,1.0,0.15,345.3,0.04,0.08,1.0,"['1982-02-09', '2011-03-09', '2024-03-18']","[345.41, 349.62, 351.71]"
100641845731,Auckland,OmokoritoBay,1982-02-09,2024-03-18,42,3,3,7.94,7.94,0.19,0.07,0.18,347.81,0.15,0.73,0.98,0.19,347.27,0.25,0.54,0.96,"['1982-02-09', '2011-03-09', '2024-03-18']","[347.99, 352.55, 355.93]"
100641846726,Auckland,OmokoritoBay,1982-02-09,2024-03-18,42,3,3,11.78,11.78,0.28,0.07,0.26,350.06,0.48,2.32,0.92,0.3,348.36,0.78,1.71,0.85,"['1982-02-09', '2011-03-09', '2024-03-18']","[350.64, 355.86, 362.42]"
100641847721,Auckland,OmokoritoBay,1982-02-09,2024-03-18,42,3,3,14.83,14.83,0.35,0.07,0.33,352.53,0.64,3.08,0.91,0.38,350.27,1.03,2.27,0.84,"['1982-02-09', '2011-03-09', '2024-03-18']","[353.29, 359.67, 368.13]"
100641848716,Auckland,OmokoritoBay,1982-02-09,2024-03-18,42,3,3,9.43,9.43,0.22,0.07,0.22,356.09,0.08,0.41,1.0,0.23,355.79,0.14,0.3,0.99,"['1982-02-09', '2011-03-09', '2024-03-18']","[356.19, 362.19, 365.62]"
100641849711,Auckland,OmokoritoBay,1982-02-09,2024-03-18,42,3,3,3.74,3.74,0.09,0.07,0.09,359.43,0.17,0.84,0.92,0.08,360.05,0.28,0.62,0.77,"['1982-02-09', '2011-03-09', '2024-03-18']","[359.23, 362.86, 362.97]"
100641850706,Auckland,OmokoritoBay,1982-02-09,2024-03-18,42,3,3,2.43,2.43,0.06,0.07,0.05,362.01,0.22,1.08,0.66,0.07,361.22,0.36,0.79,0.57,"['1982-02-09', '2011-03-09', '2024-03-18']","[362.28, 362.6, 364.71]"
100641851945,Auckland,OmokoritoBay,1982-02-09,2024-03-18,42,3,3,2.76,2.99,0.07,0.07,0.05,362.14,0.35,1.7,0.48,0.08,360.9,0.57,1.25,0.44,"['1982-02-09', '2011-03-09', '2024-03-18']","[362.56, 362.33, 365.32]"
100641852941,Auckland,OmokoritoBay,1982-02-09,2024-03-18,42,3,3,2.22,2.22,0.05,0.07,0.05,361.17,0.21,1.02,0.64,0.06,360.42,0.34,0.75,0.56,"['1982-02-09', '2011-03-09', '2024-03-18']","[361.43, 361.67, 363.64]"
100641853938,Auckland,OmokoritoBay,1982-02-09,2024-03-18,42,3,3,4.95,4.95,0.12,0.07,0.1,359.78,0.38,1.86,0.74,0.13,358.42,0.62,1.36,0.64,"['1982-02-09', '2011-03-09', '2024-03-18']","[360.24, 361.33, 365.19]"
100641855425,Auckland,OmokoritoBay,1982-02-09,2024-03-18,42,3,3,8.71,8.71,0.21,0.07,0.21,359.13,0.12,0.57,0.99,0.2,359.55,0.19,0.42,0.98,"['1982-02-09', '2011-03-09', '2024-03-18']","[358.99, 365.72, 367.71]"
100641856901,Auckland,OmokoritoBay,1982-02-09,2024-03-18,42,3,3,13.82,13.82,0.33,0.07,0.33,357.97,0.18,0.89,0.99,0.32,358.62,0.3,0.65,0.98,"['1982-02-09', '2011-03-09', '2024-03-18']","[357.75, 368.41, 371.57]"
100641858166,Auckland,OmokoritoBay,1982-02-09,2024-03-18,42,3,3,19.67,19.67,0.47,0.07,0.45,355.6,0.54,2.62,0.96,0.49,353.68,0.88,1.92,0.93,"['1982-02-09', '2011-03-09', '2024-03-18']","[356.25, 366.55, 375.92]"
100641859166,Auckland,OmokoritoBay,1982-02-09,2024-03-18,42,3,3,18.74,18.74,0.45,0.07,0.43,354.14,0.49,2.37,0.97,0.46,352.41,0.8,1.74,0.93,"['1982-02-09', '2011-03-09', '2024-03-18']","[354.73, 364.7, 373.47]"
100641860166,Auckland,OmokoritoBay,1982-02-09,2024-03-18,42,3,3,14.5,14.5,0.34,0.07,0.34,354.25,0.26,1.24,0.99,0.35,353.35,0.41,0.91,0.97,"['1982-02-09', '2011-03-09', '2024-03-18']","[354.56, 363.02, 369.05]"
100641861166,Auckland,OmokoritoBay,1982-02-09,2024-03-18,42,3,3,12.21,12.21,0.29,0.07,0.27,355.2,0.47,2.28,0.93,0.31,353.53,0.76,1.67,0.87,"['1982-02-09', '2011-03-09', '2024-03-18']","[355.76, 361.34, 367.97]"
100641861797,Auckland,OmokoritoBay,1982-02-09,2024-03-18,42,3,3,10.39,10.39,0.25,0.07,0.23,356.34,0.52,2.53,0.88,0.27,354.49,0.85,1.86,0.8,"['1982-02-09', '2011-03-09', '2024-03-18']","[356.96, 360.97, 367.36]"
100641862570,Auckland,OmokoritoBay,1982-02-09,2024-03-18,42,3,3,5.21,5.21,0.12,0.07,0.12,358.01,0.02,0.12,1.0,0.12,357.92,0.04,0.09,1.0,"['1982-02-09', '2011-03-09', '2024-03-18']","[358.04, 361.49, 363.25]"
100641863419,Auckland,OmokoritoBay,1982-02-09,2024-03-18,42,3,3,5.85,5.85,0.14,0.07,0.15,359.29,0.25,1.2,0.93,0.13,360.17,0.4,0.88,0.8,"['1982-02-09', '2011-03-09', '2024-03-18']","[358.99, 364.54, 364.85]"
100641864104,Auckland,OmokoritoBay,1982-02-09,2024-03-18,42,3,3,8.25,8.25,0.2,0.07,0.2,360.22,0.23,1.12,0.97,0.19,361.04,0.38,0.82,0.91,"['1982-02-09', '2011-03-09', '2024-03-18']","[359.94, 367.05, 368.19]"
100641864789,Auckland,OmokoritoBay,1982-02-09,2024-03-18,42,3,3,8.1,8.1,0.19,0.07,0.21,361.27,0.4,1.95,0.91,0.18,362.7,0.65,1.43,0.74,"['1982-02-09', '2011-03-09', '2024-03-18']","[360.79, 368.82, 368.89]"
100641865785,Auckland,OmokoritoBay,1982-02-09,2024-03-18,42,3,3,6.6,8.06,0.16,0.07,0.18,362.33,0.58,2.8,0.79,0.13,364.38,0.94,2.05,0.45,"['1982-02-09', '2011-03-09', '2024-03-18']","[361.64, 369.71, 368.24]"
100641866582,Auckland,OmokoritoBay,1982-02-09,2024-03-18,42,3,3,4.59,7.64,0.11,0.07,0.13,363.36,0.74,3.57,0.57,0.08,365.97,1.2,2.62,0.15,"['1982-02-09', '2011-03-09', '2024-03-18']","[362.48, 370.13, 367.07]"
100641867577,Auckland,OmokoritoBay,1982-02-09,2024-03-18,42,3,3,7.0,7.92,0.17,0.07,0.18,364.31,0.51,2.46,0.84,0.15,366.11,0.83,1.81,0.56,"['1982-02-09', '2011-03-09', '2024-03-18']","[363.71, 371.63, 370.71]"
100641868571,Auckland,OmokoritoBay,1982-02-09,2024-03-18,42,3,3,9.87,9.87,0.23,0.07,0.25,365.64,0.39,1.9,0.94,0.22,367.02,0.64,1.39,0.82,"['1982-02-09', '2011-03-09', '2024-03-18']","[365.17, 374.36, 375.04]"
100641869566,Auckland,OmokoritoBay,1982-02-09,2024-03-18,42,3,3,10.67,10.67,0.25,0.07,0.26,366.88,0.23,1.09,0.98,0.24,367.68,0.37,0.8,0.95,"['1982-02-09', '2011-03-09', '2024-03-18']","[366.61, 375.35, 377.28]"
100641870560,Auckland,OmokoritoBay,1982-02-09,2024-03-18,42,3,3,4.08,4.08,0.1,0.07,0.1,372.98,0.01,0.03,1.0,0.1,372.99,0.01,0.02,1.0,"['1982-02-09', '2011-03-09', '2024-03-18']","[372.97, 375.82, 377.05]"
100641871555,Auckland,OmokoritoBay,1982-02-09,2024-03-18,42,3,3,1.63,2.59,0.04,0.07,0.03,373.21,0.34,1.66,0.19,0.05,372.0,0.56,1.22,0.26,"['1982-02-09', '2011-03-09', '2024-03-18']","[373.62, 372.66, 375.25]"
100641873009,Auckland,OmokoritoBay,1982-02-09,2024-03-18,42,3,3,-0.56,5.12,-0.01,0.07,-0.04,372.7,0.78,3.77,0.1,0.02,369.94,1.26,2.77,0.01,"['1982-02-09', '2011-03-09', '2024-03-18']","[373.63, 368.51, 373.07]"
100641874463,Auckland,OmokoritoBay,1982-02-09,2024-03-18,42,3,3,-1.52,7.18,-0.04,0.07,-0.07,373.62,1.01,4.89,0.16,0.0,370.04,1.64,3.59,0.0,"['1982-02-09', '2011-03-09', '2024-03-18']","[374.82, 367.64, 373.31]"
100641875838,Auckland,OmokoritoBay,1982-02-09,2024-03-18,42,3,3,-2.8,8.28,-0.07,0.07,-0.1,375.34,1.05,5.06,0.28,-0.03,371.64,1.7,3.72,0.01,"['1982-02-09', '2011-03-09', '2024-03-18']","[376.59, 368.31, 373.79]"
100641877135,Auckland,OmokoritoBay,1982-02-09,2024-03-18,42,3,3,-0.11,3.72,-0.0,0.07,-0.02,374.58,0.6,2.91,0.06,0.02,372.46,0.97,2.13,0.02,"['1982-02-09', '2011-03-09', '2024-03-18']","[375.3, 371.58, 375.2]"
100641878134,Auckland,OmokoritoBay,1982-02-09,2024-03-18,42,3,3,5.23,5.23,0.12,0.07,0.11,372.77,0.5,2.39,0.65,0.14,371.02,0.8,1.76,0.56,"['1982-02-09', '2011-03-09', '2024-03-18']","[373.36, 373.97, 378.59]"
100641879282,Auckland,OmokoritoBay,1982-02-09,2024-03-18,42,3,3,7.19,7.19,0.17,0.07,0.16,373.38,0.44,2.12,0.83,0.19,371.83,0.71,1.56,0.74,"['1982-02-09', '2011-03-09', '2024-03-18']","[373.9, 376.21, 381.1]"
100641880282,Auckland,OmokoritoBay,1982-02-09,2024-03-18,42,3,3,8.14,8.14,0.19,0.07,0.18,374.54,0.35,1.69,0.91,0.21,373.31,0.57,1.24,0.84,"['1982-02-09', '2011-03-09', '2024-03-18']","[374.96, 378.46, 383.1]"
100641881282,Auckland,OmokoritoBay,1982-02-09,2024-03-18,42,3,3,4.99,4.99,0.12,0.07,0.11,378.86,0.21,1.01,0.92,0.13,378.12,0.34,0.74,0.85,"['1982-02-09', '2011-03-09', '2024-03-18']","[379.11, 381.29, 384.1]"
100641882282,Auckland,OmokoritoBay,1982-02-09,2024-03-18,42,3,3,2.07,2.07,0.05,0.07,0.05,380.96,0.03,0.14,0.99,0.05,381.06,0.05,0.1,0.98,"['1982-02-09', '2011-03-09', '2024-03-18']","[380.93, 382.53, 383.0]"
100641883282,Auckland,OmokoritoBay,1982-02-09,2024-03-18,42,3,3,4.09,4.09,0.1,0.07,0.1,378.24,0.17,0.84,0.93,0.09,378.86,0.28,0.62,0.8,"['1982-02-09', '2011-03-09', '2024-03-18']","[378.03, 381.91, 382.12]"
100641884282,Auckland,OmokoritoBay,1982-02-09,2024-03-18,42,3,3,4.04,4.15,0.1,0.07,0.1,377.29,0.23,1.09,0.89,0.09,378.08,0.36,0.8,0.69,"['1982-02-09', '2011-03-09', '2024-03-18']","[377.02, 381.17, 381.06]"
100641885282,Auckland,OmokoritoBay,1982-02-09,2024-03-18,42,3,3,3.18,3.71,0.08,0.07,0.08,376.83,0.25,1.2,0.82,0.07,377.71,0.4,0.88,0.51,"['1982-02-09', '2011-03-09', '2024-03-18']","[376.53, 380.24, 379.71]"
100641886064,Auckland,OmokoritoBay,1982-02-09,2024-03-18,42,3,3,-0.28,2.52,-0.01,0.07,0.01,378.22,0.4,1.94,0.01,-0.02,379.64,0.65,1.42,0.05,"['1982-02-09', '2011-03-09', '2024-03-18']","[377.75, 379.98, 377.46]"
100641887064,Auckland,OmokoritoBay,1982-02-09,2024-03-18,42,3,3,-4.54,5.92,-0.11,0.07,-0.08,380.61,0.75,3.6,0.32,-0.14,383.25,1.21,2.65,0.34,"['1982-02-09', '2011-03-09', '2024-03-18']","[379.72, 381.11, 375.18]"
100641887889,Auckland,OmokoritoBay,1982-02-09,2024-03-18,42,3,3,-2.54,3.66,-0.06,0.07,-0.04,382.57,0.47,2.29,0.25,-0.08,384.25,0.77,1.68,0.3,"['1982-02-09', '2011-03-09', '2024-03-18']","[382.0, 383.12, 379.46]"
100641888711,Auckland,OmokoritoBay,1982-02-09,2024-03-18,42,3,3,-1.72,2.65,-0.04,0.07,-0.03,384.76,0.35,1.69,0.21,-0.05,385.99,0.57,1.24,0.27,"['1982-02-09', '2011-03-09', '2024-03-18']","[384.34, 385.27, 382.62]"
100641889711,Auckland,OmokoritoBay,1982-02-09,2024-03-18,42,3,3,-4.77,4.77,-0.11,0.07,-0.11,386.68,0.16,0.75,0.95,-0.12,387.23,0.25,0.55,0.9,"['1982-02-09', '2011-03-09', '2024-03-18']","[386.49, 384.14, 381.73]"
100641890310,Auckland,OmokoritoBay,1982-02-09,2024-03-18,42,3,3,-8.71,8.71,-0.21,0.07,-0.2,387.93,0.19,0.89,0.98,-0.21,388.59,0.3,0.66,0.95,"['1982-02-09', '2011-03-09', '2024-03-18']","[387.71, 382.82, 379.0]"
100641890995,Auckland,OmokoritoBay,1982-02-09,2024-03-18,42,3,3,-7.41,7.97,-0.18,0.07,-0.19,388.36,0.47,2.28,0.87,-0.16,386.69,0.76,1.67,0.63,"['1982-02-09', '2011-03-09', '2024-03-18']","[388.92, 380.95, 381.51]"
100641891992,Auckland,OmokoritoBay,1982-02-09,2024-03-18,42,3,3,-2.77,6.08,-0.07,0.07,-0.09,386.79,0.69,3.33,0.4,-0.04,384.36,1.12,2.44,0.05,"['1982-02-09', '2011-03-09', '2024-03-18']","[387.61, 381.53, 384.84]"
100641892704,Auckland,OmokoritoBay,1982-02-09,2024-03-18,42,3,3,3.29,3.29,0.08,0.07,0.07,383.76,0.26,1.26,0.74,0.09,382.84,0.42,0.93,0.64,"['1982-02-09', '2011-03-09', '2024-03-18']","[384.07, 384.77, 387.36]"
100641893664,Auckland,OmokoritoBay,1982-02-09,2024-03-18,42,3,3,2.52,2.85,0.06,0.07,0.07,383.74,0.18,0.88,0.84,0.05,384.38,0.3,0.65,0.56,"['1982-02-09', '2011-03-09', '2024-03-18']","[383.52, 386.36, 386.03]"
100641894659,Auckland,OmokoritoBay,1982-02-09,2024-03-18,42,3,3,1.86,2.52,0.04,0.07,0.05,383.2,0.2,0.98,0.72,0.04,383.92,0.33,0.72,0.33,"['1982-02-09', '2011-03-09', '2024-03-18']","[382.96, 385.47, 384.82]"
100641895655,Auckland,OmokoritoBay,1982-02-09,2024-03-18,42,3,3,0.85,0.85,0.02,0.07,0.02,384.43,0.03,0.14,0.95,0.02,384.54,0.05,0.11,0.86,"['1982-02-09', '2011-03-09', '2024-03-18']","[384.4, 385.17, 385.25]"
100641896650,Auckland,OmokoritoBay,1982-02-09,2024-03-18,42,3,3,-2.64,2.64,-0.06,0.07,-0.06,388.49,0.06,0.27,0.98,-0.06,388.69,0.09,0.2,0.95,"['1982-02-09', '2011-03-09', '2024-03-18']","[388.42, 386.94, 385.78]"
100641897645,Auckland,OmokoritoBay,1982-02-09,2024-03-18,42,3,3,-6.07,6.07,-0.14,0.07,-0.14,391.62,0.07,0.35,0.99,-0.15,391.87,0.12,0.26,0.98,"['1982-02-09', '2011-03-09', '2024-03-18']","[391.53, 387.78, 385.46]"
100641898791,Auckland,OmokoritoBay,1982-02-09,2024-03-18,42,3,3,-4.27,4.27,-0.1,0.07,-0.1,391.33,0.06,0.31,0.99,-0.1,391.1,0.1,0.23,0.97,"['1982-02-09', '2011-03-09', '2024-03-18']","[391.41, 388.07, 387.14]"
100641899788,Auckland,OmokoritoBay,1982-02-09,2024-03-18,42,3,3,0.03,0.53,0.0,0.07,-0.0,390.32,0.09,0.42,0.03,0.0,390.01,0.14,0.31,0.03,"['1982-02-09', '2011-03-09', '2024-03-18']","[390.42, 389.91, 390.45]"
100641901213,Auckland,OmokoritoBay,1982-02-09,2024-03-18,42,3,3,5.07,5.07,0.12,0.07,0.13,389.34,0.17,0.81,0.96,0.11,389.93,0.27,0.6,0.87,"['1982-02-09', '2011-03-09', '2024-03-18']","[389.14, 393.66, 394.21]"
100641902211,Auckland,OmokoritoBay,1982-02-09,2024-03-18,42,3,3,8.79,11.43,0.21,0.07,0.24,388.6,0.89,4.27,0.74,0.17,391.72,1.43,3.14,0.37,"['1982-02-09', '2011-03-09', '2024-03-18']","[387.54, 398.97, 396.33]"
100641905071,Auckland,OmokoritoBay,1982-02-09,2024-03-18,42,3,3,9.82,9.82,0.23,0.07,0.24,386.25,0.25,1.22,0.97,0.22,387.14,0.41,0.9,0.92,"['1982-02-09', '2011-03-09', '2024-03-18']","[385.94, 394.26, 395.76]"
100641907031,Auckland,OmokoritoBay,1982-02-09,2024-03-18,42,3,3,9.19,9.19,0.22,0.07,0.22,384.39,0.1,0.48,0.99,0.21,384.74,0.16,0.35,0.99,"['1982-02-09', '2011-03-09', '2024-03-18']","[384.27, 391.22, 393.46]"
100641908441,Auckland,OmokoritoBay,1982-02-09,2024-03-18,42,3,3,8.86,8.86,0.21,0.07,0.22,382.62,0.2,0.95,0.98,0.2,383.32,0.32,0.7,0.94,"['1982-02-09', '2011-03-09', '2024-03-18']","[382.39, 389.69, 391.25]"
100641909773,Auckland,OmokoritoBay,1982-02-09,2024-03-18,42,3,3,8.8,8.8,0.21,0.07,0.22,380.82,0.26,1.26,0.97,0.2,381.74,0.42,0.93,0.9,"['1982-02-09', '2011-03-09', '2024-03-18']","[380.5, 388.17, 389.3]"
100641910764,Auckland,OmokoritoBay,1982-02-09,2024-03-18,42,3,3,8.33,8.33,0.2,0.07,0.21,378.59,0.25,1.2,0.96,0.19,379.47,0.4,0.88,0.9,"['1982-02-09', '2011-03-09', '2024-03-18']","[378.29, 385.55, 386.62]"
100641911951,Auckland,OmokoritoBay,1982-02-09,2024-03-18,42,3,3,9.2,9.2,0.22,0.07,0.23,375.14,0.23,1.09,0.98,0.21,375.93,0.37,0.8,0.93,"['1982-02-09', '2011-03-09', '2024-03-18']","[374.87, 382.59, 384.07]"
100641912940,Auckland,OmokoritoBay,1982-02-09,2024-03-18,42,3,3,9.71,9.71,0.23,0.07,0.24,371.73,0.24,1.18,0.97,0.22,372.59,0.39,0.86,0.93,"['1982-02-09', '2011-03-09', '2024-03-18']","[371.44, 379.62, 381.15]"
100641913930,Auckland,OmokoritoBay,1982-02-09,2024-03-18,42,3,3,7.73,7.73,0.18,0.07,0.2,369.77,0.34,1.62,0.93,0.17,370.95,0.54,1.19,0.8,"['1982-02-09', '2011-03-09', '2024-03-18']","[369.37, 376.73, 377.09]"
100641914919,Auckland,OmokoritoBay,1982-02-09,2024-03-18,42,3,3,10.73,10.73,0.25,0.07,0.25,367.23,0.14,0.68,0.99,0.26,366.74,0.23,0.5,0.98,"['1982-02-09', '2011-03-09', '2024-03-18']","[367.4, 373.97, 378.13]"
100641915909,Auckland,OmokoritoBay,1982-02-09,2024-03-18,42,3,3,11.99,11.99,0.28,0.07,0.26,365.7,0.58,2.82,0.89,0.31,363.64,0.95,2.07,0.81,"['1982-02-09', '2011-03-09', '2024-03-18']","[366.39, 371.14, 378.39]"
100641916898,Auckland,OmokoritoBay,1982-02-09,2024-03-18,42,3,3,9.46,9.46,0.22,0.07,0.21,367.24,0.44,2.11,0.9,0.24,365.7,0.71,1.55,0.82,"['1982-02-09', '2011-03-09', '2024-03-18']","[367.77, 371.65, 377.22]"
100641917888,Auckland,OmokoritoBay,1982-02-09,2024-03-18,42,3,3,5.57,5.57,0.13,0.07,0.13,368.91,0.17,0.83,0.96,0.14,368.3,0.28,0.61,0.91,"['1982-02-09', '2011-03-09', '2024-03-18']","[369.12, 371.92, 374.69]"
100641918747,Auckland,OmokoritoBay,1982-02-09,2024-03-18,42,3,3,4.85,4.85,0.12,0.07,0.11,368.72,0.28,1.34,0.85,0.13,367.74,0.45,0.99,0.76,"['1982-02-09', '2011-03-09', '2024-03-18']","[369.05, 370.72, 373.9]"
100641919737,Auckland,OmokoritoBay,1982-02-09,2024-03-18,42,3,3,3.04,3.04,0.07,0.07,0.08,367.39,0.14,0.7,0.92,0.07,367.89,0.23,0.51,0.76,"['1982-02-09', '2011-03-09', '2024-03-18']","[367.21, 370.19, 370.25]"
100641920467,Auckland,OmokoritoBay,1982-02-09,2024-03-18,42,3,3,3.71,4.4,0.09,0.07,0.1,365.77,0.3,1.46,0.81,0.08,366.84,0.49,1.08,0.49,"['1982-02-09', '2011-03-09', '2024-03-18']","[365.4, 369.8, 369.11]"
100641921459,Auckland,OmokoritoBay,1982-02-09,2024-03-18,42,3,3,6.82,7.1,0.16,0.07,0.18,362.77,0.39,1.91,0.89,0.15,364.17,0.64,1.4,0.68,"['1982-02-09', '2011-03-09', '2024-03-18']","[362.3, 369.41, 369.13]"
100641922110,Auckland,OmokoritoBay,1982-02-09,2024-03-18,42,3,3,10.79,10.79,0.26,0.07,0.27,359.62,0.37,1.81,0.95,0.24,360.94,0.61,1.33,0.86,"['1982-02-09', '2011-03-09', '2024-03-18']","[359.17, 368.89, 369.96]"
100641923047,Auckland,OmokoritoBay,1982-02-09,2024-03-18,42,3,3,12.49,12.49,0.3,0.07,0.31,357.97,0.36,1.75,0.97,0.28,359.26,0.59,1.29,0.9,"['1982-02-09', '2011-03-09', '2024-03-18']","[357.54, 368.37, 370.03]"
100641923754,Auckland,OmokoritoBay,1982-02-09,2024-03-18,42,3,3,11.59,11.59,0.28,0.07,0.28,358.59,0.25,1.2,0.98,0.27,359.46,0.4,0.88,0.95,"['1982-02-09', '2011-03-09', '2024-03-18']","[358.3, 367.8, 369.88]"
100641924278,Auckland,OmokoritoBay,1982-02-09,2024-03-18,42,3,3,9.09,9.09,0.22,0.07,0.23,359.38,0.28,1.35,0.96,0.2,360.37,0.45,0.99,0.89,"['1982-02-09', '2011-03-09', '2024-03-18']","[359.05, 367.02, 368.14]"
100641925023,Auckland,OmokoritoBay,1982-02-09,2024-03-18,42,3,3,6.93,7.4,0.16,0.07,0.18,359.47,0.43,2.09,0.87,0.15,360.99,0.7,1.53,0.64,"['1982-02-09', '2011-03-09', '2024-03-18']","[358.95, 366.36, 365.89]"
100641925705,Auckland,OmokoritoBay,1982-02-09,2024-03-18,42,3,3,9.58,9.58,0.23,0.07,0.24,357.47,0.38,1.84,0.94,0.21,358.82,0.62,1.35,0.83,"['1982-02-09', '2011-03-09', '2024-03-18']","[357.02, 365.94, 366.59]"
100641926240,Auckland,OmokoritoBay,1982-02-09,2024-03-18,42,3,3,11.36,11.36,0.27,0.07,0.28,356.26,0.29,1.4,0.97,0.26,357.28,0.47,1.02,0.92,"['1982-02-09', '2011-03-09', '2024-03-18']","[355.92, 365.51, 367.28]"
100641926974,Auckland,OmokoritoBay,1982-02-09,2024-03-18,42,3,3,10.71,10.71,0.25,0.07,0.27,356.79,0.47,2.25,0.93,0.24,358.44,0.75,1.65,0.8,"['1982-02-09', '2011-03-09', '2024-03-18']","[356.24, 366.45, 366.95]"
100641927901,Auckland,OmokoritoBay,1982-02-09,2024-03-18,42,3,3,10.06,11.09,0.24,0.07,0.26,357.38,0.68,3.3,0.85,0.21,359.79,1.11,2.43,0.59,"['1982-02-09', '2011-03-09', '2024-03-18']","[356.56, 367.66, 366.63]"
100641928575,Auckland,OmokoritoBay,1982-02-09,2024-03-18,42,3,3,8.9,11.66,0.21,0.07,0.24,357.56,0.91,4.39,0.74,0.18,360.78,1.47,3.23,0.36,"['1982-02-09', '2011-03-09', '2024-03-18']","[356.48, 368.14, 365.38]"
100641929573,Auckland,OmokoritoBay,1982-02-09,2024-03-18,42,3,3,7.86,10.0,0.19,0.07,0.21,356.92,0.75,3.64,0.76,0.16,359.58,1.22,2.67,0.4,"['1982-02-09', '2011-03-09', '2024-03-18']","[356.02, 366.02, 363.88]"
100641930341,Auckland,OmokoritoBay,1982-02-09,2024-03-18,42,3,3,7.93,8.52,0.19,0.07,0.21,356.16,0.5,2.43,0.87,0.17,357.93,0.81,1.78,0.63,"['1982-02-09', '2011-03-09', '2024-03-18']","[355.56, 364.08, 363.48]"
100641931338,Auckland,OmokoritoBay,1982-02-09,2024-03-18,42,3,3,8.23,10.31,0.2,0.07,0.22,356.44,0.76,3.68,0.77,0.17,359.14,1.24,2.71,0.42,"['1982-02-09', '2011-03-09', '2024-03-18']","[355.53, 365.84, 363.77]"
100641932336,Auckland,OmokoritoBay,1982-02-09,2024-03-18,42,3,3,8.53,10.73,0.2,0.07,0.23,358.21,0.8,3.86,0.77,0.17,361.03,1.3,2.84,0.41,"['1982-02-09', '2011-03-09', '2024-03-18']","[357.25, 367.99, 365.78]"
100641933333,Auckland,OmokoritoBay,1982-02-09,2024-03-18,42,3,3,8.2,12.79,0.19,0.07,0.24,361.33,1.18,5.68,0.62,0.15,365.48,1.91,4.17,0.2,"['1982-02-09', '2011-03-09', '2024-03-18']","[359.92, 372.71, 368.12]"
100641934330,Auckland,OmokoritoBay,1982-02-09,2024-03-18,42,3,3,5.31,10.76,0.13,0.07,0.17,366.35,1.17,5.66,0.45,0.08,370.49,1.9,4.15,0.07,"['1982-02-09', '2011-03-09', '2024-03-18']","[364.96, 375.72, 370.27]"
100641935560,Auckland,OmokoritoBay,1982-02-09,2024-03-18,42,3,3,2.19,7.73,0.05,0.07,0.09,371.15,1.03,4.96,0.23,0.01,374.78,1.66,3.64,0.0,"['1982-02-09', '2011-03-09', '2024-03-18']","[369.93, 377.66, 372.12]"
100641936559,Auckland,OmokoritoBay,1982-02-09,2024-03-18,42,3,3,0.57,6.58,0.01,0.07,0.05,374.24,1.02,4.93,0.08,-0.03,377.85,1.65,3.62,0.01,"['1982-02-09', '2011-03-09', '2024-03-18']","[373.03, 379.6, 373.6]"
100641938323,Auckland,OmokoritoBay,1982-02-09,2024-03-18,42,3,3,-0.55,5.83,-0.01,0.07,0.02,374.91,0.93,4.51,0.02,-0.05,378.21,1.51,3.31,0.04,"['1982-02-09', '2011-03-09', '2024-03-18']","[373.8, 379.07, 373.24]"
100641939323,Auckland,OmokoritoBay,1982-02-09,2024-03-18,42,3,3,-1.95,5.72,-0.05,0.07,-0.02,375.57,0.85,4.08,0.02,-0.08,378.55,1.37,3.0,0.12,"['1982-02-09', '2011-03-09', '2024-03-18']","[374.56, 378.33, 372.61]"
100641940862,Auckland,OmokoritoBay,1982-02-09,2024-03-18,42,3,3,-1.66,5.56,-0.04,0.07,-0.01,374.06,0.83,4.03,0.01,-0.07,377.0,1.35,2.96,0.1,"['1982-02-09', '2011-03-09', '2024-03-18']","[373.06, 376.96, 371.4]"
100641942293,Auckland,OmokoritoBay,1982-02-09,2024-03-18,42,3,3,-1.12,1.12,-0.03,0.07,-0.02,371.37,0.05,0.26,0.9,-0.03,371.56,0.09,0.19,0.81,"['1982-02-09', '2011-03-09', '2024-03-18']","[371.3, 370.85, 370.18]"
100641944207,Auckland,OmokoritoBay,1982-02-09,2024-03-18,42,3,3,-1.37,4.77,-0.03,0.07,-0.05,368.81,0.63,3.05,0.23,-0.01,366.58,1.02,2.24,0.0,"['1982-02-09', '2011-03-09', '2024-03-18']","[369.56, 364.79, 368.18]"
100641945201,Auckland,OmokoritoBay,1982-02-09,2024-03-18,42,3,3,2.26,3.4,0.05,0.07,0.04,363.02,0.45,2.15,0.22,0.07,361.45,0.72,1.58,0.28,"['1982-02-09', '2011-03-09', '2024-03-18']","[363.55, 362.41, 365.81]"
100641946735,Auckland,OmokoritoBay,1982-02-09,2024-03-18,42,3,3,5.77,5.77,0.14,0.07,0.13,357.14,0.15,0.73,0.97,0.14,356.6,0.25,0.54,0.93,"['1982-02-09', '2011-03-09', '2024-03-18']","[357.32, 360.38, 363.09]"
100641947726,Auckland,OmokoritoBay,1982-02-09,2024-03-18,42,3,3,5.93,5.93,0.14,0.07,0.14,354.19,0.02,0.08,1.0,0.14,354.25,0.03,0.06,1.0,"['1982-02-09', '2011-03-09', '2024-03-18']","[354.17, 358.37, 360.1]"
100641948963,Auckland,OmokoritoBay,1982-02-09,2024-03-18,42,3,3,6.43,6.43,0.15,0.07,0.15,352.89,0.04,0.22,1.0,0.15,352.73,0.07,0.16,0.99,"['1982-02-09', '2011-03-09', '2024-03-18']","[352.94, 357.11, 359.37]"
100641949951,Auckland,OmokoritoBay,1982-02-09,2024-03-18,42,3,3,6.38,6.38,0.15,0.07,0.15,351.67,0.03,0.15,1.0,0.15,351.56,0.05,0.11,1.0,"['1982-02-09', '2011-03-09', '2024-03-18']","[351.71, 355.93, 358.08]"
100641950940,Auckland,OmokoritoBay,1982-02-09,2024-03-18,42,3,3,6.33,6.33,0.15,0.07,0.15,350.46,0.02,0.08,1.0,0.15,350.41,0.03,0.06,1.0,"['1982-02-09', '2011-03-09', '2024-03-18']","[350.48, 354.75, 356.81]"
100641951929,Auckland,OmokoritoBay,1982-02-09,2024-03-18,42,3,3,10.51,10.51,0.25,0.07,0.24,350.47,0.36,1.73,0.95,0.26,349.21,0.58,1.27,0.89,"['1982-02-09', '2011-03-09', '2024-03-18']","[350.9, 355.99, 361.41]"
100641952917,Auckland,OmokoritoBay,1982-02-09,2024-03-18,42,3,3,9.68,9.68,0.23,0.07,0.24,351.77,0.26,1.24,0.97,0.22,352.68,0.42,0.91,0.92,"['1982-02-09', '2011-03-09', '2024-03-18']","[351.47, 359.7, 361.15]"
100641953906,Auckland,OmokoritoBay,1982-02-09,2024-03-18,42,3,3,9.56,10.74,0.23,0.07,0.25,352.85,0.68,3.3,0.84,0.2,355.26,1.11,2.42,0.57,"['1982-02-09', '2011-03-09', '2024-03-18']","[352.03, 362.77, 361.59]"
100641954895,Auckland,OmokoritoBay,1982-02-09,2024-03-18,42,3,3,7.58,12.25,0.18,0.07,0.22,353.98,1.16,5.59,0.59,0.13,358.07,1.88,4.11,0.17,"['1982-02-09', '2011-03-09', '2024-03-18']","[352.6, 364.85, 360.18]"
100641955671,Auckland,OmokoritoBay,1982-02-09,2024-03-18,42,3,3,5.55,10.65,0.13,0.07,0.17,353.54,1.13,5.43,0.48,0.09,357.51,1.82,3.99,0.08,"['1982-02-09', '2011-03-09', '2024-03-18']","[352.2, 362.84, 357.75]"
100641956661,Auckland,OmokoritoBay,1982-02-09,2024-03-18,42,3,3,4.28,7.47,0.1,0.07,0.13,352.47,0.75,3.6,0.54,0.07,355.1,1.21,2.65,0.13,"['1982-02-09', '2011-03-09', '2024-03-18']","[351.58, 359.05, 355.86]"
100641957652,Auckland,OmokoritoBay,1982-02-09,2024-03-18,42,3,3,2.42,3.84,0.06,0.07,0.07,351.37,0.36,1.73,0.6,0.04,352.64,0.58,1.27,0.18,"['1982-02-09', '2011-03-09', '2024-03-18']","[350.94, 354.79, 353.36]"
100641958326,Auckland,OmokoritoBay,1982-02-09,2024-03-18,42,3,3,0.87,1.02,0.02,0.07,0.02,350.16,0.12,0.6,0.4,0.03,349.72,0.2,0.44,0.39,"['1982-02-09', '2011-03-09', '2024-03-18']","[350.3, 350.15, 351.17]"
100641959253,Auckland,OmokoritoBay,1982-02-09,2024-03-18,42,3,3,-0.6,3.11,-0.01,0.07,-0.03,348.12,0.44,2.14,0.15,0.0,346.55,0.72,1.57,0.0,"['1982-02-09', '2011-03-09', '2024-03-18']","[348.65, 345.54, 348.04]"
100641960247,Auckland,OmokoritoBay,1982-02-09,2024-03-18,42,3,3,-0.62,1.12,-0.01,0.07,-0.02,346.29,0.11,0.55,0.52,-0.01,345.89,0.18,0.4,0.11,"['1982-02-09', '2011-03-09', '2024-03-18']","[346.42, 345.31, 345.8]"
100641961081,Auckland,OmokoritoBay,1982-02-09,2024-03-18,42,3,3,3.42,3.42,0.08,0.07,0.07,343.9,0.22,1.07,0.81,0.09,343.12,0.36,0.79,0.71,"['1982-02-09', '2011-03-09', '2024-03-18']","[344.17, 345.18, 347.59]"
100641961985,Auckland,OmokoritoBay,1982-02-09,2024-03-18,42,3,3,3.43,3.43,0.08,0.07,0.08,342.69,0.04,0.19,0.99,0.08,342.83,0.06,0.14,0.98,"['1982-02-09', '2011-03-09', '2024-03-18']","[342.65, 345.25, 346.07]"
100641962918,Auckland,OmokoritoBay,1982-02-09,2024-03-18,42,3,3,2.24,2.82,0.05,0.07,0.06,343.03,0.21,1.01,0.77,0.04,343.77,0.34,0.74,0.41,"['1982-02-09', '2011-03-09', '2024-03-18']","[342.78, 345.6, 345.02]"
100641963781,Auckland,OmokoritoBay,1982-02-09,2024-03-18,42,3,3,1.55,2.09,0.04,0.07,0.04,343.11,0.17,0.81,0.72,0.03,343.71,0.27,0.6,0.33,"['1982-02-09', '2011-03-09', '2024-03-18']","[342.91, 345.01, 344.47]"
100641964754,Auckland,OmokoritoBay,1982-02-09,2024-03-18,42,3,3,2.63,2.9,0.06,0.07,0.05,342.14,0.34,1.66,0.46,0.08,340.93,0.56,1.22,0.43,"['1982-02-09', '2011-03-09', '2024-03-18']","[342.55, 342.29, 345.19]"
100641965513,Auckland,OmokoritoBay,1982-02-09,2024-03-18,42,3,3,4.22,4.22,0.1,0.07,0.09,341.31,0.38,1.84,0.68,0.12,339.97,0.62,1.35,0.58,"['1982-02-09', '2011-03-09', '2024-03-18']","[341.77, 342.38, 345.99]"
100641966511,Auckland,OmokoritoBay,1982-02-09,2024-03-18,42,3,3,4.86,4.86,0.12,0.07,0.11,340.86,0.09,0.42,0.99,0.12,340.55,0.14,0.31,0.97,"['1982-02-09', '2011-03-09', '2024-03-18']","[340.97, 343.79, 345.83]"
100641967227,Auckland,OmokoritoBay,1982-02-09,2024-03-18,42,3,3,5.29,5.29,0.13,0.07,0.13,340.44,0.22,1.09,0.93,0.12,341.24,0.36,0.8,0.8,"['1982-02-09', '2011-03-09', '2024-03-18']","[340.18, 345.19, 345.47]"
100641968226,Auckland,OmokoritoBay,1982-02-09,2024-03-18,42,3,3,5.96,6.47,0.14,0.07,0.16,339.88,0.39,1.88,0.86,0.13,341.25,0.63,1.38,0.62,"['1982-02-09', '2011-03-09', '2024-03-18']","[339.41, 345.88, 345.37]"
100641969226,Auckland,OmokoritoBay,1982-02-09,2024-03-18,42,3,3,6.33,7.44,0.15,0.07,0.17,339.5,0.51,2.44,0.81,0.13,341.28,0.82,1.79,0.5,"['1982-02-09', '2011-03-09', '2024-03-18']","[338.89, 346.33, 345.23]"
100641970049,Auckland,OmokoritoBay,1982-02-09,2024-03-18,42,3,3,6.1,7.59,0.14,0.07,0.16,339.04,0.56,2.69,0.78,0.12,341.01,0.9,1.98,0.43,"['1982-02-09', '2011-03-09', '2024-03-18']","[338.38, 345.97, 344.48]"
100641971048,Auckland,OmokoritoBay,1982-02-09,2024-03-18,42,3,3,5.74,6.33,0.14,0.07,0.15,338.32,0.39,1.88,0.85,0.12,339.7,0.63,1.38,0.59,"['1982-02-09', '2011-03-09', '2024-03-18']","[337.86, 344.19, 343.6]"
100641972048,Auckland,OmokoritoBay,1982-02-09,2024-03-18,42,3,3,4.02,4.41,0.1,0.07,0.1,338.63,0.27,1.3,0.86,0.09,339.59,0.44,0.95,0.6,"['1982-02-09', '2011-03-09', '2024-03-18']","[338.31, 342.72, 342.34]"
100641973048,Auckland,OmokoritoBay,1982-02-09,2024-03-18,42,3,3,1.22,2.73,0.03,0.07,0.04,339.23,0.31,1.51,0.4,0.02,340.34,0.51,1.11,0.04,"['1982-02-09', '2011-03-09', '2024-03-18']","[338.86, 341.6, 340.09]"
100641973924,Auckland,OmokoritoBay,1982-02-09,2024-03-18,42,3,3,-2.0,3.05,-0.05,0.07,-0.03,339.89,0.4,1.94,0.22,-0.06,341.31,0.65,1.42,0.27,"['1982-02-09', '2011-03-09', '2024-03-18']","[339.41, 340.47, 337.42]"
100641974924,Auckland,OmokoritoBay,1982-02-09,2024-03-18,42,3,3,-3.71,3.71,-0.09,0.07,-0.08,340.18,0.35,1.71,0.65,-0.1,341.43,0.57,1.25,0.56,"['1982-02-09', '2011-03-09', '2024-03-18']","[339.76, 339.33, 336.05]"
100641975838,Auckland,OmokoritoBay,1982-02-09,2024-03-18,42,3,3,-4.15,4.15,-0.1,0.07,-0.09,339.69,0.32,1.53,0.75,-0.11,340.81,0.51,1.12,0.65,"['1982-02-09', '2011-03-09', '2024-03-18']","[339.31, 338.36, 335.16]"
100641976760,Auckland,OmokoritoBay,1982-02-09,2024-03-18,42,3,3,-3.78,3.78,-0.09,0.07,-0.08,339.09,0.19,0.91,0.89,-0.1,339.76,0.3,0.67,0.8,"['1982-02-09', '2011-03-09', '2024-03-18']","[338.87, 337.4, 335.09]"
100641977688,Auckland,OmokoritoBay,1982-02-09,2024-03-18,42,3,3,-2.46,2.46,-0.06,0.07,-0.06,338.15,0.04,0.19,0.99,-0.06,338.29,0.06,0.14,0.97,"['1982-02-09', '2011-03-09', '2024-03-18']","[338.1, 336.64, 335.64]"
100641978538,Auckland,OmokoritoBay,1982-02-09,2024-03-18,42,3,3,-1.74,1.74,-0.04,0.07,-0.04,337.02,0.03,0.14,0.99,-0.04,337.12,0.05,0.11,0.97,"['1982-02-09', '2011-03-09', '2024-03-18']","[336.98, 335.96, 335.24]"
100641979538,Auckland,OmokoritoBay,1982-02-09,2024-03-18,42,3,3,-1.08,1.08,-0.03,0.07,-0.02,336.0,0.12,0.57,0.57,-0.03,336.41,0.19,0.42,0.5,"['1982-02-09', '2011-03-09', '2024-03-18']","[335.86, 335.82, 334.78]"
100641980306,Auckland,OmokoritoBay,1982-02-09,2024-03-18,42,3,3,0.44,0.44,0.01,0.07,0.01,336.08,0.02,0.09,0.92,0.01,336.01,0.03,0.07,0.85,"['1982-02-09', '2011-03-09', '2024-03-18']","[336.1, 336.29, 336.54]"
100641981305,Auckland,OmokoritoBay,1982-02-09,2024-03-18,42,3,3,1.18,1.65,0.03,0.07,0.02,336.97,0.21,1.02,0.27,0.04,336.22,0.34,0.75,0.31,"['1982-02-09', '2011-03-09', '2024-03-18']","[337.22, 336.76, 338.4]"
100641982305,Auckland,OmokoritoBay,1982-02-09,2024-03-18,42,3,3,2.05,2.61,0.05,0.07,0.04,337.96,0.33,1.57,0.34,0.06,336.81,0.53,1.16,0.35,"['1982-02-09', '2011-03-09', '2024-03-18']","[338.35, 337.79, 340.4]"
100641983043,Auckland,OmokoritoBay,1982-02-09,2024-03-18,42,3,3,2.27,3.36,0.05,0.07,0.04,339.9,0.44,2.12,0.24,0.07,338.35,0.71,1.56,0.29,"['1982-02-09', '2011-03-09', '2024-03-18']","[340.43, 339.34, 342.7]"
100641984042,Auckland,OmokoritoBay,1982-02-09,2024-03-18,42,3,3,1.79,1.79,0.04,0.07,0.04,342.48,0.05,0.23,0.97,0.04,342.31,0.08,0.17,0.93,"['1982-02-09', '2011-03-09', '2024-03-18']","[342.54, 343.48, 344.33]"
100641984689,Auckland,OmokoritoBay,1982-02-09,2024-03-18,42,3,3,0.9,2.78,0.02,0.07,0.03,345.08,0.36,1.72,0.26,0.01,346.34,0.58,1.26,0.01,"['1982-02-09', '2011-03-09', '2024-03-18']","[344.66, 347.44, 345.56]"
100641985686,Auckland,OmokoritoBay,1982-02-09,2024-03-18,42,3,3,0.33,0.33,0.01,0.07,0.01,345.99,0.0,0.01,1.0,0.01,345.98,0.0,0.01,0.99,"['1982-02-09', '2011-03-09', '2024-03-18']","[346.0, 346.21, 346.33]"
100641986577,Auckland,OmokoritoBay,1982-02-09,2024-03-18,42,3,3,-0.07,1.2,-0.0,0.07,-0.01,346.77,0.19,0.92,0.07,0.01,346.1,0.31,0.67,0.01,"['1982-02-09', '2011-03-09', '2024-03-18']","[347.0, 345.8, 346.93]"
100641987310,Auckland,OmokoritoBay,1982-02-09,2024-03-18,42,3,3,-0.85,0.85,-0.02,0.07,-0.02,348.11,0.09,0.44,0.57,-0.02,348.44,0.15,0.33,0.5,"['1982-02-09', '2011-03-09', '2024-03-18']","[348.0, 347.98, 347.16]"
100641988305,Auckland,OmokoritoBay,1982-02-09,2024-03-18,42,3,3,3.02,3.02,0.07,0.07,0.07,348.84,0.04,0.2,0.99,0.07,348.7,0.07,0.14,0.98,"['1982-02-09', '2011-03-09', '2024-03-18']","[348.89, 350.73, 351.9]"
100641988946,Auckland,OmokoritoBay,1982-02-09,2024-03-18,42,3,3,6.46,6.46,0.15,0.07,0.15,349.68,0.04,0.19,1.0,0.16,349.54,0.06,0.14,1.0,"['1982-02-09', '2011-03-09', '2024-03-18']","[349.73, 353.95, 356.19]"
100641989938,Auckland,OmokoritoBay,1982-02-09,2024-03-18,42,3,3,7.58,7.58,0.18,0.07,0.17,350.33,0.29,1.4,0.93,0.19,349.3,0.47,1.03,0.87,"['1982-02-09', '2011-03-09', '2024-03-18']","[350.67, 354.15, 358.25]"
100641990930,Auckland,OmokoritoBay,1982-02-09,2024-03-18,42,3,3,4.73,4.73,0.11,0.07,0.11,351.77,0.14,0.67,0.96,0.12,351.27,0.23,0.49,0.92,"['1982-02-09', '2011-03-09', '2024-03-18']","[351.93, 354.35, 356.66]"
100641991456,Auckland,OmokoritoBay,1982-02-09,2024-03-18,42,3,3,2.16,2.16,0.05,0.07,0.05,353.18,0.0,0.01,1.0,0.05,353.18,0.0,0.01,1.0,"['1982-02-09', '2011-03-09', '2024-03-18']","[353.19, 354.66, 355.34]"
100641992443,Auckland,OmokoritoBay,1982-02-09,2024-03-18,42,3,3,3.7,3.7,0.09,0.07,0.08,354.05,0.31,1.51,0.71,0.1,352.95,0.5,1.11,0.61,"['1982-02-09', '2011-03-09', '2024-03-18']","[354.42, 355.09, 358.13]"
100641993123,Auckland,OmokoritoBay,1982-02-09,2024-03-18,42,3,3,5.09,5.09,0.12,0.07,0.1,354.98,0.56,2.71,0.56,0.14,352.99,0.91,1.99,0.5,"['1982-02-09', '2011-03-09', '2024-03-18']","[355.65, 355.76, 360.73]"
100641993782,Auckland,OmokoritoBay,1982-02-09,2024-03-18,42,3,3,6.41,6.41,0.15,0.07,0.13,356.18,0.57,2.73,0.69,0.17,354.19,0.92,2.01,0.59,"['1982-02-09', '2011-03-09', '2024-03-18']","[356.86, 357.86, 363.27]"
100641994737,Auckland,OmokoritoBay,1982-02-09,2024-03-18,42,3,3,8.59,8.59,0.2,0.07,0.19,357.47,0.51,2.47,0.84,0.22,355.66,0.83,1.81,0.75,"['1982-02-09', '2011-03-09', '2024-03-18']","[358.08, 360.92, 366.67]"
100641999886,Auckland,OmokoritoBay,1982-02-09,2024-03-18,42,3,3,-17.13,17.13,-0.41,0.07,-0.39,395.04,0.58,2.78,0.95,-0.42,397.29,1.0,2.12,0.88,"['1982-02-09', '2011-03-09', '2024-03-18']","[394.36, 386.02, 377.23]"
100642000107,Auckland,OmokoritoBay,1982-02-09,2024-03-18,42,4,4,-13.54,25.91,-0.32,0.07,-0.39,394.85,0.89,9.63,0.45,-0.41,395.26,0.73,3.51,0.58,"['1982-02-09', '1996-02-05', '2011-03-09', '2024-03-18']","[387.45, 399.82, 384.79, 373.91]"
100642000531,Auckland,OmokoritoBay,1982-02-09,2024-03-18,42,4,4,-12.39,26.11,-0.29,0.07,-0.36,393.22,0.95,10.24,0.39,-0.39,394.08,0.81,3.91,0.5,"['1982-02-09', '1996-02-05', '2011-03-09', '2024-03-18']","[385.34, 399.06, 384.55, 372.95]"
100642000774,Auckland,OmokoritoBay,1982-02-09,2024-03-18,42,4,4,-11.42,23.03,-0.27,0.07,-0.34,391.95,0.81,8.76,0.43,-0.35,391.97,0.64,3.06,0.57,"['1982-02-09', '1996-02-05', '2011-03-09', '2024-03-18']","[385.24, 396.84, 382.88, 373.82]"
100642001012,Auckland,OmokoritoBay,1982-02-09,2024-03-18,42,4,4,-11.38,20.37,-0.27,0.07,-0.33,391.29,0.67,7.24,0.52,-0.34,390.77,0.49,2.34,0.67,"['1982-02-09', '1996-02-05', '2011-03-09', '2024-03-18']","[385.8, 394.79, 381.65, 374.42]"
100642001441,Auckland,OmokoritoBay,1982-02-09,2024-03-18,42,4,4,-9.23,17.32,-0.22,0.07,-0.27,390.87,0.58,6.33,0.48,-0.28,390.64,0.44,2.12,0.63,"['1982-02-09', '1996-02-05', '2011-03-09', '2024-03-18']","[386.04, 394.13, 383.27, 376.81]"
100642001442,Auckland,OmokoritoBay,1982-02-09,2024-03-18,42,4,4,-9.03,16.8,-0.21,0.07,-0.25,390.96,0.58,6.27,0.44,-0.27,391.93,0.54,2.6,0.52,"['1982-02-09', '1996-02-05', '2011-03-09', '2024-03-18']","[386.13, 393.91, 385.33, 377.1]"
100642001641,Auckland,OmokoritoBay,1982-02-09,2024-03-18,42,4,4,-10.09,19.18,-0.24,0.07,-0.3,392.34,0.65,7.06,0.47,-0.31,392.13,0.49,2.38,0.62,"['1982-02-09', '1996-02-05', '2011-03-09', '2024-03-18']","[386.95, 396.05, 384.07, 376.86]"
100642002167,Auckland,OmokoritoBay,1982-02-09,2024-03-18,42,4,4,-10.4,19.43,-0.25,0.07,-0.32,392.57,0.66,7.11,0.5,-0.31,391.3,0.44,2.1,0.69,"['1982-02-09', '1996-02-05', '2011-03-09', '2024-03-18']","[387.31, 396.34, 382.51, 376.91]"
100642022818,Auckland,OmokoritoBay,1982-02-09,2024-03-18,42,4,4,-10.47,19.05,-0.25,0.07,-0.32,392.17,0.64,6.89,0.52,-0.31,390.71,0.42,2.0,0.71,"['1982-02-09', '1996-02-05', '2011-03-09', '2024-03-18']","[387.12, 395.71, 381.8, 376.66]"
100642024314,Auckland,OmokoritoBay,1982-02-09,2024-03-18,42,4,4,-10.92,19.5,-0.26,0.07,-0.34,392.16,0.65,7.01,0.54,-0.32,390.4,0.42,2.01,0.72,"['1982-02-09', '1996-02-05', '2011-03-09', '2024-03-18']","[387.09, 395.66, 381.03, 376.17]"
100642027104,Auckland,OmokoritoBay,1982-02-09,2024-03-18,42,4,4,-5.59,11.63,-0.13,0.07,-0.2,389.68,0.43,4.66,0.49,-0.16,386.29,0.43,2.09,0.38,"['1982-02-09', '1996-02-05', '2011-03-09', '2024-03-18']","[387.38, 391.86, 380.24, 381.79]"
100642028101,Auckland,OmokoritoBay,1975-04-15,2024-03-18,49,5,5,-17.12,17.12,-0.35,0.09,-0.33,393.52,0.13,2.26,0.92,-0.3,391.85,0.12,0.83,0.92,"['1975-04-15', '1982-02-09', '1996-02-05', '2011-03-09', '2024-03-18']","[395.18, 388.54, 388.51, 380.56, 378.05]"
100642029434,Auckland,OmokoritoBay,1975-04-15,2024-03-18,49,5,5,-13.66,13.66,-0.28,0.09,-0.28,391.09,0.09,1.51,0.95,-0.3,391.71,0.07,0.52,0.97,"['1975-04-15', '1982-02-09', '1996-02-05', '2011-03-09', '2024-03-18']","[389.9, 389.11, 387.27, 381.22, 376.23]"
100642030429,Auckland,OmokoritoBay,1975-04-15,2024-03-18,49,5,5,-12.7,12.7,-0.26,0.09,-0.25,390.22,0.07,1.13,0.96,-0.25,390.46,0.07,0.48,0.96,"['1975-04-15', '1982-02-09', '1996-02-05', '2011-03-09', '2024-03-18']","[390.11, 387.57, 386.56, 381.79, 377.41]"
100642031424,Auckland,OmokoritoBay,1975-04-15,2024-03-18,49,5,5,-10.77,10.77,-0.22,0.09,-0.2,387.78,0.07,1.22,0.94,-0.21,388.29,0.09,0.63,0.91,"['1975-04-15', '1982-02-09', '1996-02-05', '2011-03-09', '2024-03-18']","[387.57, 385.46, 384.96, 381.18, 376.79]"
100642045092,Auckland,OmokoritoBay,1975-04-15,2024-03-18,49,5,5,-8.46,8.46,-0.17,0.09,-0.17,385.9,0.05,0.84,0.96,-0.19,386.78,0.08,0.53,0.92,"['1975-04-15', '1982-02-09', '1996-02-05', '2011-03-09', '2024-03-18']","[385.17, 385.14, 382.58, 380.58, 376.71]"
100642045402,Auckland,OmokoritoBay,1975-04-15,2024-03-18,49,5,5,-6.28,7.31,-0.13,0.09,-0.12,383.8,0.09,1.47,0.8,-0.14,385.38,0.13,0.94,0.68,"['1975-04-15', '1982-02-09', '1996-02-05', '2011-03-09', '2024-03-18']","[382.93, 383.96, 380.39, 381.05, 376.65]"
100642045930,Auckland,OmokoritoBay,1975-04-15,2024-03-18,49,5,5,-3.87,5.1,-0.08,0.09,-0.06,381.05,0.12,2.05,0.33,-0.08,383.27,0.21,1.46,0.22,"['1975-04-15', '1982-02-09', '1996-02-05', '2011-03-09', '2024-03-18']","[380.36, 381.44, 378.52, 381.59, 376.49]"
100642046143,Auckland,OmokoritoBay,1975-04-15,2024-03-18,49,5,5,-2.05,6.11,-0.04,0.09,-0.02,379.28,0.17,2.94,0.04,-0.06,382.43,0.28,1.97,0.07,"['1975-04-15', '1982-02-09', '1996-02-05', '2011-03-09', '2024-03-18']","[378.05, 380.71, 376.84, 382.12, 376.0]"
100642046768,Auckland,OmokoritoBay,1975-04-15,2024-03-18,49,4,4,-0.26,5.48,-0.01,0.09,0.03,375.99,0.24,2.95,0.07,-0.04,380.75,0.48,2.05,0.03,"['1975-04-15', '1996-02-05', '2011-03-09', '2024-03-18']","[376.01, 375.05, 380.54, 375.75]"
100642046954,Auckland,OmokoritoBay,1975-04-15,2024-03-18,49,5,5,1.04,21.21,0.02,0.09,-0.13,381.84,0.55,9.45,0.09,-0.23,386.72,0.42,2.89,0.36,"['1975-04-15', '1982-02-09', '1996-02-05', '2011-03-09', '2024-03-18']","[374.21, 393.72, 372.51, 378.79, 375.24]"
100642047604,Auckland,OmokoritoBay,1975-04-15,2024-03-18,49,5,5,0.0,14.85,0.0,0.09,-0.08,377.31,0.37,6.41,0.07,-0.14,381.26,0.3,2.09,0.29,"['1975-04-15', '1982-02-09', '1996-02-05', '2011-03-09', '2024-03-18']","[372.94, 384.87, 370.02, 377.03, 372.94]"
100642047803,Auckland,OmokoritoBay,1975-04-15,2024-03-18,49,5,5,-0.47,10.13,-0.01,0.09,-0.03,373.98,0.25,4.3,0.03,-0.06,376.57,0.22,1.52,0.12,"['1975-04-15', '1982-02-09', '1996-02-05', '2011-03-09', '2024-03-18']","[372.58, 378.12, 367.99, 375.28, 372.11]"
100642249498,Auckland,OmokoritoBay,1996-02-05,2024-03-18,28,3,3,-9.7,9.7,-0.35,0.15,-0.35,138.52,0.34,1.06,0.98,-0.29,137.02,0.44,0.6,0.94,"['1996-02-05', '2011-03-09', '2024-03-18']","[138.92, 132.41, 129.21]"
100642251651,Auckland,OmokoritoBay,1996-02-05,2024-03-18,28,3,3,-12.01,12.01,-0.43,0.15,-0.43,140.66,0.85,2.69,0.91,-0.29,136.86,1.13,1.52,0.72,"['1996-02-05', '2011-03-09', '2024-03-18']","[141.68, 131.94, 129.67]"
100642252760,Auckland,OmokoritoBay,1982-02-09,2024-03-18,42,4,4,-9.47,15.57,-0.22,0.09,-0.28,141.32,0.49,5.33,0.59,-0.29,140.53,0.34,1.47,0.76,"['1982-02-09', '1996-02-05', '2011-03-09', '2024-03-18']","[137.49, 143.59, 131.93, 128.02]"
100642253757,Auckland,OmokoritoBay,1982-02-09,2024-03-18,42,4,4,-10.29,16.29,-0.24,0.09,-0.31,142.16,0.51,5.54,0.61,-0.31,140.67,0.37,1.58,0.75,"['1982-02-09', '1996-02-05', '2011-03-09', '2024-03-18']","[138.33, 144.33, 131.36, 128.04]"
100642254754,Auckland,OmokoritoBay,1982-02-09,2024-03-18,42,4,4,-9.55,15.6,-0.23,0.09,-0.3,142.94,0.51,5.51,0.59,-0.29,141.09,0.38,1.63,0.71,"['1982-02-09', '1996-02-05', '2011-03-09', '2024-03-18']","[139.24, 145.28, 132.27, 129.69]"
100642255751,Auckland,OmokoritoBay,1982-02-09,2024-03-18,42,4,4,-8.08,14.81,-0.19,0.09,-0.26,142.71,0.52,5.58,0.52,-0.25,141.0,0.38,1.63,0.66,"['1982-02-09', '1996-02-05', '2011-03-09', '2024-03-18']","[138.91, 145.64, 133.18, 130.83]"
100642256818,Auckland,OmokoritoBay,1975-04-15,2024-03-18,49,5,5,-16.23,17.47,-0.33,0.08,-0.3,145.03,0.29,4.97,0.67,-0.32,144.87,0.2,1.38,0.82,"['1975-04-15', '1982-02-09', '1996-02-05', '2011-03-09', '2024-03-18']","[144.76, 138.77, 146.0, 133.36, 128.53]"
100642257813,Auckland,OmokoritoBay,1975-04-15,2024-03-18,49,5,5,-18.16,18.16,-0.37,0.08,-0.32,145.7,0.31,5.36,0.66,-0.34,145.35,0.22,1.5,0.81,"['1975-04-15', '1982-02-09', '1996-02-05', '2011-03-09', '2024-03-18']","[146.5, 138.03, 146.24, 133.3, 128.34]"
100642258809,Auckland,OmokoritoBay,1975-04-15,2024-03-18,49,5,5,-19.8,19.8,-0.4,0.08,-0.36,147.59,0.28,4.88,0.75,-0.36,146.48,0.21,1.42,0.85,"['1975-04-15', '1982-02-09', '1996-02-05', '2011-03-09', '2024-03-18']","[149.07, 139.81, 146.25, 133.1, 129.27]"
100642259898,Auckland,OmokoritoBay,1975-04-15,2024-03-18,49,5,5,-15.33,15.33,-0.31,0.08,-0.26,146.08,0.32,5.56,0.55,-0.25,143.65,0.28,1.91,0.58,"['1975-04-15', '1982-02-09', '1996-02-05', '2011-03-09', '2024-03-18']","[149.0, 137.85, 146.48, 133.77, 133.67]"
100642260892,Auckland,OmokoritoBay,1975-04-15,2024-03-18,49,5,5,-10.29,12.86,-0.21,0.08,-0.18,143.05,0.28,4.84,0.44,-0.19,141.92,0.21,1.42,0.61,"['1975-04-15', '1982-02-09', '1996-02-05', '2011-03-09', '2024-03-18']","[143.45, 137.38, 146.01, 134.53, 133.16]"
100642261886,Auckland,OmokoritoBay,1975-04-15,2024-03-18,49,5,5,-11.94,13.44,-0.24,0.08,-0.19,144.13,0.33,5.71,0.37,-0.19,143.13,0.24,1.62,0.54,"['1975-04-15', '1982-02-09', '1996-02-05', '2011-03-09', '2024-03-18']","[145.89, 136.51, 147.39, 136.0, 133.95]"
100642262947,Auckland,OmokoritoBay,1975-04-15,2024-03-18,49,5,5,-13.96,13.96,-0.29,0.08,-0.18,145.4,0.37,6.4,0.31,-0.18,144.78,0.27,1.84,0.45,"['1975-04-15', '1982-02-09', '1996-02-05', '2011-03-09', '2024-03-18']","[149.19, 135.78, 147.65, 138.36, 135.24]"
100642263940,Auckland,OmokoritoBay,1975-04-15,2024-03-18,49,5,5,-8.45,13.77,-0.17,0.08,-0.08,143.51,0.37,6.36,0.09,-0.1,143.37,0.27,1.85,0.18,"['1975-04-15', '1982-02-09', '1996-02-05', '2011-03-09', '2024-03-18']","[146.0, 135.26, 149.03, 140.28, 137.54]"
100642264933,Auckland,OmokoritoBay,1975-04-15,2024-03-18,49,5,5,-2.61,14.14,-0.05,0.08,0.02,141.17,0.34,5.88,0.01,-0.0,141.65,0.27,1.8,0.0,"['1975-04-15', '1982-02-09', '1996-02-05', '2011-03-09', '2024-03-18']","[142.38, 134.88, 149.02, 142.16, 139.78]"
100642265926,Auckland,OmokoritoBay,1975-04-15,2024-03-18,49,5,5,0.91,13.23,0.02,0.08,0.08,139.98,0.31,5.37,0.1,0.04,141.22,0.27,1.83,0.04,"['1975-04-15', '1982-02-09', '1996-02-05', '2011-03-09', '2024-03-18']","[139.79, 135.61, 148.84, 143.6, 140.7]"
100642266837,Auckland,OmokoritoBay,1975-04-15,2024-03-18,49,5,5,-0.33,11.3,-0.01,0.08,0.05,142.68,0.27,4.56,0.06,0.03,143.4,0.22,1.47,0.03,"['1975-04-15', '1982-02-09', '1996-02-05', '2011-03-09', '2024-03-18']","[143.25, 138.29, 149.59, 144.99, 142.92]"
100642267813,Auckland,OmokoritoBay,1975-04-15,2024-03-18,49,5,5,1.07,10.17,0.02,0.08,0.05,142.85,0.28,4.82,0.05,0.0,144.37,0.25,1.68,0.0,"['1975-04-15', '1982-02-09', '1996-02-05', '2011-03-09', '2024-03-18']","[140.86, 140.59, 150.76, 145.32, 141.93]"
100642268710,Auckland,OmokoritoBay,1975-04-15,2024-03-18,49,5,5,-0.06,13.49,-0.0,0.08,-0.0,144.06,0.39,6.68,0.0,-0.05,144.59,0.28,1.86,0.06,"['1975-04-15', '1982-02-09', '1996-02-05', '2011-03-09', '2024-03-18']","[140.84, 141.29, 154.26, 143.02, 140.77]"
100642269668,Auckland,OmokoritoBay,1975-04-15,2024-03-18,49,5,5,-3.09,19.03,-0.06,0.08,-0.07,144.28,0.53,9.15,0.03,-0.1,142.54,0.39,2.65,0.11,"['1975-04-15', '1982-02-09', '1996-02-05', '2011-03-09', '2024-03-18']","[141.78, 138.61, 156.9, 137.87, 138.68]"
100642270602,Auckland,OmokoritoBay,1975-04-15,2024-03-18,49,5,5,-8.03,16.12,-0.16,0.08,-0.15,144.07,0.41,7.01,0.2,-0.16,141.72,0.34,2.26,0.29,"['1975-04-15', '1982-02-09', '1996-02-05', '2011-03-09', '2024-03-18']","[144.09, 137.48, 151.04, 134.92, 136.05]"
100642271572,Auckland,OmokoritoBay,1975-04-15,2011-03-09,36,3,3,-9.28,16.49,-0.26,0.11,-0.22,149.13,2.54,10.24,0.23,-0.37,149.87,1.92,3.0,0.59,"['1975-04-15', '1996-02-05', '2011-03-09']","[145.64, 152.84, 136.35]"
100642272571,Auckland,OmokoritoBay,1982-02-09,2024-03-18,42,4,4,-6.94,15.78,-0.16,0.09,-0.26,153.44,0.61,6.64,0.44,-0.21,148.97,0.61,2.65,0.33,"['1982-02-09', '1996-02-05', '2011-03-09', '2024-03-18']","[149.8, 157.22, 141.44, 142.86]"
100642273569,Auckland,OmokoritoBay,1982-02-09,2024-03-18,42,3,3,-7.11,8.4,-0.17,0.09,-0.19,152.05,0.58,2.79,0.81,-0.13,148.91,1.06,2.01,0.36,"['1982-02-09', '2011-03-09', '2024-03-18']","[152.73, 144.33, 145.62]"
100642274568,Auckland,OmokoritoBay,1982-02-09,2024-03-18,42,4,4,-6.45,13.5,-0.15,0.09,-0.23,158.38,0.54,5.8,0.45,-0.2,155.43,0.46,1.97,0.46,"['1982-02-09', '1996-02-05', '2011-03-09', '2024-03-18']","[154.8, 161.85, 148.59, 148.35]"
100642275567,Auckland,OmokoritoBay,1982-02-09,2024-03-18,42,4,4,-7.43,14.48,-0.18,0.09,-0.26,161.43,0.56,6.08,0.48,-0.23,158.15,0.49,2.13,0.48,"['1982-02-09', '1996-02-05', '2011-03-09', '2024-03-18']","[157.75, 164.8, 150.51, 150.32]"
100642276687,Auckland,OmokoritoBay,1982-02-09,2024-03-18,42,3,3,-6.57,8.87,-0.16,0.09,-0.18,161.78,0.75,3.6,0.69,-0.19,161.47,0.51,1.01,0.85,"['1982-02-09', '1996-02-05', '2024-03-18']","[159.86, 162.16, 153.29]"
100642325536,Auckland,OmokoritoBay,1968-09-28,2024-03-18,55,5,5,6.71,9.42,0.12,0.07,0.15,239.62,0.11,2.22,0.77,0.14,239.74,0.08,0.64,0.83,"['1968-09-28', '1975-04-15', '1996-02-05', '2011-03-09', '2024-03-18']","[240.74, 238.03, 246.25, 245.48, 247.45]"
100642327068,Auckland,OmokoritoBay,1968-09-28,2024-03-18,55,5,5,8.09,9.59,0.15,0.07,0.18,239.3,0.12,2.4,0.81,0.16,240.83,0.15,1.14,0.66,"['1968-09-28', '1975-04-15', '1996-02-05', '2011-03-09', '2024-03-18']","[239.23, 238.64, 247.11, 248.23, 247.31]"
100642328526,Auckland,OmokoritoBay,1968-09-28,2024-03-18,55,5,5,6.11,6.11,0.11,0.07,0.12,239.17,0.07,1.31,0.86,0.11,239.52,0.06,0.42,0.87,"['1968-09-28', '1975-04-15', '1996-02-05', '2011-03-09', '2024-03-18']","[238.8, 239.25, 244.36, 244.09, 244.91]"
100642329947,Auckland,OmokoritoBay,1968-09-28,2024-03-18,55,5,5,5.3,5.3,0.1,0.07,0.09,238.8,0.06,1.1,0.84,0.09,238.64,0.05,0.39,0.83,"['1968-09-28', '1975-04-15', '1996-02-05', '2011-03-09', '2024-03-18']","[238.38, 239.09, 243.03, 242.06, 243.69]"
100642331083,Auckland,OmokoritoBay,1968-09-28,2024-03-18,55,5,5,6.45,6.45,0.12,0.07,0.12,238.37,0.06,1.24,0.87,0.11,238.53,0.05,0.38,0.9,"['1968-09-28', '1975-04-15', '1996-02-05', '2011-03-09', '2024-03-18']","[237.96, 238.62, 243.56, 243.13, 244.41]"
100642332201,Auckland,OmokoritoBay,1968-09-28,2024-03-18,55,5,5,7.43,8.53,0.13,0.07,0.13,237.66,0.13,2.6,0.66,0.11,237.53,0.11,0.85,0.66,"['1968-09-28', '1975-04-15', '1996-02-05', '2011-03-09', '2024-03-18']","[236.81, 237.55, 245.34, 242.05, 244.24]"
100642333199,Auckland,OmokoritoBay,1968-09-28,2024-03-18,55,5,5,8.95,9.22,0.16,0.07,0.15,236.55,0.17,3.3,0.59,0.14,234.84,0.23,1.75,0.4,"['1968-09-28', '1975-04-15', '1996-02-05', '2011-03-09', '2024-03-18']","[236.39, 236.12, 244.85, 239.32, 245.34]"
100642334254,Auckland,OmokoritoBay,1968-09-28,2024-03-18,55,5,5,5.47,10.12,0.1,0.07,0.09,237.14,0.22,4.44,0.22,0.07,235.7,0.25,1.92,0.11,"['1968-09-28', '1975-04-15', '1996-02-05', '2011-03-09', '2024-03-18']","[236.38, 235.84, 245.97, 237.14, 241.85]"
100642335251,Auckland,OmokoritoBay,1968-09-28,2024-03-18,55,5,5,3.23,6.85,0.06,0.07,0.04,236.8,0.16,3.17,0.13,0.03,235.84,0.18,1.33,0.05,"['1968-09-28', '1975-04-15', '1996-02-05', '2011-03-09', '2024-03-18']","[235.84, 236.19, 242.68, 236.13, 239.07]"
100642336200,Auckland,OmokoritoBay,1968-09-28,2024-03-18,55,5,5,2.86,5.97,0.05,0.07,0.05,235.37,0.13,2.5,0.21,0.03,235.02,0.12,0.89,0.11,"['1968-09-28', '1975-04-15', '1996-02-05', '2011-03-09', '2024-03-18']","[234.52, 234.86, 240.49, 235.82, 237.38]"
100642337092,Auckland,OmokoritoBay,1968-09-28,2024-03-18,55,5,5,4.02,7.28,0.07,0.07,0.08,234.23,0.14,2.79,0.36,0.05,234.28,0.12,0.88,0.29,"['1968-09-28', '1975-04-15', '1996-02-05', '2011-03-09', '2024-03-18']","[233.38, 233.53, 240.65, 236.33, 237.4]"
100642337911,Auckland,OmokoritoBay,1968-09-28,2024-03-18,55,5,5,4.55,4.55,0.08,0.07,0.08,232.65,0.04,0.75,0.89,0.08,232.26,0.05,0.4,0.81,"['1968-09-28', '1975-04-15', '1996-02-05', '2011-03-09', '2024-03-18']","[232.74, 232.74, 235.79, 235.3, 237.29]"
100642338629,Auckland,OmokoritoBay,1968-09-28,2024-03-18,55,5,5,6.17,6.17,0.11,0.07,0.11,230.25,0.04,0.8,0.93,0.12,229.86,0.04,0.33,0.93,"['1968-09-28', '1975-04-15', '1996-02-05', '2011-03-09', '2024-03-18']","[230.66, 231.16, 232.06, 234.59, 236.83]"
100642355082,Auckland,OmokoritoBay,1968-09-28,2024-03-18,55,5,5,-5.0,15.99,-0.09,0.07,-0.0,277.32,0.42,7.89,0.0,0.09,275.47,0.33,2.54,0.13,"['1968-09-28', '1982-02-09', '1996-02-05', '2011-03-09', '2024-03-18']","[285.49, 270.87, 269.49, 280.0, 280.48]"
100642355927,Auckland,OmokoritoBay,1968-09-28,2024-03-18,55,5,5,-2.84,17.36,-0.05,0.07,0.02,280.56,0.44,8.23,0.0,0.11,279.32,0.34,2.62,0.17,"['1968-09-28', '1982-02-09', '1996-02-05', '2011-03-09', '2024-03-18']","[288.0, 276.97, 270.63, 284.73, 285.16]"
100642356947,Auckland,OmokoritoBay,1968-09-28,2024-03-18,55,5,5,-1.15,15.49,-0.02,0.07,0.06,282.67,0.43,8.02,0.03,0.15,281.43,0.33,2.61,0.27,"['1968-09-28', '1982-02-09', '1996-02-05', '2011-03-09', '2024-03-18']","[290.28, 278.7, 274.79, 288.65, 289.13]"
100642358294,Auckland,OmokoritoBay,1968-09-28,2024-03-18,55,5,5,-2.56,13.25,-0.05,0.07,0.04,285.31,0.37,7.01,0.02,0.11,285.25,0.34,2.66,0.17,"['1968-09-28', '1982-02-09', '1996-02-05', '2011-03-09', '2024-03-18']","[291.64, 281.46, 278.41, 291.66, 289.08]"
100642359567,Auckland,OmokoritoBay,1968-09-28,2024-03-18,55,5,5,0.39,12.57,0.01,0.07,0.04,289.75,0.32,6.07,0.03,0.1,289.69,0.25,1.99,0.21,"['1968-09-28', '1982-02-09', '1996-02-05', '2011-03-09', '2024-03-18']","[293.92, 289.84, 282.02, 294.59, 294.31]"
100642361122,Auckland,OmokoritoBay,1968-09-28,2024-03-18,55,5,5,-1.6,11.39,-0.03,0.07,0.0,295.04,0.28,5.25,0.0,0.05,294.71,0.21,1.67,0.09,"['1968-09-28', '1982-02-09', '1996-02-05', '2011-03-09', '2024-03-18']","[298.85, 294.4, 287.46, 297.36, 297.25]"
100642362327,Auckland,OmokoritoBay,1968-09-28,2024-03-18,55,5,5,-1.19,11.34,-0.02,0.07,0.0,297.37,0.29,5.39,0.0,0.05,297.42,0.22,1.75,0.07,"['1968-09-28', '1982-02-09', '1996-02-05', '2011-03-09', '2024-03-18']","[300.65, 297.7, 289.32, 300.06, 299.47]"
100642363542,Auckland,OmokoritoBay,1968-09-28,2024-03-18,55,5,5,0.14,12.53,0.0,0.07,0.02,298.46,0.32,6.02,0.01,0.06,298.92,0.25,1.98,0.09,"['1968-09-28', '1982-02-09', '1996-02-05', '2011-03-09', '2024-03-18']","[301.28, 300.26, 289.72, 302.25, 301.43]"
100642365133,Auckland,OmokoritoBay,1968-09-28,2024-03-18,55,5,5,0.03,10.7,0.0,0.07,0.02,300.23,0.26,4.87,0.01,0.04,301.1,0.22,1.75,0.07,"['1968-09-28', '1982-02-09', '1996-02-05', '2011-03-09', '2024-03-18']","[302.12, 301.99, 293.27, 303.97, 302.16]"
100642366789,Auckland,OmokoritoBay,1968-09-28,2024-03-18,55,5,5,-0.82,10.26,-0.01,0.07,0.01,301.82,0.23,4.36,0.0,0.03,303.42,0.26,2.0,0.02,"['1968-09-28', '1982-02-09', '1996-02-05', '2011-03-09', '2024-03-18']","[303.11, 303.24, 295.92, 306.18, 302.29]"
100642368100,Auckland,OmokoritoBay,1968-09-28,2024-03-18,55,5,5,-0.46,10.43,-0.01,0.07,0.01,303.87,0.25,4.71,0.0,0.0,306.97,0.34,2.69,0.0,"['1968-09-28', '1982-02-09', '1996-02-05', '2011-03-09', '2024-03-18']","[303.05, 307.09, 298.94, 309.37, 302.59]"
100642369440,Auckland,OmokoritoBay,1968-09-28,2024-03-18,55,5,5,0.7,7.24,0.01,0.07,0.03,304.84,0.19,3.55,0.05,0.01,307.73,0.3,2.32,0.0,"['1968-09-28', '1982-02-09', '1996-02-05', '2011-03-09', '2024-03-18']","[303.39, 307.66, 303.02, 310.26, 304.1]"
100642370434,Auckland,OmokoritoBay,1968-09-28,2024-03-18,55,5,5,1.68,3.44,0.03,0.07,0.04,303.38,0.05,0.99,0.52,0.05,302.86,0.05,0.36,0.7,"['1968-09-28', '1982-02-09', '1996-02-05', '2011-03-09', '2024-03-18']","[304.42, 302.65, 304.43, 304.92, 306.1]"
100642371427,Auckland,OmokoritoBay,1968-09-28,2024-03-18,55,5,5,2.69,4.27,0.05,0.07,0.05,304.24,0.07,1.41,0.48,0.07,303.42,0.08,0.59,0.62,"['1968-09-28', '1982-02-09', '1996-02-05', '2011-03-09', '2024-03-18']","[305.65, 304.07, 304.4, 306.08, 308.34]"
100642372668,Auckland,OmokoritoBay,1968-09-28,2024-03-18,55,5,5,4.18,9.02,0.08,0.07,0.09,304.89,0.18,3.39,0.34,0.13,304.51,0.14,1.06,0.63,"['1968-09-28', '1982-02-09', '1996-02-05', '2011-03-09', '2024-03-18']","[307.52, 305.52, 302.68, 310.2, 311.7]"
100642373665,Auckland,OmokoritoBay,1968-09-28,2024-03-18,55,5,5,0.17,6.74,0.0,0.07,0.05,307.14,0.15,2.84,0.18,0.08,306.79,0.14,1.12,0.36,"['1968-09-28', '1982-02-09', '1996-02-05', '2011-03-09', '2024-03-18']","[309.9, 304.03, 308.15, 310.77, 310.07]"
100642374661,Auckland,OmokoritoBay,1968-09-28,2024-03-18,55,5,5,-2.84,9.61,-0.05,0.07,0.01,307.28,0.27,5.06,0.01,0.07,306.7,0.23,1.8,0.15,"['1968-09-28', '1982-02-09', '1996-02-05', '2011-03-09', '2024-03-18']","[312.32, 303.32, 302.71, 310.62, 309.48]"
100642375657,Auckland,OmokoritoBay,1968-09-28,2024-03-18,55,5,5,-6.6,9.61,-0.12,0.07,-0.04,310.51,0.24,4.55,0.05,0.0,310.75,0.27,2.1,0.0,"['1968-09-28', '1982-02-09', '1996-02-05', '2011-03-09', '2024-03-18']","[314.76, 305.16, 306.64, 312.45, 308.17]"
100642376727,Auckland,OmokoritoBay,1968-09-28,2024-03-18,55,5,5,-7.23,8.7,-0.13,0.07,-0.1,316.53,0.15,2.91,0.42,-0.06,316.18,0.13,0.99,0.32,"['1968-09-28', '1982-02-09', '1996-02-05', '2011-03-09', '2024-03-18']","[319.34, 313.26, 310.64, 313.89, 312.11]"
100642377724,Auckland,OmokoritoBay,1968-09-28,2024-03-18,55,5,5,-18.42,18.42,-0.33,0.07,-0.27,325.81,0.3,5.61,0.6,-0.2,323.47,0.24,1.84,0.57,"['1968-09-28', '1982-02-09', '1996-02-05', '2011-03-09', '2024-03-18']","[332.02, 316.03, 315.25, 314.77, 313.6]"
100642378720,Auckland,OmokoritoBay,1968-09-28,2024-03-18,55,5,5,-18.31,18.31,-0.33,0.07,-0.27,325.68,0.25,4.79,0.67,-0.21,323.9,0.2,1.57,0.67,"['1968-09-28', '1982-02-09', '1996-02-05', '2011-03-09', '2024-03-18']","[330.92, 316.28, 316.39, 314.95, 312.61]"
100642379717,Auckland,OmokoritoBay,1968-09-28,2024-03-18,55,5,5,-11.6,11.6,-0.21,0.07,-0.17,321.04,0.19,3.6,0.59,-0.13,319.76,0.15,1.15,0.57,"['1968-09-28', '1982-02-09', '1996-02-05', '2011-03-09', '2024-03-18']","[324.96, 315.32, 313.51, 314.42, 313.36]"
100642380714,Auckland,OmokoritoBay,1968-09-28,2024-03-18,55,5,5,-3.72,9.04,-0.07,0.07,-0.04,316.21,0.2,3.73,0.07,0.0,314.96,0.15,1.18,0.0,"['1968-09-28', '1982-02-09', '1996-02-05', '2011-03-09', '2024-03-18']","[319.9, 313.47, 310.85, 315.02, 316.18]"
100642381710,Auckland,OmokoritoBay,1968-09-28,2024-03-18,55,5,5,4.32,10.0,0.08,0.07,0.1,310.43,0.21,3.93,0.31,0.14,310.35,0.16,1.29,0.57,"['1968-09-28', '1982-02-09', '1996-02-05', '2011-03-09', '2024-03-18']","[313.23, 311.31, 307.56, 316.74, 317.55]"
100642382707,Auckland,OmokoritoBay,1968-09-28,2024-03-18,55,5,5,6.07,11.48,0.11,0.07,0.15,308.39,0.24,4.43,0.42,0.19,308.79,0.21,1.67,0.58,"['1968-09-28', '1982-02-09', '1996-02-05', '2011-03-09', '2024-03-18']","[311.44, 309.55, 306.2, 317.68, 317.51]"
100642383704,Auckland,OmokoritoBay,1968-09-28,2024-03-18,55,5,5,4.97,13.06,0.09,0.07,0.15,308.45,0.29,5.36,0.32,0.19,308.84,0.27,2.08,0.5,"['1968-09-28', '1982-02-09', '1996-02-05', '2011-03-09', '2024-03-18']","[312.6, 308.49, 305.36, 318.42, 317.56]"
100642384826,Auckland,OmokoritoBay,1968-09-28,2024-03-18,55,5,5,2.42,13.55,0.04,0.07,0.11,311.01,0.33,6.17,0.16,0.17,311.07,0.29,2.25,0.38,"['1968-09-28', '1982-02-09', '1996-02-05', '2011-03-09', '2024-03-18']","[316.07, 309.93, 305.86, 319.41, 318.48]"
100642385823,Auckland,OmokoritoBay,1968-09-28,2024-03-18,55,5,5,2.97,12.84,0.05,0.07,0.1,313.02,0.31,5.79,0.16,0.16,312.99,0.25,1.99,0.41,"['1968-09-28', '1982-02-09', '1996-02-05', '2011-03-09', '2024-03-18']","[317.45, 312.9, 307.72, 320.56, 320.41]"
100642386821,Auckland,OmokoritoBay,1968-09-28,2024-03-18,55,5,5,2.86,9.27,0.05,0.07,0.08,314.3,0.2,3.79,0.24,0.11,314.72,0.18,1.44,0.41,"['1968-09-28', '1982-02-09', '1996-02-05', '2011-03-09', '2024-03-18']","[316.79, 314.92, 311.16, 320.44, 319.64]"
100642387963,Auckland,OmokoritoBay,1968-09-28,2024-03-18,55,5,5,4.37,8.33,0.08,0.07,0.09,314.63,0.17,3.16,0.37,0.12,314.88,0.14,1.08,0.57,"['1968-09-28', '1982-02-09', '1996-02-05', '2011-03-09', '2024-03-18']","[316.39, 316.2, 312.43, 320.41, 320.76]"
100642388961,Auckland,OmokoritoBay,1968-09-28,2024-03-18,55,5,5,5.86,9.27,0.11,0.07,0.12,314.87,0.17,3.26,0.49,0.15,315.09,0.14,1.13,0.67,"['1968-09-28', '1982-02-09', '1996-02-05', '2011-03-09', '2024-03-18']","[316.86, 316.57, 313.45, 322.06, 322.72]"
100642389959,Auckland,OmokoritoBay,1968-09-28,2024-03-18,55,5,5,6.14,10.2,0.11,0.07,0.12,315.93,0.21,3.87,0.37,0.14,316.52,0.17,1.32,0.55,"['1968-09-28', '1982-02-09', '1996-02-05', '2011-03-09', '2024-03-18']","[317.24, 319.1, 313.17, 322.96, 323.37]"
100642391042,Auckland,OmokoritoBay,1968-09-28,2024-03-18,55,5,5,5.12,10.85,0.09,0.07,0.1,317.17,0.22,4.11,0.29,0.14,317.12,0.16,1.29,0.55,"['1968-09-28', '1982-02-09', '1996-02-05', '2011-03-09', '2024-03-18']","[319.46, 319.23, 313.72, 323.2, 324.58]"
100642392041,Auckland,OmokoritoBay,1968-09-28,2024-03-18,55,5,5,3.47,10.69,0.06,0.07,0.11,316.81,0.26,4.97,0.26,0.17,315.72,0.2,1.59,0.57,"['1968-09-28', '1982-02-09', '1996-02-05', '2011-03-09', '2024-03-18']","[321.81, 314.76, 314.59, 323.45, 325.28]"
100642393039,Auckland,OmokoritoBay,1968-09-28,2024-03-18,55,5,5,1.93,9.58,0.03,0.07,0.06,319.48,0.22,4.22,0.11,0.1,318.95,0.17,1.31,0.4,"['1968-09-28', '1982-02-09', '1996-02-05', '2011-03-09', '2024-03-18']","[322.77, 319.43, 315.12, 323.51, 324.7]"
100642394038,Auckland,OmokoritoBay,1968-09-28,2024-03-18,55,5,5,2.19,9.79,0.04,0.07,0.05,320.16,0.22,4.22,0.08,0.08,319.81,0.17,1.3,0.32,"['1968-09-28', '1982-02-09', '1996-02-05', '2011-03-09', '2024-03-18']","[322.69, 321.34, 315.09, 323.51, 324.88]"
100642395037,Auckland,OmokoritoBay,1968-09-28,2024-03-18,55,5,5,3.97,8.89,0.07,0.07,0.07,319.72,0.18,3.31,0.23,0.1,319.23,0.13,1.04,0.5,"['1968-09-28', '1982-02-09', '1996-02-05', '2011-03-09', '2024-03-18']","[321.55, 321.43, 316.63, 323.24, 325.52]"
100642396035,Auckland,OmokoritoBay,1968-09-28,2024-03-18,55,5,5,1.89,7.9,0.03,0.07,0.04,320.63,0.18,3.31,0.08,0.07,320.09,0.13,1.04,0.32,"['1968-09-28', '1982-02-09', '1996-02-05', '2011-03-09', '2024-03-18']","[322.7, 321.53, 316.69, 322.82, 324.59]"
100642397034,Auckland,OmokoritoBay,1968-09-28,2024-03-18,55,5,5,1.13,7.89,0.02,0.07,0.03,321.03,0.18,3.48,0.03,0.06,320.35,0.14,1.09,0.24,"['1968-09-28', '1982-02-09', '1996-02-05', '2011-03-09', '2024-03-18']","[323.39, 321.5, 316.62, 322.69, 324.52]"
100642398169,Auckland,OmokoritoBay,1968-09-28,2024-03-18,55,5,5,1.14,8.02,0.02,0.07,0.03,321.39,0.19,3.52,0.04,0.07,320.5,0.14,1.13,0.27,"['1968-09-28', '1982-02-09', '1996-02-05', '2011-03-09', '2024-03-18']","[324.08, 321.44, 317.2, 323.04, 325.22]"
100642399168,Auckland,OmokoritoBay,1968-09-28,2024-03-18,55,5,5,3.35,7.28,0.06,0.07,0.07,320.97,0.15,2.76,0.31,0.1,320.88,0.11,0.87,0.57,"['1968-09-28', '1982-02-09', '1996-02-05', '2011-03-09', '2024-03-18']","[322.73, 322.02, 318.79, 325.18, 326.08]"
100642400167,Auckland,OmokoritoBay,1968-09-28,2024-03-18,55,5,5,4.46,6.86,0.08,0.07,0.08,322.01,0.13,2.52,0.4,0.09,322.36,0.11,0.83,0.59,"['1968-09-28', '1982-02-09', '1996-02-05', '2011-03-09', '2024-03-18']","[322.75, 324.35, 320.35, 326.65, 327.21]"
100642401413,Auckland,OmokoritoBay,1968-09-28,2024-03-18,55,5,5,4.03,9.3,0.07,0.07,0.07,323.42,0.19,3.5,0.22,0.1,322.94,0.14,1.1,0.49,"['1968-09-28', '1982-02-09', '1996-02-05', '2011-03-09', '2024-03-18']","[325.35, 325.2, 320.08, 327.09, 329.38]"
100642402412,Auckland,OmokoritoBay,1968-09-28,2024-03-18,55,5,5,4.09,9.13,0.07,0.07,0.07,323.27,0.19,3.53,0.22,0.1,323.14,0.14,1.09,0.47,"['1968-09-28', '1982-02-09', '1996-02-05', '2011-03-09', '2024-03-18']","[324.87, 325.48, 319.83, 327.34, 328.95]"
100642403621,Auckland,OmokoritoBay,1968-09-28,2024-03-18,55,5,5,4.24,9.47,0.08,0.07,0.08,323.23,0.2,3.69,0.22,0.1,323.18,0.15,1.14,0.47,"['1968-09-28', '1982-02-09', '1996-02-05', '2011-03-09', '2024-03-18']","[324.83, 325.61, 319.59, 327.59, 329.06]"
100642404621,Auckland,OmokoritoBay,1968-09-28,2024-03-18,55,5,5,3.35,9.7,0.06,0.07,0.06,323.7,0.21,3.96,0.14,0.09,323.53,0.16,1.22,0.39,"['1968-09-28', '1982-02-09', '1996-02-05', '2011-03-09', '2024-03-18']","[325.68, 325.64, 319.33, 327.58, 329.04]"
100642405779,Auckland,OmokoritoBay,1968-09-28,2024-03-18,55,5,5,2.14,9.03,0.04,0.07,0.05,324.1,0.21,3.91,0.09,0.08,323.93,0.16,1.21,0.32,"['1968-09-28', '1982-02-09', '1996-02-05', '2011-03-09', '2024-03-18']","[326.3, 325.38, 319.41, 327.47, 328.45]"
100642406938,Auckland,OmokoritoBay,1968-09-28,2024-03-18,55,5,5,-0.46,7.52,-0.01,0.07,0.01,325.0,0.2,3.67,0.01,0.04,325.02,0.15,1.21,0.13,"['1968-09-28', '1982-02-09', '1996-02-05', '2011-03-09', '2024-03-18']","[327.4, 325.05, 319.88, 327.34, 326.94]"
100642407938,Auckland,OmokoritoBay,1968-09-28,2024-03-18,55,5,5,-1.98,7.7,-0.04,0.07,-0.01,325.51,0.18,3.47,0.0,0.02,325.57,0.15,1.2,0.04,"['1968-09-28', '1982-02-09', '1996-02-05', '2011-03-09', '2024-03-18']","[328.03, 324.73, 320.33, 327.12, 326.05]"
100642409206,Auckland,OmokoritoBay,1968-09-28,2024-03-18,55,5,5,-3.47,9.04,-0.06,0.07,-0.04,326.58,0.2,3.71,0.06,-0.0,326.44,0.16,1.22,0.0,"['1968-09-28', '1982-02-09', '1996-02-05', '2011-03-09', '2024-03-18']","[329.38, 325.33, 320.34, 326.9, 325.91]"
100642410205,Auckland,OmokoritoBay,1968-09-28,2024-03-18,55,5,5,-4.7,11.06,-0.08,0.07,-0.06,327.78,0.23,4.29,0.11,-0.01,327.08,0.17,1.32,0.01,"['1968-09-28', '1982-02-09', '1996-02-05', '2011-03-09', '2024-03-18']","[331.3, 325.86, 320.24, 326.66, 326.61]"
100642411204,Auckland,OmokoritoBay,1968-09-28,2024-03-18,55,5,5,-7.79,14.92,-0.14,0.07,-0.11,329.64,0.29,5.43,0.21,-0.05,328.26,0.22,1.69,0.08,"['1968-09-28', '1982-02-09', '1996-02-05', '2011-03-09', '2024-03-18']","[334.46, 326.21, 319.54, 326.15, 326.67]"
100642412366,Auckland,OmokoritoBay,1968-09-28,2024-03-18,55,5,5,-7.33,14.77,-0.13,0.07,-0.1,328.89,0.29,5.41,0.2,-0.05,327.62,0.21,1.68,0.08,"['1968-09-28', '1982-02-09', '1996-02-05', '2011-03-09', '2024-03-18']","[333.5, 325.94, 318.74, 325.65, 326.17]"
100642413364,Auckland,OmokoritoBay,1968-09-28,2024-03-18,55,5,5,-7.48,14.24,-0.13,0.07,-0.1,328.27,0.28,5.18,0.21,-0.05,327.32,0.2,1.6,0.09,"['1968-09-28', '1982-02-09', '1996-02-05', '2011-03-09', '2024-03-18']","[332.65, 325.33, 318.41, 325.46, 325.17]"
100642414363,Auckland,OmokoritoBay,1968-09-28,2024-03-18,55,5,5,-8.0,14.04,-0.14,0.07,-0.1,327.62,0.27,5.12,0.21,-0.05,327.17,0.21,1.66,0.1,"['1968-09-28', '1982-02-09', '1996-02-05', '2011-03-09', '2024-03-18']","[331.85, 324.57, 317.81, 325.55, 323.85]"
100642415361,Auckland,OmokoritoBay,1968-09-28,2024-03-18,55,5,5,-7.62,13.57,-0.14,0.07,-0.09,326.16,0.28,5.23,0.16,-0.04,326.24,0.24,1.88,0.04,"['1968-09-28', '1982-02-09', '1996-02-05', '2011-03-09', '2024-03-18']","[330.29, 323.23, 316.72, 325.64, 322.67]"
100642416360,Auckland,OmokoritoBay,1968-09-28,2024-03-18,55,5,5,-5.25,12.19,-0.09,0.07,-0.05,323.73,0.27,5.1,0.06,-0.01,324.09,0.24,1.88,0.0,"['1968-09-28', '1982-02-09', '1996-02-05', '2011-03-09', '2024-03-18']","[327.32, 322.06, 315.13, 324.87, 322.07]"
100642417189,Auckland,OmokoritoBay,1968-09-28,2024-03-18,55,5,5,-2.21,8.53,-0.04,0.07,-0.01,321.36,0.21,4.02,0.01,0.02,321.93,0.2,1.53,0.02,"['1968-09-28', '1982-02-09', '1996-02-05', '2011-03-09', '2024-03-18']","[323.72, 321.16, 315.19, 323.69, 321.5]"
100642418102,Auckland,OmokoritoBay,1968-09-28,2024-03-18,55,5,5,-1.07,7.13,-0.02,0.07,0.01,319.95,0.18,3.33,0.0,0.03,320.29,0.16,1.25,0.08,"['1968-09-28', '1982-02-09', '1996-02-05', '2011-03-09', '2024-03-18']","[322.14, 319.65, 315.39, 322.52, 321.07]"
100642419101,Auckland,OmokoritoBay,1968-09-28,2024-03-18,55,5,5,-2.41,8.24,-0.04,0.07,-0.01,319.66,0.2,3.67,0.01,0.03,319.34,0.16,1.22,0.06,"['1968-09-28', '1982-02-09', '1996-02-05', '2011-03-09', '2024-03-18']","[322.86, 317.95, 314.62, 321.03, 320.45]"
100642420101,Auckland,OmokoritoBay,1968-09-28,2024-03-18,55,5,5,-2.6,8.85,-0.05,0.07,-0.02,319.06,0.2,3.79,0.02,0.02,318.3,0.15,1.17,0.04,"['1968-09-28', '1982-02-09', '1996-02-05', '2011-03-09', '2024-03-18']","[322.46, 317.24, 313.61, 319.4, 319.86]"
100642421100,Auckland,OmokoritoBay,1968-09-28,2024-03-18,55,5,5,-2.27,9.41,-0.04,0.07,-0.02,318.38,0.22,4.07,0.01,0.03,317.76,0.16,1.26,0.05,"['1968-09-28', '1982-02-09', '1996-02-05', '2011-03-09', '2024-03-18']","[321.71, 317.11, 312.3, 319.07, 319.44]"
100642422100,Auckland,OmokoritoBay,1968-09-28,2024-03-18,55,5,5,-3.44,10.12,-0.06,0.07,-0.03,318.32,0.23,4.28,0.03,0.01,318.2,0.18,1.42,0.01,"['1968-09-28', '1982-02-09', '1996-02-05', '2011-03-09', '2024-03-18']","[321.55, 317.0, 311.43, 319.23, 318.12]"
100642423099,Auckland,OmokoritoBay,1968-09-28,2024-03-18,55,5,5,-4.96,10.02,-0.09,0.07,-0.05,318.69,0.22,4.08,0.09,-0.01,318.82,0.19,1.5,0.01,"['1968-09-28', '1982-02-09', '1996-02-05', '2011-03-09', '2024-03-18']","[321.9, 316.61, 311.89, 319.23, 316.94]"
100642424235,Auckland,OmokoritoBay,1968-09-28,2024-03-18,55,5,5,-5.18,8.8,-0.09,0.07,-0.05,319.03,0.19,3.57,0.12,-0.01,318.9,0.17,1.31,0.01,"['1968-09-28', '1982-02-09', '1996-02-05', '2011-03-09', '2024-03-18']","[322.27, 316.17, 313.47, 319.06, 317.09]"
100642425234,Auckland,OmokoritoBay,1968-09-28,2024-03-18,55,4,4,-9.05,10.87,-0.16,0.07,-0.14,319.32,0.29,4.12,0.5,-0.09,318.3,0.21,1.31,0.45,"['1968-09-28', '1982-02-09', '1996-02-05', '2024-03-18']","[322.73, 315.3, 311.86, 313.69]"
100642426472,Auckland,OmokoritoBay,1968-09-28,2024-03-18,55,4,4,-10.62,14.16,-0.19,0.07,-0.17,320.7,0.4,5.62,0.42,-0.1,319.36,0.29,1.78,0.34,"['1968-09-28', '1982-02-09', '1996-02-05', '2024-03-18']","[325.26, 315.87, 311.1, 314.64]"
100642427470,Auckland,OmokoritoBay,1968-09-28,2024-03-18,55,4,4,-12.95,20.35,-0.23,0.07,-0.18,323.78,0.67,9.49,0.23,-0.06,321.24,0.49,3.03,0.07,"['1968-09-28', '1982-02-09', '1996-02-05', '2024-03-18']","[331.94, 315.57, 311.59, 318.99]"
100642428468,Auckland,OmokoritoBay,1968-09-28,2024-03-18,55,5,5,-16.6,24.27,-0.3,0.07,-0.21,325.97,0.51,9.59,0.25,-0.09,321.91,0.41,3.17,0.09,"['1968-09-28', '1982-02-09', '1996-02-05', '2011-03-09', '2024-03-18']","[336.35, 314.65, 312.08, 317.33, 319.74]"
100642429466,Auckland,OmokoritoBay,1968-09-28,2024-03-18,55,5,5,-13.64,21.63,-0.25,0.07,-0.16,324.91,0.46,8.71,0.18,-0.05,321.89,0.35,2.77,0.04,"['1968-09-28', '1982-02-09', '1996-02-05', '2011-03-09', '2024-03-18']","[334.2, 315.37, 312.57, 319.6, 320.57]"
100642430463,Auckland,OmokoritoBay,1968-09-28,2024-03-18,55,5,5,-11.46,18.96,-0.21,0.07,-0.12,324.05,0.41,7.74,0.14,-0.03,322.29,0.32,2.5,0.01,"['1968-09-28', '1982-02-09', '1996-02-05', '2011-03-09', '2024-03-18']","[332.03, 316.22, 313.07, 321.74, 320.57]"
100642431316,Auckland,OmokoritoBay,1968-09-28,2024-03-18,55,5,5,-10.67,17.56,-0.19,0.07,-0.12,323.95,0.37,7.02,0.15,-0.03,322.32,0.29,2.25,0.02,"['1968-09-28', '1982-02-09', '1996-02-05', '2011-03-09', '2024-03-18']","[331.15, 316.95, 313.59, 321.46, 320.48]"
100642432315,Auckland,OmokoritoBay,1968-09-28,2024-03-18,55,5,5,-10.15,19.34,-0.18,0.07,-0.11,323.24,0.41,7.67,0.12,-0.02,321.38,0.31,2.41,0.01,"['1968-09-28', '1982-02-09', '1996-02-05', '2011-03-09', '2024-03-18']","[330.84, 316.79, 311.5, 320.82, 320.69]"
100642433313,Auckland,OmokoritoBay,1968-09-28,2024-03-18,55,5,5,-4.25,13.48,-0.08,0.07,-0.04,320.07,0.3,5.73,0.02,0.03,318.73,0.23,1.78,0.03,"['1968-09-28', '1982-02-09', '1996-02-05', '2011-03-09', '2024-03-18']","[325.37, 316.97, 311.89, 320.12, 321.12]"
100642434312,Auckland,OmokoritoBay,1968-09-28,2024-03-18,55,5,5,1.24,9.36,0.02,0.07,0.04,318.39,0.23,4.39,0.05,0.07,318.47,0.18,1.41,0.23,"['1968-09-28', '1982-02-09', '1996-02-05', '2011-03-09', '2024-03-18']","[320.86, 319.5, 312.73, 321.98, 322.09]"
100642435310,Auckland,OmokoritoBay,1968-09-28,2024-03-18,55,5,5,-1.21,11.54,-0.02,0.07,-0.02,321.17,0.28,5.34,0.01,0.03,320.77,0.21,1.65,0.03,"['1968-09-28', '1982-02-09', '1996-02-05', '2011-03-09', '2024-03-18']","[324.14, 322.03, 312.6, 322.08, 322.92]"
100642436309,Auckland,OmokoritoBay,1968-09-28,2024-03-18,55,5,5,1.47,11.57,0.03,0.07,-0.0,320.73,0.28,5.18,0.0,0.02,320.77,0.21,1.66,0.02,"['1968-09-28', '1982-02-09', '1996-02-05', '2011-03-09', '2024-03-18']","[321.52, 324.59, 313.02, 321.42, 322.99]"
100642437308,Auckland,OmokoritoBay,1968-09-28,2024-03-18,55,5,5,-1.03,13.99,-0.02,0.07,-0.06,322.47,0.3,5.66,0.06,-0.04,322.95,0.23,1.82,0.06,"['1968-09-28', '1982-02-09', '1996-02-05', '2011-03-09', '2024-03-18']","[322.39, 326.9, 312.91, 320.94, 321.36]"
100642438306,Auckland,OmokoritoBay,1968-09-28,2024-03-18,55,5,5,-2.85,16.25,-0.05,0.07,-0.09,323.23,0.35,6.49,0.11,-0.07,323.7,0.27,2.08,0.12,"['1968-09-28', '1982-02-09', '1996-02-05', '2011-03-09', '2024-03-18']","[323.47, 327.62, 311.37, 320.49, 320.62]"
100642439305,Auckland,OmokoritoBay,1968-09-28,2024-03-18,55,5,5,-3.0,15.68,-0.05,0.07,-0.09,323.63,0.36,6.75,0.1,-0.05,323.15,0.28,2.22,0.06,"['1968-09-28', '1982-02-09', '1996-02-05', '2011-03-09', '2024-03-18']","[325.32, 326.82, 311.14, 320.39, 322.31]"
100642440303,Auckland,OmokoritoBay,1968-09-28,2024-03-18,55,5,5,-2.52,16.74,-0.05,0.07,-0.07,323.36,0.41,7.79,0.06,-0.02,322.26,0.33,2.6,0.01,"['1968-09-28', '1982-02-09', '1996-02-05', '2011-03-09', '2024-03-18']","[326.33, 326.17, 309.59, 320.51, 323.81]"
100642441341,Auckland,OmokoritoBay,1968-09-28,2024-03-18,55,5,5,-2.08,17.13,-0.04,0.07,-0.07,322.67,0.43,8.05,0.05,-0.01,321.38,0.35,2.73,0.0,"['1968-09-28', '1982-02-09', '1996-02-05', '2011-03-09', '2024-03-18']","[325.86, 325.57, 308.73, 319.89, 323.77]"
100642442339,Auckland,OmokoritoBay,1968-09-28,2024-03-18,55,5,5,-0.52,15.79,-0.01,0.07,-0.04,321.13,0.38,7.19,0.02,-0.0,320.67,0.3,2.33,0.0,"['1968-09-28', '1982-02-09', '1996-02-05', '2011-03-09', '2024-03-18']","[323.12, 324.97, 309.18, 320.18, 322.6]"
100642443337,Auckland,OmokoritoBay,1968-09-28,2024-03-18,55,5,5,0.82,15.65,0.01,0.07,-0.01,320.43,0.37,6.94,0.0,0.01,320.83,0.28,2.19,0.0,"['1968-09-28', '1982-02-09', '1996-02-05', '2011-03-09', '2024-03-18']","[321.48, 325.29, 309.64, 321.4, 322.3]"
100642444336,Auckland,OmokoritoBay,1968-09-28,2024-03-18,55,5,5,3.72,16.16,0.07,0.07,0.02,319.56,0.39,7.31,0.01,0.05,319.48,0.31,2.39,0.04,"['1968-09-28', '1982-02-09', '1996-02-05', '2011-03-09', '2024-03-18']","[320.44, 325.63, 309.47, 321.07, 324.15]"
100642445334,Auckland,OmokoritoBay,1968-09-28,2024-03-18,55,5,5,4.33,17.17,0.08,0.07,0.02,319.33,0.41,7.72,0.01,0.05,319.13,0.33,2.59,0.04,"['1968-09-28', '1982-02-09', '1996-02-05', '2011-03-09', '2024-03-18']","[320.04, 326.04, 308.87, 320.61, 324.36]"
100642446333,Auckland,OmokoritoBay,1968-09-28,2024-03-18,55,5,5,6.74,18.84,0.12,0.07,0.05,317.77,0.44,8.27,0.02,0.06,318.34,0.35,2.74,0.05,"['1968-09-28', '1982-02-09', '1996-02-05', '2011-03-09', '2024-03-18']","[316.89, 326.87, 308.03, 320.37, 323.63]"
100642447331,Auckland,OmokoritoBay,1968-09-28,2024-03-18,55,5,5,7.29,20.79,0.13,0.07,0.05,317.4,0.48,9.04,0.02,0.06,318.25,0.38,2.99,0.04,"['1968-09-28', '1982-02-09', '1996-02-05', '2011-03-09', '2024-03-18']","[316.0, 327.68, 306.9, 320.14, 323.29]"
100642448329,Auckland,OmokoritoBay,1968-09-28,2024-03-18,55,5,5,10.03,20.04,0.18,0.07,0.1,316.51,0.49,9.26,0.06,0.12,315.99,0.43,3.32,0.13,"['1968-09-28', '1982-02-09', '1996-02-05', '2011-03-09', '2024-03-18']","[316.52, 326.45, 306.51, 319.76, 326.55]"
100642449328,Auckland,OmokoritoBay,1968-09-28,2024-03-18,55,5,5,8.94,19.32,0.16,0.07,0.09,316.45,0.46,8.71,0.06,0.12,315.65,0.4,3.16,0.13,"['1968-09-28', '1982-02-09', '1996-02-05', '2011-03-09', '2024-03-18']","[317.06, 325.13, 306.68, 319.22, 325.99]"
100642450326,Auckland,OmokoritoBay,1968-09-28,2024-03-18,55,5,5,8.52,18.31,0.15,0.07,0.08,315.83,0.44,8.21,0.06,0.11,315.11,0.38,2.96,0.14,"['1968-09-28', '1982-02-09', '1996-02-05', '2011-03-09', '2024-03-18']","[316.45, 324.01, 306.66, 318.64, 324.97]"
100642451370,Auckland,OmokoritoBay,1968-09-28,2024-03-18,55,5,5,9.94,17.48,0.18,0.07,0.11,314.2,0.41,7.73,0.11,0.13,313.67,0.36,2.82,0.18,"['1968-09-28', '1982-02-09', '1996-02-05', '2011-03-09', '2024-03-18']","[314.18, 322.89, 306.64, 317.83, 324.12]"
100642452368,Auckland,OmokoritoBay,1968-09-28,2024-03-18,55,5,5,10.0,18.73,0.18,0.07,0.11,312.24,0.45,8.54,0.1,0.13,312.28,0.37,2.89,0.18,"['1968-09-28', '1982-02-09', '1996-02-05', '2011-03-09', '2024-03-18']","[312.13, 321.71, 303.4, 317.0, 322.13]"
100642453367,Auckland,OmokoritoBay,1968-09-28,2024-03-18,55,5,5,6.6,18.58,0.12,0.07,0.06,312.24,0.45,8.44,0.03,0.09,312.59,0.35,2.73,0.1,"['1968-09-28', '1982-02-09', '1996-02-05', '2011-03-09', '2024-03-18']","[312.56, 320.42, 301.85, 315.9, 319.16]"
100642454365,Auckland,OmokoritoBay,1968-09-28,2024-03-18,55,5,5,3.47,16.83,0.06,0.07,0.02,312.87,0.4,7.56,0.0,0.05,313.09,0.31,2.42,0.04,"['1968-09-28', '1982-02-09', '1996-02-05', '2011-03-09', '2024-03-18']","[313.7, 319.13, 302.31, 314.82, 317.17]"
100642455497,Auckland,OmokoritoBay,1968-09-28,2024-03-18,55,5,5,3.1,14.7,0.06,0.07,0.02,311.89,0.35,6.57,0.01,0.04,312.22,0.27,2.1,0.04,"['1968-09-28', '1982-02-09', '1996-02-05', '2011-03-09', '2024-03-18']","[312.46, 317.47, 302.77, 313.81, 315.56]"
100642456494,Auckland,OmokoritoBay,1968-09-28,2024-03-18,55,5,5,5.2,13.53,0.09,0.07,0.06,310.23,0.32,6.04,0.05,0.08,309.89,0.26,2.02,0.16,"['1968-09-28', '1982-02-09', '1996-02-05', '2011-03-09', '2024-03-18']","[311.23, 315.5, 302.9, 312.82, 316.43]"
100642457491,Auckland,OmokoritoBay,1968-09-28,2024-03-18,55,5,5,3.81,10.84,0.07,0.07,0.04,309.21,0.26,4.96,0.04,0.06,309.0,0.21,1.64,0.13,"['1968-09-28', '1982-02-09', '1996-02-05', '2011-03-09', '2024-03-18']","[310.01, 313.44, 302.98, 311.12, 313.82]"
100642458631,Auckland,OmokoritoBay,1968-09-28,2024-03-18,55,5,5,3.48,10.48,0.06,0.07,0.05,307.83,0.22,4.19,0.08,0.08,306.45,0.21,1.61,0.24,"['1968-09-28', '1982-02-09', '1996-02-05', '2011-03-09', '2024-03-18']","[310.2, 309.52, 303.21, 309.2, 313.69]"
100642459627,Auckland,OmokoritoBay,1968-09-28,2024-03-18,55,5,5,5.45,9.29,0.1,0.07,0.04,307.53,0.23,4.41,0.05,0.05,306.85,0.24,1.91,0.06,"['1968-09-28', '1982-02-09', '1996-02-05', '2011-03-09', '2024-03-18']","[306.93, 312.78, 303.49, 307.62, 312.38]"
100642460623,Auckland,OmokoritoBay,1968-09-28,2024-03-18,55,5,5,4.32,8.25,0.08,0.07,0.03,306.42,0.2,3.78,0.04,0.03,306.14,0.19,1.51,0.05,"['1968-09-28', '1982-02-09', '1996-02-05', '2011-03-09', '2024-03-18']","[305.68, 311.06, 302.81, 306.69, 310.0]"
100642461723,Auckland,OmokoritoBay,1968-09-28,2024-03-18,55,5,5,2.99,9.25,0.05,0.07,0.02,305.38,0.21,3.98,0.01,0.02,305.7,0.17,1.34,0.02,"['1968-09-28', '1982-02-09', '1996-02-05', '2011-03-09', '2024-03-18']","[304.64, 309.94, 300.69, 306.1, 307.64]"
100642462719,Auckland,OmokoritoBay,1968-09-28,2024-03-18,55,5,5,2.95,10.34,0.05,0.07,-0.02,306.94,0.25,4.69,0.01,-0.05,308.07,0.21,1.63,0.1,"['1968-09-28', '1982-02-09', '1996-02-05', '2011-03-09', '2024-03-18']","[303.15, 313.49, 304.2, 305.5, 306.1]"
100642463718,Auckland,OmokoritoBay,1968-09-28,2024-03-18,55,5,5,0.72,8.72,0.01,0.07,-0.05,309.17,0.21,3.91,0.08,-0.08,310.31,0.17,1.34,0.31,"['1968-09-28', '1982-02-09', '1996-02-05', '2011-03-09', '2024-03-18']","[305.31, 314.03, 307.71, 306.44, 306.03]"
100642464889,Auckland,OmokoritoBay,1968-09-28,2024-03-18,55,5,5,0.54,8.38,0.01,0.07,-0.03,309.66,0.2,3.85,0.04,-0.07,311.55,0.17,1.36,0.21,"['1968-09-28', '1982-02-09', '1996-02-05', '2011-03-09', '2024-03-18']","[306.15, 314.53, 307.41, 309.14, 306.69]"
100642465889,Auckland,OmokoritoBay,1968-09-28,2024-03-18,55,5,5,1.87,7.79,0.03,0.07,-0.01,309.81,0.19,3.65,0.0,-0.03,311.2,0.16,1.23,0.07,"['1968-09-28', '1982-02-09', '1996-02-05', '2011-03-09', '2024-03-18']","[307.15, 314.77, 306.99, 310.06, 309.02]"
100642467127,Auckland,OmokoritoBay,1968-09-28,2024-03-18,55,5,5,3.51,8.54,0.06,0.07,0.01,309.03,0.21,3.93,0.0,-0.01,309.88,0.17,1.35,0.0,"['1968-09-28', '1982-02-09', '1996-02-05', '2011-03-09', '2024-03-18']","[306.6, 314.62, 306.08, 309.24, 310.11]"
100642468127,Auckland,OmokoritoBay,1968-09-28,2024-03-18,55,5,5,3.49,8.88,0.06,0.07,0.01,308.45,0.21,4.02,0.0,-0.01,309.16,0.18,1.4,0.0,"['1968-09-28', '1982-02-09', '1996-02-05', '2011-03-09', '2024-03-18']","[306.16, 314.06, 305.18, 308.43, 309.65]"
100642469286,Auckland,OmokoritoBay,1968-09-28,2024-03-18,55,5,5,1.88,8.94,0.03,0.07,-0.01,308.37,0.21,3.9,0.01,-0.03,309.39,0.17,1.3,0.06,"['1968-09-28', '1982-02-09', '1996-02-05', '2011-03-09', '2024-03-18']","[306.06, 313.49, 304.55, 307.97, 307.94]"
100642470285,Auckland,OmokoritoBay,1968-09-28,2024-03-18,55,5,5,4.73,9.56,0.09,0.07,0.04,306.39,0.23,4.41,0.05,0.01,308.11,0.19,1.5,0.01,"['1968-09-28', '1982-02-09', '1996-02-05', '2011-03-09', '2024-03-18']","[303.36, 312.92, 303.99, 308.91, 308.09]"
100642471399,Auckland,OmokoritoBay,1968-09-28,2024-03-18,55,5,5,6.85,10.37,0.12,0.07,0.08,304.87,0.24,4.59,0.16,0.05,306.82,0.2,1.6,0.1,"['1968-09-28', '1982-02-09', '1996-02-05', '2011-03-09', '2024-03-18']","[301.73, 312.1, 303.36, 309.4, 308.58]"
100642472398,Auckland,OmokoritoBay,1968-09-28,2024-03-18,55,5,5,8.28,11.45,0.15,0.07,0.1,303.35,0.26,4.87,0.22,0.07,305.53,0.22,1.72,0.16,"['1968-09-28', '1982-02-09', '1996-02-05', '2011-03-09', '2024-03-18']","[299.84, 311.29, 302.56, 309.03, 308.11]"
100642473397,Auckland,OmokoritoBay,1968-09-28,2024-03-18,55,5,5,11.13,12.53,0.2,0.07,0.15,301.46,0.26,4.93,0.37,0.11,303.53,0.22,1.69,0.33,"['1968-09-28', '1982-02-09', '1996-02-05', '2011-03-09', '2024-03-18']","[297.73, 310.25, 302.19, 308.69, 308.85]"
100642474396,Auckland,OmokoritoBay,1968-09-28,2024-03-18,55,5,5,11.84,13.24,0.21,0.07,0.16,300.05,0.27,5.01,0.41,0.12,302.57,0.23,1.81,0.34,"['1968-09-28', '1982-02-09', '1996-02-05', '2011-03-09', '2024-03-18']","[295.83, 309.08, 301.95, 308.43, 307.67]"
100642475395,Auckland,OmokoritoBay,1968-09-28,2024-03-18,55,5,5,14.2,14.3,0.26,0.07,0.2,298.13,0.27,5.14,0.51,0.16,300.63,0.24,1.84,0.47,"['1968-09-28', '1982-02-09', '1996-02-05', '2011-03-09', '2024-03-18']","[293.87, 307.9, 300.92, 308.17, 308.07]"
100642476395,Auckland,OmokoritoBay,1968-09-28,2024-03-18,55,5,5,16.72,16.72,0.3,0.07,0.24,296.07,0.28,5.3,0.57,0.2,298.11,0.23,1.79,0.58,"['1968-09-28', '1982-02-09', '1996-02-05', '2011-03-09', '2024-03-18']","[291.79, 306.74, 299.54, 306.67, 308.51]"
100642477394,Auckland,OmokoritoBay,1968-09-28,2024-03-18,55,5,5,14.87,14.87,0.27,0.07,0.21,295.79,0.27,5.08,0.52,0.17,297.7,0.22,1.71,0.53,"['1968-09-28', '1982-02-09', '1996-02-05', '2011-03-09', '2024-03-18']","[291.8, 305.72, 298.36, 305.09, 306.67]"
100642478393,Auckland,OmokoritoBay,1968-09-28,2024-03-18,55,5,5,13.15,13.15,0.24,0.07,0.18,295.49,0.26,4.83,0.47,0.14,297.3,0.21,1.62,0.47,"['1968-09-28', '1982-02-09', '1996-02-05', '2011-03-09', '2024-03-18']","[291.66, 304.7, 297.51, 303.51, 304.81]"
100642479392,Auckland,OmokoritoBay,1968-09-28,2024-03-18,55,5,5,13.49,13.49,0.24,0.07,0.18,294.48,0.25,4.65,0.51,0.15,296.02,0.2,1.56,0.52,"['1968-09-28', '1982-02-09', '1996-02-05', '2011-03-09', '2024-03-18']","[290.96, 303.53, 296.5, 302.51, 304.45]"
100642480392,Auckland,OmokoritoBay,1968-09-28,2024-03-18,55,5,5,13.5,13.5,0.24,0.07,0.19,293.46,0.23,4.36,0.56,0.17,294.42,0.19,1.47,0.61,"['1968-09-28', '1982-02-09', '1996-02-05', '2011-03-09', '2024-03-18']","[291.16, 301.82, 294.48, 301.62, 304.66]"
100642481391,Auckland,OmokoritoBay,1968-09-28,2024-03-18,55,5,5,13.17,13.17,0.24,0.07,0.19,292.68,0.21,3.94,0.6,0.18,293.07,0.18,1.38,0.67,"['1968-09-28', '1982-02-09', '1996-02-05', '2011-03-09', '2024-03-18']","[291.27, 300.11, 293.49, 300.44, 304.45]"
100642482390,Auckland,OmokoritoBay,1968-09-28,2024-03-18,55,5,5,10.25,10.25,0.18,0.07,0.15,292.24,0.17,3.15,0.61,0.14,293.22,0.13,1.05,0.67,"['1968-09-28', '1982-02-09', '1996-02-05', '2011-03-09', '2024-03-18']","[290.55, 298.39, 293.31, 299.26, 300.8]"
100642483299,Auckland,OmokoritoBay,1968-09-28,2024-03-18,55,5,5,7.68,9.42,0.14,0.07,0.12,291.86,0.18,3.42,0.43,0.09,293.95,0.19,1.45,0.31,"['1968-09-28', '1982-02-09', '1996-02-05', '2011-03-09', '2024-03-18']","[289.29, 297.69, 292.88, 298.71, 296.97]"
100642484298,Auckland,OmokoritoBay,1968-09-28,2024-03-18,55,5,5,6.79,7.82,0.12,0.07,0.1,292.23,0.16,3.03,0.43,0.09,293.86,0.16,1.21,0.36,"['1968-09-28', '1982-02-09', '1996-02-05', '2011-03-09', '2024-03-18']","[290.4, 297.33, 292.37, 298.22, 297.19]"
100642485298,Auckland,OmokoritoBay,1968-09-28,2024-03-18,55,5,5,6.74,9.51,0.12,0.07,0.1,292.16,0.21,3.91,0.31,0.11,292.83,0.16,1.26,0.46,"['1968-09-28', '1982-02-09', '1996-02-05', '2011-03-09', '2024-03-18']","[292.11, 296.97, 289.35, 297.74, 298.86]"
100642486200,Auckland,OmokoritoBay,1968-09-28,2024-03-18,55,5,5,4.05,12.46,0.07,0.07,0.06,294.2,0.27,5.14,0.08,0.1,293.52,0.21,1.66,0.28,"['1968-09-28', '1982-02-09', '1996-02-05', '2011-03-09', '2024-03-18']","[296.47, 297.07, 288.06, 297.31, 300.52]"
100642487126,Auckland,OmokoritoBay,1968-09-28,2024-03-18,55,5,5,4.27,13.9,0.08,0.07,0.06,294.39,0.31,5.75,0.08,0.11,293.54,0.24,1.87,0.27,"['1968-09-28', '1982-02-09', '1996-02-05', '2011-03-09', '2024-03-18']","[297.07, 297.39, 287.44, 297.63, 301.34]"
100642488062,Auckland,OmokoritoBay,1968-09-28,2024-03-18,55,5,5,3.5,12.55,0.06,0.07,0.05,294.97,0.28,5.27,0.07,0.09,294.26,0.22,1.68,0.26,"['1968-09-28', '1982-02-09', '1996-02-05', '2011-03-09', '2024-03-18']","[297.5, 297.51, 288.45, 297.96, 301.0]"
100642488991,Auckland,OmokoritoBay,1968-09-28,2024-03-18,55,5,5,3.42,12.53,0.06,0.07,0.05,294.71,0.28,5.35,0.05,0.09,294.02,0.22,1.73,0.22,"['1968-09-28', '1982-02-09', '1996-02-05', '2011-03-09', '2024-03-18']","[297.02, 297.56, 287.91, 297.3, 300.44]"
100642489969,Auckland,OmokoritoBay,1968-09-28,2024-03-18,55,5,5,6.35,14.67,0.11,0.07,0.08,293.46,0.32,5.97,0.11,0.12,292.65,0.26,2.06,0.26,"['1968-09-28', '1982-02-09', '1996-02-05', '2011-03-09', '2024-03-18']","[295.19, 298.2, 286.87, 296.82, 301.54]"
100642490904,Auckland,OmokoritoBay,1968-09-28,2024-03-18,55,5,5,9.67,16.1,0.17,0.07,0.12,292.44,0.35,6.54,0.18,0.14,291.79,0.3,2.38,0.28,"['1968-09-28', '1982-02-09', '1996-02-05', '2011-03-09', '2024-03-18']","[292.98, 299.6, 286.55, 296.77, 302.65]"
100642491903,Auckland,OmokoritoBay,1968-09-28,2024-03-18,55,5,5,8.55,12.56,0.15,0.07,0.09,293.58,0.27,5.14,0.18,0.11,292.4,0.29,2.28,0.21,"['1968-09-28', '1982-02-09', '1996-02-05', '2011-03-09', '2024-03-18']","[293.73, 299.51, 289.72, 295.61, 302.29]"
100642492836,Auckland,OmokoritoBay,1968-09-28,2024-03-18,55,5,5,5.2,10.55,0.09,0.07,0.07,295.41,0.22,4.12,0.14,0.09,294.52,0.2,1.56,0.27,"['1968-09-28', '1982-02-09', '1996-02-05', '2011-03-09', '2024-03-18']","[296.64, 298.8, 291.3, 297.59, 301.85]"
100642493835,Auckland,OmokoritoBay,1968-09-28,2024-03-18,55,5,5,2.96,10.02,0.05,0.07,0.04,297.61,0.23,4.24,0.05,0.07,296.97,0.18,1.41,0.21,"['1968-09-28', '1982-02-09', '1996-02-05', '2011-03-09', '2024-03-18']","[299.36, 300.02, 292.3, 299.48, 302.32]"
100642494835,Auckland,OmokoritoBay,1968-09-28,2024-03-18,55,5,5,2.97,9.38,0.05,0.07,0.04,298.4,0.23,4.28,0.06,0.06,298.58,0.17,1.34,0.19,"['1968-09-28', '1982-02-09', '1996-02-05', '2011-03-09', '2024-03-18']","[299.4, 301.63, 292.99, 301.26, 302.37]"
100642495835,Auckland,OmokoritoBay,1968-09-28,2024-03-18,55,5,5,2.84,9.91,0.05,0.07,0.03,299.47,0.24,4.57,0.03,0.05,300.21,0.19,1.47,0.1,"['1968-09-28', '1982-02-09', '1996-02-05', '2011-03-09', '2024-03-18']","[299.74, 303.57, 293.66, 302.48, 302.58]"
100642496733,Auckland,OmokoritoBay,1968-09-28,2024-03-18,55,5,5,2.78,11.18,0.05,0.07,0.02,300.61,0.26,4.83,0.01,0.02,301.16,0.2,1.56,0.02,"['1968-09-28', '1982-02-09', '1996-02-05', '2011-03-09', '2024-03-18']","[300.25, 305.52, 294.33, 302.03, 303.03]"
100642497733,Auckland,OmokoritoBay,1968-09-28,2024-03-18,55,5,5,2.59,10.81,0.05,0.07,0.01,300.53,0.26,4.8,0.0,0.03,300.45,0.21,1.61,0.03,"['1968-09-28', '1982-02-09', '1996-02-05', '2011-03-09', '2024-03-18']","[300.84, 304.79, 293.99, 301.17, 303.43]"
100642498732,Auckland,OmokoritoBay,1968-09-28,2024-03-18,55,5,5,2.56,11.24,0.05,0.07,0.02,300.07,0.28,5.28,0.01,0.04,299.67,0.23,1.77,0.06,"['1968-09-28', '1982-02-09', '1996-02-05', '2011-03-09', '2024-03-18']","[301.2, 303.94, 292.7, 300.93, 303.76]"
100642499583,Auckland,OmokoritoBay,1968-09-28,2024-03-18,55,5,5,3.0,11.46,0.05,0.07,0.02,300.15,0.28,5.19,0.01,0.04,300.13,0.22,1.7,0.06,"['1968-09-28', '1982-02-09', '1996-02-05', '2011-03-09', '2024-03-18']","[300.68, 304.64, 293.17, 301.47, 303.68]"
100642500582,Auckland,OmokoritoBay,1968-09-28,2024-03-18,55,5,5,3.91,12.4,0.07,0.07,0.02,300.69,0.29,5.47,0.01,0.04,300.72,0.24,1.86,0.04,"['1968-09-28', '1982-02-09', '1996-02-05', '2011-03-09', '2024-03-18']","[300.58, 306.2, 293.8, 301.74, 304.48]"
100642501385,Auckland,OmokoritoBay,1968-09-28,2024-03-18,55,5,5,3.45,11.28,0.06,0.07,0.02,301.45,0.26,4.94,0.01,0.03,301.46,0.22,1.7,0.03,"['1968-09-28', '1982-02-09', '1996-02-05', '2011-03-09', '2024-03-18']","[301.2, 306.53, 295.24, 302.1, 304.65]"
100642502382,Auckland,OmokoritoBay,1968-09-28,2024-03-18,55,5,5,2.91,9.97,0.05,0.07,0.01,302.65,0.23,4.26,0.0,0.01,302.8,0.19,1.5,0.0,"['1968-09-28', '1982-02-09', '1996-02-05', '2011-03-09', '2024-03-18']","[301.8, 307.49, 297.51, 302.63, 304.71]"
100642503160,Auckland,OmokoritoBay,1968-09-28,2024-03-18,55,5,5,1.86,9.97,0.03,0.07,-0.01,303.8,0.22,4.15,0.0,-0.01,304.55,0.17,1.36,0.01,"['1968-09-28', '1982-02-09', '1996-02-05', '2011-03-09', '2024-03-18']","[302.59, 308.55, 298.59, 304.05, 304.45]"
100642504155,Auckland,OmokoritoBay,1968-09-28,2024-03-18,55,5,5,1.97,10.62,0.04,0.07,-0.01,304.82,0.24,4.48,0.0,-0.0,304.85,0.2,1.56,0.0,"['1968-09-28', '1982-02-09', '1996-02-05', '2011-03-09', '2024-03-18']","[304.38, 309.3, 298.68, 304.28, 306.35]"
100642505151,Auckland,OmokoritoBay,1968-09-28,2024-03-18,55,5,5,3.76,11.25,0.07,0.07,0.02,305.0,0.27,5.03,0.01,0.03,304.58,0.24,1.88,0.03,"['1968-09-28', '1982-02-09', '1996-02-05', '2011-03-09', '2024-03-18']","[304.93, 310.03, 298.78, 305.0, 308.69]"
100642505912,Auckland,OmokoritoBay,1968-09-28,2024-03-18,55,5,5,3.55,12.45,0.06,0.07,0.02,305.4,0.29,5.47,0.01,0.03,305.29,0.24,1.9,0.03,"['1968-09-28', '1982-02-09', '1996-02-05', '2011-03-09', '2024-03-18']","[305.32, 310.77, 298.32, 305.89, 308.87]"
100642506905,Auckland,OmokoritoBay,1968-09-28,2024-03-18,55,5,5,2.0,13.71,0.04,0.07,-0.01,306.38,0.31,5.89,0.0,0.01,306.46,0.25,1.95,0.0,"['1968-09-28', '1982-02-09', '1996-02-05', '2011-03-09', '2024-03-18']","[306.54, 311.53, 297.82, 306.4, 308.54]"
100642507597,Auckland,OmokoritoBay,1968-09-28,2024-03-18,55,5,5,0.5,13.52,0.01,0.07,-0.03,307.71,0.3,5.66,0.02,-0.02,307.81,0.24,1.87,0.01,"['1968-09-28', '1982-02-09', '1996-02-05', '2011-03-09', '2024-03-18']","[307.9, 312.3, 298.78, 306.74, 308.4]"
100642508586,Auckland,OmokoritoBay,1968-09-28,2024-03-18,55,5,5,1.89,13.05,0.03,0.07,-0.02,308.75,0.31,5.79,0.01,0.0,307.94,0.28,2.19,0.0,"['1968-09-28', '1982-02-09', '1996-02-05', '2011-03-09', '2024-03-18']","[309.37, 313.32, 300.27, 307.08, 311.26]"
100642509181,Auckland,OmokoritoBay,1968-09-28,2024-03-18,55,5,5,1.57,14.16,0.03,0.07,-0.02,311.01,0.33,6.15,0.01,-0.0,310.46,0.28,2.21,0.0,"['1968-09-28', '1982-02-09', '1996-02-05', '2011-03-09', '2024-03-18']","[311.54, 315.92, 301.76, 309.49, 313.1]"
100642510166,Auckland,OmokoritoBay,1968-09-28,2024-03-18,55,5,5,0.98,13.82,0.02,0.07,-0.03,311.58,0.31,5.83,0.01,-0.01,311.67,0.25,1.93,0.0,"['1968-09-28', '1982-02-09', '1996-02-05', '2011-03-09', '2024-03-18']","[311.74, 316.44, 302.61, 310.87, 312.72]"
100642510885,Auckland,OmokoritoBay,1968-09-28,2024-03-18,55,5,5,0.89,13.09,0.02,0.07,-0.03,309.78,0.3,5.6,0.02,-0.01,309.39,0.25,1.98,0.0,"['1968-09-28', '1982-02-09', '1996-02-05', '2011-03-09', '2024-03-18']","[310.19, 314.2, 301.11, 308.17, 311.08]"
100642511881,Auckland,OmokoritoBay,1968-09-28,2024-03-18,55,5,5,2.85,13.7,0.05,0.07,-0.0,308.34,0.33,6.24,0.0,0.02,307.35,0.31,2.39,0.01,"['1968-09-28', '1982-02-09', '1996-02-05', '2011-03-09', '2024-03-18']","[309.18, 313.3, 299.6, 307.11, 312.03]"
100642512688,Auckland,OmokoritoBay,1968-09-28,2024-03-18,55,5,5,1.09,14.35,0.02,0.07,-0.03,307.7,0.33,6.17,0.01,-0.01,307.41,0.27,2.11,0.0,"['1968-09-28', '1982-02-09', '1996-02-05', '2011-03-09', '2024-03-18']","[308.22, 312.52, 298.18, 306.5, 309.31]"
100642513530,Auckland,OmokoritoBay,1968-09-28,2024-03-18,55,5,5,3.15,13.6,0.06,0.07,0.01,305.75,0.34,6.36,0.0,0.04,304.91,0.29,2.28,0.04,"['1968-09-28', '1982-02-09', '1996-02-05', '2011-03-09', '2024-03-18']","[307.03, 310.5, 296.9, 305.75, 310.17]"
100642514529,Auckland,OmokoritoBay,1968-09-28,2024-03-18,55,5,5,3.95,14.54,0.07,0.07,0.03,304.21,0.35,6.51,0.01,0.07,302.74,0.32,2.49,0.07,"['1968-09-28', '1982-02-09', '1996-02-05', '2011-03-09', '2024-03-18']","[306.21, 308.47, 295.62, 304.29, 310.16]"
100642515316,Auckland,OmokoritoBay,1968-09-28,2024-03-18,55,5,5,1.77,12.84,0.03,0.07,-0.01,303.43,0.32,6.06,0.0,0.03,301.63,0.31,2.46,0.02,"['1968-09-28', '1982-02-09', '1996-02-05', '2011-03-09', '2024-03-18']","[305.75, 306.38, 294.68, 301.67, 307.53]"
100642516316,Auckland,OmokoritoBay,1968-09-28,2024-03-18,55,5,5,0.81,11.91,0.01,0.07,-0.01,302.92,0.3,5.58,0.0,0.04,300.73,0.3,2.34,0.03,"['1968-09-28', '1982-02-09', '1996-02-05', '2011-03-09', '2024-03-18']","[306.1, 304.14, 295.01, 300.96, 306.91]"
100642517316,Auckland,OmokoritoBay,1968-09-28,2024-03-18,55,5,5,4.04,12.8,0.07,0.07,0.03,301.86,0.29,5.47,0.02,0.07,299.75,0.32,2.46,0.09,"['1968-09-28', '1982-02-09', '1996-02-05', '2011-03-09', '2024-03-18']","[304.19, 304.74, 295.43, 301.25, 308.23]"
100642518130,Auckland,OmokoritoBay,1968-09-28,2024-03-18,55,5,5,5.91,12.21,0.11,0.07,0.05,301.17,0.29,5.37,0.06,0.07,299.99,0.29,2.26,0.11,"['1968-09-28', '1982-02-09', '1996-02-05', '2011-03-09', '2024-03-18']","[301.78, 306.3, 295.48, 301.75, 307.68]"
100642519130,Auckland,OmokoritoBay,1968-09-28,2024-03-18,55,5,5,4.6,11.24,0.08,0.07,0.04,300.96,0.27,5.14,0.04,0.06,300.48,0.24,1.84,0.11,"['1968-09-28', '1982-02-09', '1996-02-05', '2011-03-09', '2024-03-18']","[301.48, 305.77, 294.84, 302.3, 306.08]"
100642520130,Auckland,OmokoritoBay,1968-09-28,2024-03-18,55,5,5,1.57,11.53,0.03,0.07,-0.0,301.37,0.27,5.17,0.0,0.02,301.28,0.22,1.68,0.02,"['1968-09-28', '1982-02-09', '1996-02-05', '2011-03-09', '2024-03-18']","[302.17, 305.24, 293.71, 301.81, 303.73]"
100642521130,Auckland,OmokoritoBay,1968-09-28,2024-03-18,55,5,5,2.58,12.37,0.05,0.07,0.02,301.11,0.3,5.71,0.01,0.05,300.24,0.25,1.99,0.07,"['1968-09-28', '1982-02-09', '1996-02-05', '2011-03-09', '2024-03-18']","[302.89, 304.66, 293.1, 301.62, 305.48]"
100642522130,Auckland,OmokoritoBay,1968-09-28,2024-03-18,55,5,5,2.44,11.36,0.04,0.07,0.02,300.67,0.28,5.27,0.01,0.05,300.2,0.22,1.73,0.09,"['1968-09-28', '1982-02-09', '1996-02-05', '2011-03-09', '2024-03-18']","[302.23, 304.07, 293.3, 301.89, 304.66]"
100642523130,Auckland,OmokoritoBay,1968-09-28,2024-03-18,55,5,5,3.83,12.15,0.07,0.07,0.05,300.03,0.28,5.23,0.06,0.08,299.68,0.21,1.67,0.22,"['1968-09-28', '1982-02-09', '1996-02-05', '2011-03-09', '2024-03-18']","[301.82, 303.48, 293.51, 303.03, 305.65]"
100642524130,Auckland,OmokoritoBay,1968-09-28,2024-03-18,55,5,5,2.71,10.86,0.05,0.07,0.02,300.36,0.26,4.92,0.01,0.05,299.42,0.23,1.8,0.07,"['1968-09-28', '1982-02-09', '1996-02-05', '2011-03-09', '2024-03-18']","[301.85, 303.57, 293.71, 300.62, 304.56]"
100642525130,Auckland,OmokoritoBay,1968-09-28,2024-03-18,55,5,5,0.54,9.83,0.01,0.07,-0.02,300.96,0.24,4.49,0.01,0.0,300.24,0.21,1.64,0.0,"['1968-09-28', '1982-02-09', '1996-02-05', '2011-03-09', '2024-03-18']","[302.02, 303.74, 293.91, 299.6, 302.56]"
100642526130,Auckland,OmokoritoBay,1968-09-28,2024-03-18,55,5,5,-0.92,10.81,-0.02,0.07,-0.05,301.71,0.24,4.55,0.08,-0.03,301.24,0.21,1.62,0.04,"['1968-09-28', '1982-02-09', '1996-02-05', '2011-03-09', '2024-03-18']","[302.34, 304.62, 293.81, 299.22, 301.43]"
100642527129,Auckland,OmokoritoBay,1968-09-28,2024-03-18,55,5,5,-2.07,12.32,-0.04,0.07,-0.07,302.52,0.26,4.96,0.12,-0.06,302.43,0.21,1.66,0.11,"['1968-09-28', '1982-02-09', '1996-02-05', '2011-03-09', '2024-03-18']","[302.91, 305.73, 293.41, 299.63, 300.84]"
100642528129,Auckland,OmokoritoBay,1968-09-28,2024-03-18,55,5,5,-2.33,14.24,-0.04,0.07,-0.09,303.5,0.3,5.73,0.14,-0.07,303.09,0.26,2.03,0.12,"['1968-09-28', '1982-02-09', '1996-02-05', '2011-03-09', '2024-03-18']","[303.88, 307.26, 293.02, 299.3, 301.55]"
100642529084,Auckland,OmokoritoBay,1968-09-28,2024-03-18,55,5,5,-6.23,17.53,-0.11,0.07,-0.17,306.04,0.34,6.43,0.32,-0.16,306.24,0.28,2.19,0.38,"['1968-09-28', '1982-02-09', '1996-02-05', '2011-03-09', '2024-03-18']","[305.43, 310.29, 292.76, 298.75, 299.2]"
100642530084,Auckland,OmokoritoBay,1968-09-28,2024-03-18,55,5,5,-7.53,17.5,-0.14,0.07,-0.19,306.0,0.33,6.26,0.37,-0.18,306.68,0.26,2.05,0.47,"['1968-09-28', '1982-02-09', '1996-02-05', '2011-03-09', '2024-03-18']","[305.13, 310.0, 292.5, 298.66, 297.6]"
100642531084,Auckland,OmokoritoBay,1968-09-28,2024-03-18,55,5,5,-5.32,16.16,-0.1,0.07,-0.15,304.74,0.31,5.9,0.29,-0.15,305.66,0.25,1.93,0.41,"['1968-09-28', '1982-02-09', '1996-02-05', '2011-03-09', '2024-03-18']","[303.38, 309.34, 293.18, 299.15, 298.07]"
100642532084,Auckland,OmokoritoBay,1968-09-28,2024-03-18,55,5,5,-2.83,14.24,-0.05,0.07,-0.1,304.35,0.29,5.43,0.18,-0.09,304.72,0.23,1.81,0.23,"['1968-09-28', '1982-02-09', '1996-02-05', '2011-03-09', '2024-03-18']","[303.67, 308.66, 294.42, 300.33, 300.83]"
100642532911,Auckland,OmokoritoBay,1968-09-28,2024-03-18,55,5,5,-3.07,11.9,-0.06,0.07,-0.09,305.36,0.25,4.75,0.19,-0.07,305.03,0.21,1.64,0.18,"['1968-09-28', '1982-02-09', '1996-02-05', '2011-03-09', '2024-03-18']","[305.95, 307.97, 296.07, 301.43, 302.88]"
100642533911,Auckland,OmokoritoBay,1968-09-28,2024-03-18,55,5,5,-2.8,10.82,-0.05,0.07,-0.08,306.27,0.23,4.38,0.19,-0.06,305.79,0.2,1.56,0.16,"['1968-09-28', '1982-02-09', '1996-02-05', '2011-03-09', '2024-03-18']","[306.94, 308.55, 297.73, 302.43, 304.14]"
100642534910,Auckland,OmokoritoBay,1968-09-28,2024-03-18,55,5,5,-2.88,9.98,-0.05,0.07,-0.08,307.35,0.21,3.86,0.24,-0.07,307.13,0.17,1.36,0.24,"['1968-09-28', '1982-02-09', '1996-02-05', '2011-03-09', '2024-03-18']","[307.53, 309.64, 299.66, 303.57, 304.65]"
100642535910,Auckland,OmokoritoBay,1968-09-28,2024-03-18,55,5,5,-3.08,8.97,-0.06,0.07,-0.09,308.46,0.17,3.29,0.31,-0.08,308.59,0.14,1.12,0.38,"['1968-09-28', '1982-02-09', '1996-02-05', '2011-03-09', '2024-03-18']","[308.07, 310.73, 301.76, 304.77, 304.98]"
100642536769,Auckland,OmokoritoBay,1968-09-28,2024-03-18,55,5,5,-1.09,8.65,-0.02,0.07,-0.05,307.61,0.18,3.34,0.13,-0.05,307.95,0.14,1.11,0.18,"['1968-09-28', '1982-02-09', '1996-02-05', '2011-03-09', '2024-03-18']","[307.01, 310.55, 301.9, 305.7, 305.92]"
100642537769,Auckland,OmokoritoBay,1968-09-28,2024-03-18,55,5,5,-2.04,8.71,-0.04,0.07,-0.06,307.87,0.18,3.31,0.2,-0.06,308.08,0.14,1.1,0.25,"['1968-09-28', '1982-02-09', '1996-02-05', '2011-03-09', '2024-03-18']","[307.59, 310.32, 301.6, 305.36, 305.55]"
100642538768,Auckland,OmokoritoBay,1968-09-28,2024-03-18,55,5,5,-2.82,8.8,-0.05,0.07,-0.07,308.1,0.18,3.35,0.24,-0.07,308.29,0.14,1.08,0.29,"['1968-09-28', '1982-02-09', '1996-02-05', '2011-03-09', '2024-03-18']","[308.16, 310.1, 301.31, 305.4, 305.33]"
100642539768,Auckland,OmokoritoBay,1968-09-28,2024-03-18,55,5,5,-2.88,8.89,-0.05,0.07,-0.08,308.39,0.18,3.31,0.27,-0.07,308.57,0.14,1.1,0.34,"['1968-09-28', '1982-02-09', '1996-02-05', '2011-03-09', '2024-03-18']","[308.17, 310.58, 301.69, 305.23, 305.29]"
100642540768,Auckland,OmokoritoBay,1968-09-28,2024-03-18,55,5,5,-2.91,10.22,-0.05,0.07,-0.11,309.56,0.21,3.86,0.33,-0.12,309.9,0.18,1.43,0.44,"['1968-09-28', '1982-02-09', '1996-02-05', '2011-03-09', '2024-03-18']","[307.64, 313.28, 303.07, 304.23, 304.73]"
100642541768,Auckland,OmokoritoBay,1968-09-28,2024-03-18,55,5,5,-3.14,10.88,-0.06,0.07,-0.12,309.69,0.22,4.17,0.37,-0.14,309.71,0.22,1.73,0.42,"['1968-09-28', '1982-02-09', '1996-02-05', '2011-03-09', '2024-03-18']","[307.39, 313.68, 303.11, 302.8, 304.24]"
100642542728,Auckland,OmokoritoBay,1968-09-28,2024-03-18,55,5,5,-3.33,10.91,-0.06,0.07,-0.1,308.59,0.21,3.99,0.31,-0.11,309.09,0.17,1.35,0.42,"['1968-09-28', '1982-02-09', '1996-02-05', '2011-03-09', '2024-03-18']","[307.28, 312.02, 301.11, 304.14, 303.95]"
100642543567,Auckland,OmokoritoBay,1968-09-28,2024-03-18,55,5,5,-4.16,10.28,-0.08,0.07,-0.1,307.73,0.2,3.71,0.34,-0.1,308.5,0.15,1.2,0.46,"['1968-09-28', '1982-02-09', '1996-02-05', '2011-03-09', '2024-03-18']","[306.92, 310.36, 300.09, 304.18, 302.76]"
100642544566,Auckland,OmokoritoBay,1968-09-28,2024-03-18,55,5,5,-4.5,9.2,-0.08,0.07,-0.1,306.52,0.18,3.32,0.38,-0.11,307.66,0.15,1.15,0.5,"['1968-09-28', '1982-02-09', '1996-02-05', '2011-03-09', '2024-03-18']","[305.47, 308.85, 299.65, 303.48, 300.98]"
100642545309,Auckland,OmokoritoBay,1968-09-28,2024-03-18,55,5,5,-4.9,9.39,-0.09,0.07,-0.11,306.41,0.18,3.37,0.4,-0.11,307.54,0.15,1.17,0.51,"['1968-09-28', '1982-02-09', '1996-02-05', '2011-03-09', '2024-03-18']","[305.46, 308.61, 299.22, 303.2, 300.56]"
100642546023,Auckland,OmokoritoBay,1968-09-28,2024-03-18,55,5,5,-5.74,10.1,-0.1,0.07,-0.12,306.6,0.2,3.68,0.4,-0.11,307.66,0.16,1.27,0.47,"['1968-09-28', '1982-02-09', '1996-02-05', '2011-03-09', '2024-03-18']","[306.29, 308.36, 298.26, 303.35, 300.55]"
100642546614,Auckland,OmokoritoBay,1968-09-28,2024-03-18,55,5,5,-5.89,11.76,-0.11,0.07,-0.12,307.84,0.23,4.35,0.35,-0.12,308.72,0.18,1.42,0.43,"['1968-09-28', '1982-02-09', '1996-02-05', '2011-03-09', '2024-03-18']","[307.79, 309.93, 298.17, 304.14, 301.89]"
100642547552,Auckland,OmokoritoBay,1968-09-28,2024-03-18,55,5,5,-4.58,10.12,-0.08,0.07,-0.11,310.31,0.2,3.68,0.37,-0.1,310.42,0.16,1.22,0.44,"['1968-09-28', '1982-02-09', '1996-02-05', '2011-03-09', '2024-03-18']","[310.29, 312.24, 302.12, 305.82, 305.71]"
100642548106,Auckland,OmokoritoBay,1968-09-28,2024-03-18,55,5,5,-5.77,10.17,-0.1,0.07,-0.13,314.62,0.19,3.61,0.47,-0.12,314.58,0.16,1.22,0.53,"['1968-09-28', '1982-02-09', '1996-02-05', '2011-03-09', '2024-03-18']","[314.72, 316.1, 305.93, 309.03, 308.95]"
100642548626,Auckland,OmokoritoBay,1968-09-28,2024-03-18,55,5,5,-12.69,12.69,-0.23,0.07,-0.22,321.63,0.17,3.14,0.77,-0.2,321.94,0.13,1.04,0.81,"['1968-09-28', '1982-02-09', '1996-02-05', '2011-03-09', '2024-03-18']","[322.92, 319.7, 310.7, 313.74, 310.23]"
100642549154,Auckland,OmokoritoBay,1968-09-28,2024-03-18,55,5,5,-15.4,15.69,-0.28,0.07,-0.31,329.1,0.16,3.07,0.87,-0.31,329.59,0.13,1.01,0.91,"['1968-09-28', '1982-02-09', '1996-02-05', '2011-03-09', '2024-03-18']","[328.25, 328.54, 316.93, 316.35, 312.85]"
100642549955,Auckland,OmokoritoBay,1968-09-28,2024-03-18,55,5,5,-12.71,12.71,-0.23,0.07,-0.23,323.46,0.14,2.71,0.82,-0.22,323.86,0.12,0.9,0.86,"['1968-09-28', '1982-02-09', '1996-02-05', '2011-03-09', '2024-03-18']","[324.22, 321.77, 313.06, 315.1, 311.51]"
100642550583,Auckland,OmokoritoBay,1968-09-28,2024-03-18,55,5,5,-14.79,15.06,-0.27,0.07,-0.3,328.52,0.15,2.87,0.87,-0.3,328.94,0.12,0.95,0.92,"['1968-09-28', '1982-02-09', '1996-02-05', '2011-03-09', '2024-03-18']","[327.68, 327.94, 316.97, 316.13, 312.89]"
100642551032,Auckland,OmokoritoBay,1982-02-09,2024-03-18,42,4,4,-17.64,17.64,-0.42,0.07,-0.38,328.09,0.31,3.36,0.86,-0.38,329.01,0.22,1.09,0.93,"['1982-02-09', '1996-02-05', '2011-03-09', '2024-03-18']","[330.42, 318.83, 318.13, 312.77]"
100642552012,Auckland,OmokoritoBay,1982-02-09,2024-03-18,42,4,4,-18.39,18.39,-0.44,0.07,-0.39,329.59,0.29,3.09,0.89,-0.41,331.15,0.26,1.24,0.91,"['1982-02-09', '1996-02-05', '2011-03-09', '2024-03-18']","[331.4, 320.56, 320.0, 313.01]"
100642552716,Auckland,OmokoritoBay,1968-09-28,2024-03-18,55,6,6,-20.59,25.71,-0.37,0.07,-0.44,339.77,0.16,3.53,0.9,-0.44,340.56,0.12,1.15,0.94,"['1968-09-28', '1975-04-15', '1982-02-09', '1996-02-05', '2011-03-09', '2024-03-18']","[335.59, 340.72, 336.63, 324.86, 322.5, 315.01]"
100642553691,Auckland,OmokoritoBay,1968-09-28,2024-03-18,55,6,6,-13.56,19.34,-0.24,0.07,-0.31,338.49,0.18,3.97,0.78,-0.31,339.6,0.15,1.41,0.83,"['1968-09-28', '1975-04-15', '1982-02-09', '1996-02-05', '2011-03-09', '2024-03-18']","[334.35, 340.13, 337.75, 325.98, 327.44, 320.79]"
100642554666,Auckland,OmokoritoBay,1968-09-28,2024-03-18,55,6,6,-5.82,12.77,-0.1,0.07,-0.17,336.86,0.17,3.89,0.53,-0.16,337.11,0.12,1.17,0.66,"['1968-09-28', '1975-04-15', '1982-02-09', '1996-02-05', '2011-03-09', '2024-03-18']","[333.99, 339.56, 337.19, 326.79, 330.6, 328.17]"
100642555858,Auckland,OmokoritoBay,1968-09-28,2024-03-18,55,6,6,-2.01,11.87,-0.04,0.07,-0.11,335.8,0.17,3.95,0.3,-0.09,335.6,0.13,1.2,0.37,"['1968-09-28', '1975-04-15', '1982-02-09', '1996-02-05', '2011-03-09', '2024-03-18']","[333.46, 338.92, 336.79, 327.05, 331.6, 331.45]"
100642557483,Auckland,OmokoritoBay,1968-09-28,2024-03-18,55,6,6,0.94,12.52,0.02,0.07,-0.06,334.07,0.2,4.48,0.09,-0.03,333.25,0.15,1.46,0.05,"['1968-09-28', '1975-04-15', '1982-02-09', '1996-02-05', '2011-03-09', '2024-03-18']","[332.49, 337.97, 335.09, 325.45, 331.32, 333.42]"
100642558471,Auckland,OmokoritoBay,1968-09-28,2024-03-18,55,6,6,3.33,13.39,0.06,0.07,-0.02,332.37,0.23,5.3,0.01,0.02,331.47,0.18,1.74,0.01,"['1968-09-28', '1975-04-15', '1982-02-09', '1996-02-05', '2011-03-09', '2024-03-18']","[331.28, 336.48, 334.51, 323.09, 331.5, 334.62]"
100642559458,Auckland,OmokoritoBay,1968-09-28,2024-03-18,55,6,6,5.57,9.39,0.1,0.07,0.03,331.81,0.19,4.21,0.02,0.04,331.45,0.14,1.36,0.1,"['1968-09-28', '1975-04-15', '1982-02-09', '1996-02-05', '2011-03-09', '2024-03-18']","[329.76, 335.46, 335.13, 326.08, 332.87, 335.33]"
100642559774,Auckland,OmokoritoBay,1968-09-28,2024-03-18,55,6,6,8.17,13.33,0.15,0.07,0.07,330.37,0.24,5.37,0.09,0.1,330.18,0.17,1.66,0.27,"['1968-09-28', '1975-04-15', '1982-02-09', '1996-02-05', '2011-03-09', '2024-03-18']","[328.63, 334.59, 334.95, 323.48, 334.24, 336.81]"
100642560585,Auckland,OmokoritoBay,1968-09-28,2024-03-18,55,6,6,9.92,11.5,0.18,0.07,0.1,330.5,0.2,4.55,0.21,0.12,330.31,0.15,1.42,0.41,"['1968-09-28', '1975-04-15', '1982-02-09', '1996-02-05', '2011-03-09', '2024-03-18']","[327.96, 335.02, 335.14, 326.37, 334.93, 337.88]"
100642560872,Auckland,OmokoritoBay,1968-09-28,2024-03-18,55,6,6,11.33,11.33,0.2,0.07,0.14,329.93,0.14,3.17,0.52,0.15,329.67,0.11,1.04,0.67,"['1968-09-28', '1975-04-15', '1982-02-09', '1996-02-05', '2011-03-09', '2024-03-18']","[327.66, 333.81, 334.25, 329.47, 335.44, 338.99]"
100642561425,Auckland,OmokoritoBay,1968-09-28,2024-03-18,55,6,6,10.54,10.54,0.19,0.07,0.15,329.27,0.12,2.72,0.63,0.16,329.29,0.09,0.83,0.8,"['1968-09-28', '1975-04-15', '1982-02-09', '1996-02-05', '2011-03-09', '2024-03-18']","[327.92, 332.44, 333.13, 329.07, 336.11, 338.46]"
100642561531,Auckland,OmokoritoBay,1968-09-28,2024-03-18,55,6,6,1.36,6.57,0.02,0.07,0.04,334.39,0.11,2.45,0.12,0.06,334.02,0.08,0.75,0.43,"['1968-09-28', '1975-04-15', '1982-02-09', '1996-02-05', '2011-03-09', '2024-03-18']","[336.6, 334.49, 334.62, 331.39, 336.77, 337.96]"
100642562228,Auckland,OmokoritoBay,1968-09-28,2024-03-18,55,6,6,-27.31,32.22,-0.49,0.07,-0.49,356.68,0.47,10.73,0.55,-0.35,351.73,0.39,3.7,0.48,"['1968-09-28', '1975-04-15', '1982-02-09', '1996-02-05', '2011-03-09', '2024-03-18']","[364.6, 361.57, 337.76, 332.38, 335.81, 337.29]"
100642562229,Auckland,OmokoritoBay,1968-09-28,2024-03-18,55,6,6,-50.21,51.6,-0.91,0.07,-0.83,371.66,0.57,12.92,0.71,-0.67,365.94,0.48,4.57,0.69,"['1968-09-28', '1975-04-15', '1982-02-09', '1996-02-05', '2011-03-09', '2024-03-18']","[385.87, 368.86, 348.64, 334.27, 335.56, 335.66]"
100642562235,Auckland,OmokoritoBay,1968-09-28,2024-03-18,55,6,6,-66.41,66.41,-1.2,0.07,-1.02,379.91,0.61,13.77,0.76,-0.87,375.94,0.46,4.4,0.8,"['1968-09-28', '1975-04-15', '1982-02-09', '1996-02-05', '2011-03-09', '2024-03-18']","[399.04, 366.1, 358.65, 338.01, 337.56, 332.63]"
100642563053,Auckland,OmokoritoBay,1975-04-15,2024-03-18,49,5,5,-35.38,35.38,-0.72,0.08,-0.69,361.75,0.33,5.69,0.89,-0.65,362.48,0.26,1.9,0.92,"['1975-04-15', '1982-02-09', '1996-02-05', '2011-03-09', '2024-03-18']","[364.72, 358.52, 338.67, 339.84, 329.34]"
100642563054,Auckland,OmokoritoBay,1975-04-15,2024-03-18,49,5,5,-37.56,37.56,-0.77,0.08,-0.71,363.3,0.2,3.52,0.96,-0.71,365.43,0.3,2.2,0.91,"['1975-04-15', '1982-02-09', '1996-02-05', '2011-03-09', '2024-03-18']","[364.61, 358.22, 344.58, 341.99, 327.05]"
100642563055,Auckland,OmokoritoBay,1968-09-28,2024-03-18,55,6,6,-64.09,64.09,-1.16,0.07,-1.05,382.15,0.27,6.11,0.94,-0.97,381.78,0.24,2.34,0.95,"['1968-09-28', '1975-04-15', '1982-02-09', '1996-02-05', '2011-03-09', '2024-03-18']","[389.39, 374.65, 362.25, 347.09, 342.08, 325.31]"
100642563056,Auckland,OmokoritoBay,1968-09-28,2024-03-18,55,6,6,-67.6,67.6,-1.22,0.07,-1.19,388.37,0.28,6.27,0.95,-1.11,387.6,0.24,2.32,0.96,"['1968-09-28', '1975-04-15', '1982-02-09', '1996-02-05', '2011-03-09', '2024-03-18']","[391.35, 385.97, 366.06, 348.07, 341.93, 323.75]"
100642563057,Auckland,OmokoritoBay,1975-04-15,2024-03-18,49,5,5,-75.11,75.11,-1.54,0.08,-1.35,387.16,0.51,8.77,0.93,-1.27,387.48,0.49,3.54,0.92,"['1975-04-15', '1982-02-09', '1996-02-05', '2011-03-09', '2024-03-18']","[396.29, 370.93, 350.95, 344.39, 321.18]"
100642785568,Auckland,OmokoritoBay,1975-04-15,2024-03-18,49,5,5,-54.23,54.23,-1.11,0.08,-1.04,330.09,0.56,9.6,0.86,-0.91,324.35,0.54,3.89,0.84,"['1975-04-15', '1982-02-09', '1996-02-05', '2011-03-09', '2024-03-18']","[340.47, 318.03, 299.38, 289.24, 286.25]"
100642785862,Auckland,OmokoritoBay,1975-04-15,2024-03-18,49,5,5,-46.68,46.68,-0.95,0.08,-0.91,324.92,0.56,9.55,0.83,-0.79,320.06,0.52,3.72,0.81,"['1975-04-15', '1982-02-09', '1996-02-05', '2011-03-09', '2024-03-18']","[334.18, 316.25, 294.83, 289.56, 287.49]"
100642786490,Auckland,OmokoritoBay,1975-04-15,2024-03-18,49,5,5,-42.35,42.35,-0.87,0.08,-0.82,318.53,0.56,9.68,0.8,-0.7,314.3,0.48,3.5,0.79,"['1975-04-15', '1982-02-09', '1996-02-05', '2011-03-09', '2024-03-18']","[327.59, 311.06, 289.39, 287.42, 285.24]"
100642786830,Auckland,OmokoritoBay,1975-04-15,2024-03-18,49,5,5,-38.82,38.82,-0.79,0.08,-0.71,310.27,0.59,10.18,0.73,-0.59,306.52,0.46,3.3,0.76,"['1975-04-15', '1982-02-09', '1996-02-05', '2011-03-09', '2024-03-18']","[320.32, 302.37, 282.66, 284.22, 281.5]"
100642787408,Auckland,OmokoritoBay,1968-09-28,2024-03-18,55,6,6,-18.92,36.05,-0.34,0.07,-0.51,303.72,0.43,9.84,0.61,-0.43,300.46,0.33,3.15,0.66,"['1968-09-28', '1975-04-15', '1982-02-09', '1996-02-05', '2011-03-09', '2024-03-18']","[299.72, 314.61, 293.35, 278.56, 280.61, 280.79]"
100642787822,Auckland,OmokoritoBay,1968-09-28,2024-03-18,55,6,6,-18.15,35.22,-0.33,0.07,-0.48,299.65,0.46,10.52,0.55,-0.38,295.15,0.37,3.58,0.54,"['1968-09-28', '1975-04-15', '1982-02-09', '1996-02-05', '2011-03-09', '2024-03-18']","[297.92, 311.58, 285.48, 276.35, 277.34, 279.77]"
100642788265,Auckland,OmokoritoBay,1968-09-28,2024-03-18,55,6,6,-15.61,34.35,-0.28,0.07,-0.46,297.39,0.45,10.16,0.54,-0.37,292.68,0.4,3.8,0.49,"['1968-09-28', '1975-04-15', '1982-02-09', '1996-02-05', '2011-03-09', '2024-03-18']","[294.88, 308.97, 285.25, 275.17, 274.62, 279.27]"
100642789096,Auckland,OmokoritoBay,1968-09-28,2011-03-09,42,5,5,-17.36,34.26,-0.41,0.09,-0.63,298.35,0.67,9.65,0.62,-0.55,296.62,0.37,2.7,0.8,"['1968-09-28', '1975-04-15', '1982-02-09', '1996-02-05', '2011-03-09']","[290.97, 307.87, 286.24, 276.53, 273.61]"
100642789128,Auckland,OmokoritoBay,1982-02-09,2024-03-18,42,4,4,-53.65,53.65,-1.27,0.07,-1.18,372.38,0.58,6.3,0.95,-1.26,378.5,0.98,4.75,0.88,"['1982-02-09', '1996-02-05', '2011-03-09', '2024-03-18']","[372.16, 352.77, 345.29, 318.51]"
100642789129,Auckland,OmokoritoBay,1982-02-09,2024-03-18,42,4,4,-58.29,58.29,-1.38,0.07,-1.32,376.04,0.56,6.05,0.96,-1.4,381.73,0.97,4.74,0.9,"['1982-02-09', '1996-02-05', '2011-03-09', '2024-03-18']","[374.01, 357.41, 344.48, 315.72]"
100642789130,Auckland,OmokoritoBay,1982-02-09,2024-03-18,42,4,4,-68.09,68.09,-1.62,0.07,-1.52,380.34,0.61,6.56,0.96,-1.6,386.63,0.99,4.83,0.92,"['1982-02-09', '1996-02-05', '2011-03-09', '2024-03-18']","[380.49, 355.37, 343.68, 312.4]"
100642789131,Auckland,OmokoritoBay,1982-02-09,2024-03-18,42,4,4,-80.86,80.86,-1.92,0.07,-1.77,386.7,0.85,9.21,0.95,-1.84,393.38,1.01,4.92,0.93,"['1982-02-09', '1996-02-05', '2011-03-09', '2024-03-18']","[390.53, 352.51, 342.97, 309.67]"
100642789132,Auckland,OmokoritoBay,1996-02-05,2024-03-18,28,3,3,-45.5,45.5,-1.62,0.13,-1.59,359.05,4.36,13.73,0.84,-2.21,376.34,6.02,8.43,0.84,"['1996-02-05', '2011-03-09', '2024-03-18']","[353.86, 346.27, 308.37]"
100642789620,Auckland,OmokoritoBay,1968-09-28,2011-03-09,42,5,5,-13.89,31.36,-0.33,0.09,-0.53,296.69,0.6,8.74,0.59,-0.52,296.13,0.33,2.38,0.82,"['1968-09-28', '1975-04-15', '1982-02-09', '1996-02-05', '2011-03-09']","[287.89, 305.36, 288.52, 280.36, 274.0]"
100642790292,Auckland,OmokoritoBay,1968-09-28,2011-03-09,42,5,5,-9.5,27.16,-0.22,0.09,-0.38,294.41,0.59,8.56,0.43,-0.46,294.93,0.33,2.43,0.78,"['1968-09-28', '1975-04-15', '1982-02-09', '1996-02-05', '2011-03-09']","[284.71, 302.38, 289.33, 286.69, 275.21]"
100642791057,Auckland,OmokoritoBay,1968-09-28,2011-03-09,42,5,5,-4.89,23.91,-0.12,0.09,-0.26,292.12,0.62,8.99,0.24,-0.35,292.55,0.35,2.57,0.64,"['1968-09-28', '1975-04-15', '1982-02-09', '1996-02-05', '2011-03-09']","[282.34, 301.36, 287.58, 288.55, 277.46]"
100642791821,Auckland,OmokoritoBay,1968-09-28,2011-03-09,42,5,5,-5.8,20.16,-0.14,0.09,-0.22,291.19,0.53,7.7,0.24,-0.27,290.83,0.31,2.26,0.59,"['1968-09-28', '1975-04-15', '1982-02-09', '1996-02-05', '2011-03-09']","[284.77, 299.13, 283.72, 289.65, 278.97]"
100642792819,Auckland,OmokoritoBay,1968-09-28,2011-03-09,42,5,5,2.27,15.48,0.05,0.09,-0.1,289.25,0.46,6.66,0.08,-0.11,289.16,0.25,1.82,0.27,"['1968-09-28', '1975-04-15', '1982-02-09', '1996-02-05', '2011-03-09']","[282.01, 297.49, 288.02, 285.62, 284.28]"
100642793642,Auckland,OmokoritoBay,1968-09-28,1996-02-05,27,4,4,9.27,16.66,0.34,0.18,0.14,286.86,1.32,9.18,0.05,0.15,285.7,1.31,2.62,0.05,"['1968-09-28', '1975-04-15', '1982-02-09', '1996-02-05']","[281.66, 298.32, 283.24, 290.93]"
100642794594,Auckland,OmokoritoBay,1968-09-28,1996-02-05,27,4,4,13.43,16.38,0.49,0.18,0.3,282.35,1.4,9.69,0.17,0.31,280.82,1.46,2.92,0.16,"['1968-09-28', '1975-04-15', '1982-02-09', '1996-02-05']","[278.71, 294.6, 278.22, 292.14]"
100642795593,Auckland,OmokoritoBay,1968-09-28,1996-02-05,27,4,4,12.01,14.3,0.44,0.18,0.28,279.76,1.21,8.4,0.19,0.29,278.35,1.29,2.59,0.18,"['1968-09-28', '1975-04-15', '1982-02-09', '1996-02-05']","[277.32, 290.07, 275.77, 289.33]"
100642899741,Auckland,OmokoritoBay,1968-09-28,2011-03-09,42,4,4,3.69,11.35,0.09,0.09,0.13,300.09,0.47,5.11,0.24,0.02,301.23,0.33,1.73,0.02,"['1968-09-28', '1982-02-09', '1996-02-05', '2011-03-09']","[298.12, 301.62, 309.47, 301.82]"
100642900736,Auckland,OmokoritoBay,1968-09-28,2024-03-18,55,5,5,3.25,7.66,0.06,0.07,0.02,304.0,0.18,3.37,0.03,-0.01,303.87,0.16,1.28,0.01,"['1968-09-28', '1982-02-09', '1996-02-05', '2011-03-09', '2024-03-18']","[301.25, 305.74, 308.92, 302.64, 304.5]"
100642901870,Auckland,OmokoritoBay,1968-09-28,2024-03-18,55,6,6,-5.36,11.68,-0.1,0.07,-0.02,305.87,0.19,4.37,0.01,-0.03,305.56,0.14,1.36,0.05,"['1968-09-28', '1975-04-15', '1982-02-09', '1996-02-05', '2011-03-09', '2024-03-18']","[310.72, 299.04, 305.89, 307.58, 303.49, 305.36]"
100642902867,Auckland,OmokoritoBay,1968-09-28,2024-03-18,55,6,6,-14.62,18.04,-0.26,0.07,-0.14,311.65,0.29,6.66,0.21,-0.1,310.56,0.21,1.98,0.22,"['1968-09-28', '1975-04-15', '1982-02-09', '1996-02-05', '2011-03-09', '2024-03-18']","[321.41, 303.37, 307.96, 303.8, 305.71, 306.79]"
100642904015,Auckland,OmokoritoBay,1968-09-28,2024-03-18,55,6,6,-8.08,13.58,-0.15,0.07,-0.06,310.73,0.25,5.66,0.07,-0.1,310.84,0.18,1.69,0.27,"['1968-09-28', '1975-04-15', '1982-02-09', '1996-02-05', '2011-03-09', '2024-03-18']","[314.01, 303.21, 309.27, 316.79, 305.98, 305.93]"
100642905012,Auckland,OmokoritoBay,1968-09-28,2024-03-18,55,6,6,-5.63,13.91,-0.1,0.07,-0.03,307.64,0.24,5.48,0.02,-0.08,308.99,0.17,1.62,0.22,"['1968-09-28', '1975-04-15', '1982-02-09', '1996-02-05', '2011-03-09', '2024-03-18']","[308.86, 300.17, 309.42, 314.08, 305.61, 303.24]"
100642906157,Auckland,OmokoritoBay,1968-09-28,2024-03-18,55,6,6,-8.17,13.62,-0.15,0.07,-0.06,306.6,0.25,5.66,0.07,-0.11,307.88,0.17,1.64,0.32,"['1968-09-28', '1975-04-15', '1982-02-09', '1996-02-05', '2011-03-09', '2024-03-18']","[308.95, 298.0, 307.91, 311.61, 303.33, 300.79]"
100642907156,Auckland,OmokoritoBay,1968-09-28,2024-03-18,55,6,6,-3.25,10.03,-0.06,0.07,-0.02,307.05,0.2,4.52,0.01,-0.05,306.72,0.19,1.78,0.08,"['1968-09-28', '1975-04-15', '1982-02-09', '1996-02-05', '2011-03-09', '2024-03-18']","[310.14, 300.11, 309.72, 309.16, 303.19, 306.88]"
100642908154,Auckland,OmokoritoBay,1968-09-28,2024-03-18,55,6,6,-4.94,10.32,-0.09,0.07,-0.03,309.54,0.18,4.05,0.03,-0.05,309.68,0.13,1.22,0.13,"['1968-09-28', '1975-04-15', '1982-02-09', '1996-02-05', '2011-03-09', '2024-03-18']","[313.15, 302.82, 310.86, 311.11, 307.13, 308.2]"
100642909287,Auckland,OmokoritoBay,1968-09-28,2024-03-18,55,6,6,-4.45,6.89,-0.08,0.07,-0.03,311.24,0.12,2.7,0.08,-0.05,311.43,0.08,0.76,0.27,"['1968-09-28', '1975-04-15', '1982-02-09', '1996-02-05', '2011-03-09', '2024-03-18']","[313.63, 306.74, 311.41, 312.44, 309.3, 309.18]"
100642910413,Auckland,OmokoritoBay,1968-09-28,2024-03-18,55,6,6,-1.25,2.36,-0.02,0.07,-0.02,311.82,0.04,0.99,0.19,-0.03,311.63,0.05,0.47,0.27,"['1968-09-28', '1975-04-15', '1982-02-09', '1996-02-05', '2011-03-09', '2024-03-18']","[312.21, 310.51, 311.97, 312.4, 310.04, 310.95]"
100642911413,Auckland,OmokoritoBay,1968-09-28,2024-03-18,55,6,6,-0.95,4.24,-0.02,0.07,-0.01,311.31,0.08,1.77,0.01,-0.02,311.23,0.07,0.69,0.12,"['1968-09-28', '1975-04-15', '1982-02-09', '1996-02-05', '2011-03-09', '2024-03-18']","[311.8, 309.02, 312.11, 313.26, 309.63, 310.84]"
100642912413,Auckland,OmokoritoBay,1968-09-28,2024-03-18,55,6,6,-2.01,4.46,-0.04,0.07,-0.02,311.3,0.09,2.03,0.07,-0.04,311.45,0.07,0.7,0.29,"['1968-09-28', '1975-04-15', '1982-02-09', '1996-02-05', '2011-03-09', '2024-03-18']","[311.79, 308.34, 312.52, 312.8, 309.16, 309.78]"
100642913412,Auckland,OmokoritoBay,1968-09-28,2024-03-18,55,6,6,-4.78,6.59,-0.09,0.07,-0.1,315.28,0.07,1.57,0.72,-0.1,314.18,0.1,1.0,0.53,"['1968-09-28', '1975-04-15', '1982-02-09', '1996-02-05', '2011-03-09', '2024-03-18']","[315.42, 315.36, 312.53, 313.84, 308.82, 310.63]"
100642914412,Auckland,OmokoritoBay,1968-09-28,2024-03-18,55,6,6,-8.8,9.29,-0.16,0.07,-0.11,318.44,0.12,2.69,0.5,-0.11,317.66,0.1,0.94,0.57,"['1968-09-28', '1975-04-15', '1982-02-09', '1996-02-05', '2011-03-09', '2024-03-18']","[321.88, 314.87, 314.92, 317.12, 312.58, 313.08]"
100642915411,Auckland,OmokoritoBay,1968-09-28,2024-03-18,55,6,6,-7.79,7.79,-0.14,0.07,-0.11,319.27,0.1,2.32,0.56,-0.12,319.1,0.08,0.77,0.71,"['1968-09-28', '1975-04-15', '1982-02-09', '1996-02-05', '2011-03-09', '2024-03-18']","[321.21, 315.21, 318.03, 318.57, 313.55, 313.42]"
100642916411,Auckland,OmokoritoBay,1968-09-28,2024-03-18,55,6,6,-3.94,6.25,-0.07,0.07,-0.03,314.41,0.12,2.68,0.05,-0.02,313.58,0.1,0.93,0.04,"['1968-09-28', '1975-04-15', '1982-02-09', '1996-02-05', '2011-03-09', '2024-03-18']","[317.63, 311.99, 311.38, 315.84, 312.31, 313.69]"
100642917410,Auckland,OmokoritoBay,1968-09-28,2024-03-18,55,6,6,-2.96,6.91,-0.05,0.07,-0.03,313.9,0.12,2.8,0.07,-0.03,313.2,0.13,1.27,0.07,"['1968-09-28', '1975-04-15', '1982-02-09', '1996-02-05', '2011-03-09', '2024-03-18']","[316.8, 309.89, 314.82, 312.75, 310.62, 313.84]"
100642918410,Auckland,OmokoritoBay,1968-09-28,2024-03-18,55,6,6,-3.07,6.93,-0.06,0.07,-0.02,312.55,0.13,2.93,0.02,-0.01,311.41,0.13,1.28,0.01,"['1968-09-28', '1975-04-15', '1982-02-09', '1996-02-05', '2011-03-09', '2024-03-18']","[316.16, 309.23, 310.88, 313.58, 309.73, 313.1]"
100642919553,Auckland,OmokoritoBay,1968-09-28,2024-03-18,55,6,6,-3.74,6.07,-0.07,0.07,-0.03,312.52,0.11,2.59,0.06,-0.03,312.04,0.09,0.88,0.12,"['1968-09-28', '1975-04-15', '1982-02-09', '1996-02-05', '2011-03-09', '2024-03-18']","[315.18, 309.11, 311.14, 314.33, 310.13, 311.44]"
100642920553,Auckland,OmokoritoBay,1968-09-28,2024-03-18,55,6,6,-4.15,5.82,-0.07,0.07,-0.04,312.86,0.11,2.54,0.15,-0.06,312.94,0.08,0.79,0.4,"['1968-09-28', '1975-04-15', '1982-02-09', '1996-02-05', '2011-03-09', '2024-03-18']","[314.09, 309.21, 312.65, 315.03, 309.89, 309.94]"
100642921766,Auckland,OmokoritoBay,1968-09-28,2024-03-18,55,6,6,0.14,5.97,0.0,0.07,0.01,312.3,0.12,2.7,0.0,-0.01,311.56,0.15,1.42,0.01,"['1968-09-28', '1975-04-15', '1982-02-09', '1996-02-05', '2011-03-09', '2024-03-18']","[313.5, 309.27, 313.44, 315.24, 309.65, 313.64]"
100642922766,Auckland,OmokoritoBay,1968-09-28,2024-03-18,55,6,6,-1.11,5.65,-0.02,0.07,0.0,312.23,0.1,2.25,0.0,-0.01,311.99,0.09,0.84,0.02,"['1968-09-28', '1975-04-15', '1982-02-09', '1996-02-05', '2011-03-09', '2024-03-18']","[313.62, 309.23, 312.67, 314.88, 310.81, 312.51]"
100642923927,Auckland,OmokoritoBay,1968-09-28,2024-03-18,55,6,6,-3.26,7.12,-0.06,0.07,-0.01,312.95,0.12,2.73,0.01,-0.01,312.36,0.1,0.96,0.02,"['1968-09-28', '1975-04-15', '1982-02-09', '1996-02-05', '2011-03-09', '2024-03-18']","[316.31, 309.19, 312.04, 314.04, 311.1, 313.05]"
100642924927,Auckland,OmokoritoBay,1968-09-28,2024-03-18,55,6,6,-3.59,8.91,-0.06,0.07,0.01,312.71,0.15,3.35,0.0,0.01,312.45,0.1,0.95,0.02,"['1968-09-28', '1975-04-15', '1982-02-09', '1996-02-05', '2011-03-09', '2024-03-18']","[317.09, 308.19, 311.41, 314.5, 312.77, 313.5]"
100642926128,Auckland,OmokoritoBay,1968-09-28,2024-03-18,55,6,6,-3.02,9.48,-0.05,0.07,0.01,311.84,0.18,4.11,0.01,0.02,310.51,0.16,1.5,0.03,"['1968-09-28', '1975-04-15', '1982-02-09', '1996-02-05', '2011-03-09', '2024-03-18']","[317.18, 307.7, 308.92, 314.57, 310.57, 314.16]"
100642927128,Auckland,OmokoritoBay,1968-09-28,2024-03-18,55,6,6,-3.82,12.02,-0.07,0.07,0.02,311.8,0.2,4.63,0.01,0.03,310.93,0.15,1.45,0.04,"['1968-09-28', '1975-04-15', '1982-02-09', '1996-02-05', '2011-03-09', '2024-03-18']","[318.05, 306.03, 309.81, 314.34, 311.53, 314.23]"
100642928519,Auckland,OmokoritoBay,1968-09-28,2024-03-18,55,6,6,-1.12,11.92,-0.02,0.07,0.07,308.4,0.2,4.6,0.12,0.06,308.54,0.13,1.28,0.18,"['1968-09-28', '1975-04-15', '1982-02-09', '1996-02-05', '2011-03-09', '2024-03-18']","[313.46, 301.54, 309.83, 312.53, 310.74, 312.34]"
100642929709,Auckland,OmokoritoBay,1968-09-28,2024-03-18,55,6,6,-0.53,10.37,-0.01,0.07,0.06,305.51,0.18,4.06,0.11,0.05,305.41,0.13,1.22,0.14,"['1968-09-28', '1975-04-15', '1982-02-09', '1996-02-05', '2011-03-09', '2024-03-18']","[309.86, 299.49, 307.13, 309.0, 306.88, 309.33]"
100643001816,Auckland,OmokoritoBay,1968-09-28,2024-03-18,55,6,6,6.17,8.01,0.11,0.07,0.11,243.1,0.06,1.44,0.77,0.1,242.48,0.09,0.9,0.59,"['1968-09-28', '1975-04-15', '1982-02-09', '1996-02-05', '2011-03-09', '2024-03-18']","[244.12, 242.28, 245.22, 246.59, 246.03, 250.29]"
100643003144,Auckland,OmokoritoBay,1968-09-28,2024-03-18,55,6,6,6.31,9.37,0.11,0.07,0.14,243.44,0.07,1.47,0.84,0.14,243.52,0.04,0.42,0.92,"['1968-09-28', '1975-04-15', '1982-02-09', '1996-02-05', '2011-03-09', '2024-03-18']","[245.05, 241.99, 246.0, 247.15, 249.19, 251.36]"
100643004283,Auckland,OmokoritoBay,1968-09-28,2024-03-18,55,6,6,5.93,10.08,0.11,0.07,0.15,244.13,0.08,1.84,0.8,0.15,244.34,0.05,0.52,0.9,"['1968-09-28', '1975-04-15', '1982-02-09', '1996-02-05', '2011-03-09', '2024-03-18']","[246.43, 242.28, 246.12, 248.48, 250.9, 252.36]"
100643005431,Auckland,OmokoritoBay,1968-09-28,2024-03-18,55,6,6,4.88,8.79,0.09,0.07,0.12,245.62,0.1,2.3,0.63,0.11,246.67,0.08,0.8,0.65,"['1968-09-28', '1975-04-15', '1982-02-09', '1996-02-05', '2011-03-09', '2024-03-18']","[246.5, 242.85, 249.55, 249.73, 251.65, 251.38]"
100643006608,Auckland,OmokoritoBay,1968-09-28,2024-03-18,55,6,6,2.47,3.54,0.04,0.07,0.06,247.86,0.05,1.11,0.6,0.05,248.11,0.06,0.54,0.51,"['1968-09-28', '1975-04-15', '1982-02-09', '1996-02-05', '2011-03-09', '2024-03-18']","[247.55, 248.71, 247.35, 250.68, 250.88, 250.02]"
100643007995,Auckland,OmokoritoBay,1968-09-28,2024-03-18,55,6,6,0.19,6.26,0.0,0.07,-0.01,249.07,0.11,2.42,0.01,-0.02,247.84,0.13,1.28,0.02,"['1968-09-28', '1975-04-15', '1982-02-09', '1996-02-05', '2011-03-09', '2024-03-18']","[249.22, 249.24, 247.05, 252.23, 245.97, 249.41]"
100643009164,Auckland,OmokoritoBay,1968-09-28,2024-03-18,55,5,5,-2.57,5.72,-0.05,0.07,-0.05,252.17,0.14,2.68,0.2,-0.06,251.81,0.1,0.84,0.39,"['1968-09-28', '1975-04-15', '1982-02-09', '1996-02-05', '2024-03-18']","[250.91, 254.06, 248.77, 253.35, 248.34]"
100643010544,Auckland,OmokoritoBay,1968-09-28,2024-03-18,55,4,4,-3.2,4.7,-0.06,0.07,-0.07,253.26,0.07,1.08,0.82,-0.08,253.36,0.05,0.32,0.92,"['1968-09-28', '1975-04-15', '1982-02-09', '2024-03-18']","[252.11, 253.62, 252.79, 248.91]"
100643011787,Auckland,OmokoritoBay,1968-09-28,2024-03-18,55,4,4,-5.81,5.81,-0.1,0.07,-0.1,253.28,0.03,0.39,0.98,-0.1,253.34,0.02,0.11,0.99,"['1968-09-28', '1975-04-15', '1982-02-09', '2024-03-18']","[253.53, 252.17, 252.15, 247.71]"
100663459219,Auckland,OrongoPoint,1966-10-14,2022-01-17,55,7,7,-36.81,50.89,-0.67,0.07,-0.26,149.33,0.79,19.55,0.08,-0.34,149.83,0.57,7.59,0.22,"['1966-10-14', '1973-12-04', '1976-12-16', '1982-09-02', '1992-02-29', '2011-06-29', '2022-01-17']","[164.12, 113.23, 143.45, 155.74, 161.08, 139.55, 127.31]"
100663459384,Auckland,OrongoPoint,1966-10-14,2022-01-17,55,7,7,-30.28,30.28,-0.55,0.07,-0.29,153.46,0.46,11.46,0.25,-0.39,155.41,0.37,4.9,0.47,"['1966-10-14', '1973-12-04', '1976-12-16', '1982-09-02', '1992-02-29', '2011-06-29', '2022-01-17']","[160.56, 134.14, 145.85, 153.52, 160.52, 142.92, 130.28]"
100663459385,Auckland,OrongoPoint,1966-10-14,2022-01-17,55,7,7,-33.44,33.44,-0.61,0.07,-0.34,154.67,0.47,11.68,0.3,-0.43,156.33,0.36,4.82,0.53,"['1966-10-14', '1973-12-04', '1976-12-16', '1982-09-02', '1992-02-29', '2011-06-29', '2022-01-17']","[162.8, 134.76, 145.26, 154.68, 160.16, 141.58, 129.36]"
100663459420,Auckland,OrongoPoint,1966-10-14,2022-01-17,55,7,7,-28.95,29.55,-0.52,0.07,-0.27,152.01,0.47,11.65,0.21,-0.37,154.17,0.38,5.06,0.43,"['1966-10-14', '1973-12-04', '1976-12-16', '1982-09-02', '1992-02-29', '2011-06-29', '2022-01-17']","[158.93, 132.49, 144.55, 153.45, 159.53, 143.03, 129.98]"
100663459960,Auckland,OrongoPoint,1966-10-14,2022-01-17,55,7,7,-29.53,31.24,-0.53,0.07,-0.29,151.26,0.44,11.01,0.25,-0.38,153.07,0.36,4.78,0.47,"['1966-10-14', '1973-12-04', '1976-12-16', '1982-09-02', '1992-02-29', '2011-06-29', '2022-01-17']","[158.1, 133.53, 145.55, 146.79, 159.82, 141.17, 128.57]"
100663459961,Auckland,OrongoPoint,1966-10-14,2022-01-17,55,7,7,-29.85,30.83,-0.54,0.07,-0.29,151.9,0.47,11.67,0.24,-0.39,154.13,0.38,5.1,0.46,"['1966-10-14', '1973-12-04', '1976-12-16', '1982-09-02', '1992-02-29', '2011-06-29', '2022-01-17']","[158.19, 132.08, 144.97, 152.88, 159.17, 141.75, 128.34]"
100663459962,Auckland,OrongoPoint,1966-10-14,2022-01-17,55,7,7,-29.59,30.53,-0.54,0.07,-0.27,151.14,0.48,12.04,0.2,-0.38,153.51,0.4,5.28,0.43,"['1966-10-14', '1973-12-04', '1976-12-16', '1982-09-02', '1992-02-29', '2011-06-29', '2022-01-17']","[157.94, 131.03, 143.52, 153.12, 158.89, 142.12, 128.35]"
100663460168,Auckland,OrongoPoint,1966-10-14,2022-01-17,55,7,7,-29.43,31.87,-0.53,0.07,-0.28,150.38,0.44,11.04,0.24,-0.37,152.1,0.36,4.84,0.45,"['1966-10-14', '1973-12-04', '1976-12-16', '1982-09-02', '1992-02-29', '2011-06-29', '2022-01-17']","[157.45, 133.94, 146.01, 141.92, 159.89, 140.94, 128.02]"
100663460702,Auckland,OrongoPoint,1966-10-14,2022-01-17,55,7,7,-41.37,41.37,-0.75,0.07,-0.54,153.0,0.43,10.79,0.56,-0.58,152.79,0.3,4.01,0.75,"['1966-10-14', '1973-12-04', '1976-12-16', '1982-09-02', '1992-02-29', '2011-06-29', '2022-01-17']","[160.63, 134.1, 146.59, 140.76, 155.65, 127.69, 119.26]"
100663460703,Auckland,OrongoPoint,1966-10-14,2022-01-17,55,7,7,-35.16,35.16,-0.64,0.07,-0.42,151.76,0.43,10.78,0.43,-0.47,152.1,0.31,4.19,0.64,"['1966-10-14', '1973-12-04', '1976-12-16', '1982-09-02', '1992-02-29', '2011-06-29', '2022-01-17']","[159.26, 133.98, 147.5, 140.3, 157.33, 133.85, 124.11]"
100663460704,Auckland,OrongoPoint,1966-10-14,2022-01-17,55,7,7,-30.39,31.99,-0.55,0.07,-0.3,150.03,0.46,11.38,0.26,-0.37,150.89,0.34,4.59,0.48,"['1966-10-14', '1973-12-04', '1976-12-16', '1982-09-02', '1992-02-29', '2011-06-29', '2022-01-17']","[158.13, 133.67, 145.96, 138.67, 159.73, 138.32, 127.73]"
100663461447,Auckland,OrongoPoint,1966-10-14,2022-01-17,55,7,7,-31.25,31.25,-0.57,0.07,-0.32,150.43,0.4,10.07,0.33,-0.29,148.82,0.26,3.46,0.5,"['1966-10-14', '1973-12-04', '1976-12-16', '1982-09-02', '1992-02-29', '2011-06-29', '2022-01-17']","[163.35, 134.26, 144.83, 139.26, 152.52, 136.64, 132.1]"
100663461448,Auckland,OrongoPoint,1966-10-14,2022-01-17,55,7,7,-39.03,39.03,-0.71,0.07,-0.49,152.26,0.41,10.21,0.54,-0.5,151.24,0.27,3.65,0.73,"['1966-10-14', '1973-12-04', '1976-12-16', '1982-09-02', '1992-02-29', '2011-06-29', '2022-01-17']","[162.07, 134.36, 145.31, 140.28, 153.61, 129.16, 123.04]"
100663461956,Auckland,OrongoPoint,1966-10-14,2022-01-17,55,7,7,-31.94,31.94,-0.58,0.07,-0.34,150.91,0.39,9.78,0.38,-0.31,148.97,0.25,3.33,0.55,"['1966-10-14', '1973-12-04', '1976-12-16', '1982-09-02', '1992-02-29', '2011-06-29', '2022-01-17']","[163.68, 133.55, 145.39, 141.68, 150.86, 135.38, 131.75]"
100663461997,Auckland,OrongoPoint,1966-10-14,2022-01-17,55,7,7,-29.92,29.92,-0.54,0.07,-0.32,151.45,0.39,9.79,0.36,-0.28,149.14,0.25,3.4,0.5,"['1966-10-14', '1973-12-04', '1976-12-16', '1982-09-02', '1992-02-29', '2011-06-29', '2022-01-17']","[163.79, 133.87, 145.73, 144.09, 152.17, 135.17, 133.87]"
100663462562,Auckland,OrongoPoint,1966-10-14,2022-01-17,55,7,7,-30.65,30.65,-0.55,0.07,-0.33,152.23,0.37,9.24,0.39,-0.31,150.68,0.24,3.17,0.58,"['1966-10-14', '1973-12-04', '1976-12-16', '1982-09-02', '1992-02-29', '2011-06-29', '2022-01-17']","[163.85, 135.2, 145.74, 146.07, 151.92, 136.89, 133.19]"
100663463271,Auckland,OrongoPoint,1966-10-14,1992-02-29,25,5,5,-4.79,31.94,-0.19,0.18,0.11,148.68,1.8,14.59,0.01,0.39,143.78,1.76,4.78,0.08,"['1966-10-14', '1973-12-04', '1976-12-16', '1982-09-02', '1992-02-29']","[164.68, 132.74, 144.87, 147.69, 159.89]"
100663463727,Auckland,OrongoPoint,1966-10-14,2022-01-17,55,7,7,-24.37,32.14,-0.44,0.07,-0.16,154.8,0.46,11.36,0.09,-0.12,152.7,0.26,3.78,0.14,"['1966-10-14', '1973-12-04', '1976-12-16', '1982-09-02', '1992-02-29', '2011-06-29', '2022-01-17']","[170.57, 138.42, 145.69, 149.98, 160.9, 146.86, 146.2]"
100663464431,Auckland,OrongoPoint,1966-10-14,2022-01-17,55,7,7,-17.28,25.27,-0.31,0.07,-0.12,153.54,0.35,8.81,0.08,-0.08,151.65,0.21,3.05,0.11,"['1966-10-14', '1973-12-04', '1976-12-16', '1982-09-02', '1992-02-29', '2011-06-29', '2022-01-17']","[164.28, 139.01, 151.14, 148.58, 159.14, 147.29, 146.99]"
100663465386,Auckland,OrongoPoint,1966-10-14,2022-01-17,55,7,7,-11.34,29.84,-0.21,0.07,0.03,147.74,0.43,10.74,0.0,0.02,146.58,0.27,3.83,0.01,"['1966-10-14', '1973-12-04', '1976-12-16', '1982-09-02', '1992-02-29', '2011-06-29', '2022-01-17']","[158.77, 130.36, 146.21, 147.62, 160.21, 148.07, 147.43]"
100663475136,Auckland,OrongoPoint,1966-10-14,2022-01-17,55,7,7,-12.53,24.02,-0.23,0.07,-0.02,151.44,0.36,9.04,0.0,0.0,149.71,0.22,3.13,0.0,"['1966-10-14', '1973-12-04', '1976-12-16', '1982-09-02', '1992-02-29', '2011-06-29', '2022-01-17']","[162.3, 138.28, 148.81, 147.17, 160.82, 149.12, 149.77]"
100663475860,Auckland,OrongoPoint,1966-10-14,2022-01-17,55,7,7,-13.62,25.28,-0.25,0.07,-0.02,151.57,0.37,9.23,0.0,0.01,150.04,0.22,3.15,0.0,"['1966-10-14', '1973-12-04', '1976-12-16', '1982-09-02', '1992-02-29', '2011-06-29', '2022-01-17']","[163.64, 138.36, 149.05, 146.26, 159.98, 150.85, 150.02]"
100663476584,Auckland,OrongoPoint,1966-10-14,2022-01-17,55,7,7,-12.53,24.99,-0.23,0.07,-0.0,150.45,0.39,9.67,0.0,0.02,148.86,0.23,3.34,0.0,"['1966-10-14', '1973-12-04', '1976-12-16', '1982-09-02', '1992-02-29', '2011-06-29', '2022-01-17']","[162.13, 137.14, 148.33, 144.63, 161.16, 149.72, 149.6]"
100663477308,Auckland,OrongoPoint,1966-10-14,2022-01-17,55,7,7,-12.34,27.19,-0.22,0.07,0.04,149.89,0.42,10.39,0.01,0.06,148.45,0.25,3.54,0.04,"['1966-10-14', '1973-12-04', '1976-12-16', '1982-09-02', '1992-02-29', '2011-06-29', '2022-01-17']","[163.52, 136.33, 146.05, 145.01, 161.54, 151.79, 151.18]"
100663477999,Auckland,OrongoPoint,1966-10-14,2022-01-17,55,7,7,-10.41,27.96,-0.19,0.07,0.07,150.44,0.42,10.46,0.02,0.1,148.76,0.25,3.57,0.11,"['1966-10-14', '1973-12-04', '1976-12-16', '1982-09-02', '1992-02-29', '2011-06-29', '2022-01-17']","[164.09, 136.14, 148.28, 146.1, 162.39, 153.68, 153.68]"
100663478704,Auckland,OrongoPoint,1966-10-14,2022-01-17,55,7,7,-6.02,30.13,-0.11,0.07,0.18,145.48,0.45,11.1,0.12,0.18,144.53,0.27,3.9,0.27,"['1966-10-14', '1973-12-04', '1976-12-16', '1982-09-02', '1992-02-29', '2011-06-29', '2022-01-17']","[159.77, 130.73, 142.98, 144.48, 160.85, 154.68, 153.75]"
100663479653,Auckland,OrongoPoint,1966-10-14,2022-01-17,55,7,7,-3.67,29.92,-0.07,0.07,0.21,143.87,0.43,10.64,0.17,0.21,143.15,0.26,3.78,0.33,"['1966-10-14', '1973-12-04', '1976-12-16', '1982-09-02', '1992-02-29', '2011-06-29', '2022-01-17']","[157.25, 130.14, 141.58, 143.65, 160.07, 154.37, 153.58]"
100663480504,Auckland,OrongoPoint,1966-10-14,2022-01-17,55,7,7,-2.93,29.35,-0.05,0.07,0.21,143.94,0.41,10.18,0.18,0.2,143.42,0.25,3.65,0.33,"['1966-10-14', '1973-12-04', '1976-12-16', '1982-09-02', '1992-02-29', '2011-06-29', '2022-01-17']","[156.3, 130.57, 141.7, 144.79, 159.92, 154.24, 153.38]"
100663481460,Auckland,OrongoPoint,1966-10-14,2022-01-17,55,7,7,-2.11,28.99,-0.04,0.07,0.21,144.52,0.4,10.05,0.19,0.21,143.68,0.24,3.51,0.38,"['1966-10-14', '1973-12-04', '1976-12-16', '1982-09-02', '1992-02-29', '2011-06-29', '2022-01-17']","[156.84, 131.82, 141.84, 145.32, 160.81, 154.32, 154.72]"
100663482416,Auckland,OrongoPoint,1966-10-14,2022-01-17,55,7,7,-1.53,30.03,-0.03,0.07,0.23,145.21,0.42,10.38,0.2,0.23,144.2,0.25,3.62,0.41,"['1966-10-14', '1973-12-04', '1976-12-16', '1982-09-02', '1992-02-29', '2011-06-29', '2022-01-17']","[158.05, 132.27, 143.42, 144.92, 162.3, 155.94, 156.52]"
100663483266,Auckland,OrongoPoint,1966-10-14,2022-01-17,55,7,7,1.99,28.18,0.04,0.07,0.28,146.04,0.38,9.47,0.31,0.27,145.59,0.23,3.33,0.52,"['1966-10-14', '1973-12-04', '1976-12-16', '1982-09-02', '1992-02-29', '2011-06-29', '2022-01-17']","[157.77, 134.75, 143.01, 149.52, 162.93, 159.26, 159.75]"
100663484127,Auckland,OrongoPoint,1966-10-14,2022-01-17,55,4,4,2.56,20.37,0.05,0.07,0.21,152.22,0.57,9.26,0.36,0.22,151.52,0.46,3.62,0.5,"['1966-10-14', '1973-12-04', '2011-06-29', '2022-01-17']","[160.33, 143.81, 164.19, 162.89]"
100663737306,Auckland,OrongoPoint,1966-10-14,1992-02-29,25,3,3,0.62,2.13,0.02,0.18,0.0,179.52,0.53,1.55,0.0,-0.01,179.89,0.53,0.52,0.03,"['1966-10-14', '1973-12-04', '1992-02-29']","[178.64, 180.77, 179.26]"
100663738480,Auckland,OrongoPoint,1966-10-14,1992-02-29,25,3,3,0.47,2.23,0.02,0.18,-0.0,179.91,0.57,1.66,0.0,-0.02,180.3,0.57,0.56,0.06,"['1966-10-14', '1973-12-04', '1992-02-29']","[178.96, 181.19, 179.43]"
100663739474,Auckland,OrongoPoint,1966-10-14,1992-02-29,25,3,3,0.16,2.06,0.01,0.18,-0.02,180.54,0.54,1.59,0.03,-0.03,180.91,0.54,0.53,0.12,"['1966-10-14', '1973-12-04', '1992-02-29']","[179.63, 181.69, 179.79]"
100663740323,Auckland,OrongoPoint,1966-10-14,1992-02-29,25,3,3,-0.26,0.29,-0.01,0.18,-0.01,179.37,0.03,0.08,0.88,-0.01,179.39,0.03,0.03,0.89,"['1966-10-14', '1973-12-04', '1992-02-29']","[179.32, 179.35, 179.06]"
100663741067,Auckland,OrongoPoint,1966-10-14,1992-02-29,25,3,3,-4.74,4.74,-0.19,0.18,-0.18,180.21,0.13,0.38,0.99,-0.18,180.12,0.13,0.13,0.99,"['1966-10-14', '1973-12-04', '1992-02-29']","[180.42, 178.61, 175.68]"
100663741747,Auckland,OrongoPoint,1966-10-14,1992-02-29,25,3,3,-3.23,3.23,-0.13,0.18,-0.11,179.87,0.42,1.24,0.73,-0.1,179.58,0.42,0.42,0.68,"['1966-10-14', '1973-12-04', '1992-02-29']","[180.58, 178.1, 177.35]"
100663742494,Auckland,OrongoPoint,1966-10-14,1992-02-29,25,3,3,-4.42,4.42,-0.17,0.18,-0.16,179.05,0.47,1.39,0.81,-0.14,178.73,0.47,0.47,0.78,"['1966-10-14', '1973-12-04', '1992-02-29']","[179.84, 176.84, 175.42]"
100663743304,Auckland,OrongoPoint,1966-10-14,1992-02-29,25,3,3,-3.25,3.25,-0.13,0.18,-0.11,175.95,0.44,1.28,0.72,-0.1,175.65,0.44,0.43,0.66,"['1966-10-14', '1973-12-04', '1992-02-29']","[176.68, 174.15, 173.43]"
100663744132,Auckland,OrongoPoint,1966-10-14,1992-02-29,25,3,3,-2.26,2.26,-0.09,0.18,-0.08,173.42,0.3,0.89,0.72,-0.07,173.21,0.3,0.3,0.67,"['1966-10-14', '1973-12-04', '1992-02-29']","[173.93, 172.17, 171.66]"
100663745112,Auckland,OrongoPoint,1966-10-14,1992-02-29,25,3,3,-2.98,5.0,-0.12,0.18,-0.07,170.51,1.12,3.29,0.14,-0.04,169.74,1.12,1.11,0.04,"['1966-10-14', '1973-12-04', '1992-02-29']","[172.38, 167.38, 169.4]"
100663746092,Auckland,OrongoPoint,1966-10-14,2022-01-17,55,4,4,-30.17,30.23,-0.55,0.07,-0.56,175.84,0.45,6.6,0.87,-0.65,177.53,0.3,2.45,0.95,"['1966-10-14', '1973-12-04', '1992-02-29', '2022-01-17']","[171.76, 171.81, 169.34, 141.58]"
100663747079,Auckland,OrongoPoint,1966-10-14,2022-01-17,55,4,4,-30.29,32.07,-0.55,0.07,-0.57,176.73,0.51,7.52,0.84,-0.67,178.8,0.33,2.76,0.95,"['1966-10-14', '1973-12-04', '1992-02-29', '2022-01-17']","[171.58, 173.36, 170.67, 141.29]"
100663748176,Auckland,OrongoPoint,1966-10-14,2022-01-17,55,5,5,-34.38,34.49,-0.62,0.07,-0.64,177.53,0.33,6.02,0.87,-0.74,179.38,0.2,2.23,0.96,"['1966-10-14', '1973-12-04', '1982-09-02', '1992-02-29', '2022-01-17']","[172.78, 172.89, 167.85, 169.75, 138.4]"
100663749334,Auckland,OrongoPoint,1966-10-14,2022-01-17,55,5,5,-31.83,31.83,-0.58,0.07,-0.55,174.87,0.28,5.04,0.88,-0.62,175.93,0.17,1.95,0.96,"['1966-10-14', '1973-12-04', '1982-09-02', '1992-02-29', '2022-01-17']","[172.99, 168.1, 166.6, 168.21, 141.16]"
100663750483,Auckland,OrongoPoint,1966-10-14,2022-01-17,55,6,6,-28.88,28.88,-0.52,0.07,-0.51,172.59,0.15,3.02,0.93,-0.55,173.05,0.08,1.14,0.98,"['1966-10-14', '1973-12-04', '1976-12-16', '1982-09-02', '1992-02-29', '2022-01-17']","[171.27, 167.55, 168.78, 162.61, 164.47, 142.39]"
100663751610,Auckland,OrongoPoint,1966-10-14,2022-01-17,55,7,7,-27.61,27.61,-0.5,0.07,-0.53,171.96,0.12,3.02,0.94,-0.55,172.0,0.08,1.13,0.98,"['1966-10-14', '1973-12-04', '1976-12-16', '1982-09-02', '1992-02-29', '2011-06-29', '2022-01-17']","[169.34, 167.57, 169.16, 161.57, 163.35, 146.36, 141.73]"
100663752699,Auckland,OrongoPoint,1966-10-14,2022-01-17,55,7,7,-23.68,26.41,-0.43,0.07,-0.49,171.5,0.13,3.16,0.92,-0.51,171.87,0.07,1.06,0.98,"['1966-10-14', '1973-12-04', '1976-12-16', '1982-09-02', '1992-02-29', '2011-06-29', '2022-01-17']","[167.34, 168.88, 170.07, 162.03, 162.87, 148.4, 143.66]"
100663753786,Auckland,OrongoPoint,1966-10-14,2022-01-17,55,7,7,-22.2,24.61,-0.4,0.07,-0.45,171.94,0.11,2.82,0.93,-0.47,172.25,0.06,0.92,0.98,"['1966-10-14', '1973-12-04', '1976-12-16', '1982-09-02', '1992-02-29', '2011-06-29', '2022-01-17']","[168.49, 169.63, 170.91, 162.52, 163.33, 150.98, 146.3]"
100663754875,Auckland,OrongoPoint,1966-10-14,1992-02-29,25,5,5,-2.29,6.24,-0.09,0.18,-0.14,170.4,0.28,2.28,0.32,-0.14,170.27,0.28,0.77,0.32,"['1966-10-14', '1973-12-04', '1976-12-16', '1982-09-02', '1992-02-29']","[169.82, 169.5, 171.57, 165.32, 167.53]"
100663755864,Auckland,OrongoPoint,1966-10-14,1992-02-29,25,5,5,-1.95,6.44,-0.08,0.18,-0.1,169.14,0.32,2.64,0.16,-0.08,168.62,0.33,0.89,0.11,"['1966-10-14', '1973-12-04', '1976-12-16', '1982-09-02', '1992-02-29']","[169.59, 166.9, 170.98, 164.54, 167.64]"
100663756856,Auckland,OrongoPoint,1966-10-14,1992-02-29,25,5,5,2.41,7.34,0.09,0.18,0.03,165.85,0.42,3.43,0.01,0.04,165.45,0.45,1.21,0.01,"['1966-10-14', '1973-12-04', '1976-12-16', '1982-09-02', '1992-02-29']","[166.18, 166.03, 168.67, 161.34, 168.58]"
100663757949,Auckland,OrongoPoint,1966-10-14,1992-02-29,25,5,5,5.13,8.71,0.2,0.18,0.12,162.92,0.49,3.94,0.1,0.12,162.67,0.49,1.34,0.09,"['1966-10-14', '1973-12-04', '1976-12-16', '1982-09-02', '1992-02-29']","[162.11, 163.87, 168.45, 159.74, 167.24]"
100663758948,Auckland,OrongoPoint,1966-10-14,1992-02-29,25,5,5,6.67,7.65,0.26,0.18,0.18,162.01,0.42,3.43,0.25,0.16,162.04,0.41,1.13,0.22,"['1966-10-14', '1973-12-04', '1976-12-16', '1982-09-02', '1992-02-29']","[160.39, 164.0, 168.04, 161.08, 167.06]"
100663760039,Auckland,OrongoPoint,1966-10-14,1992-02-29,25,5,5,5.86,6.85,0.23,0.18,0.16,162.39,0.37,3.0,0.25,0.14,162.48,0.36,0.98,0.22,"['1966-10-14', '1973-12-04', '1976-12-16', '1982-09-02', '1992-02-29']","[160.83, 164.29, 167.68, 161.69, 166.69]"
100663761134,Auckland,OrongoPoint,1966-10-14,1992-02-29,25,5,5,5.38,5.97,0.21,0.18,0.16,162.79,0.26,2.12,0.42,0.15,162.9,0.24,0.66,0.41,"['1966-10-14', '1973-12-04', '1976-12-16', '1982-09-02', '1992-02-29']","[161.38, 164.4, 167.35, 163.69, 166.76]"
100663762266,Auckland,OrongoPoint,1966-10-14,1992-02-29,25,5,5,3.3,3.36,0.13,0.18,0.09,164.24,0.2,1.61,0.28,0.09,164.21,0.2,0.54,0.26,"['1966-10-14', '1973-12-04', '1976-12-16', '1982-09-02', '1992-02-29']","[163.73, 165.19, 166.94, 163.67, 167.03]"
100663763593,Auckland,OrongoPoint,1973-12-04,1992-02-29,18,4,4,2.55,2.55,0.14,0.21,0.11,165.02,0.19,0.88,0.59,0.12,164.87,0.17,0.29,0.67,"['1973-12-04', '1976-12-16', '1982-09-02', '1992-02-29']","[164.67, 166.25, 165.21, 167.22]"
100663764756,Auckland,OrongoPoint,1973-12-04,1992-02-29,18,4,4,4.94,9.84,0.27,0.21,0.16,162.83,1.08,5.13,0.09,0.19,162.31,1.04,1.8,0.12,"['1973-12-04', '1976-12-16', '1982-09-02', '1992-02-29']","[163.15, 166.67, 158.25, 168.09]"
100663766154,Auckland,OrongoPoint,1966-10-14,1992-02-29,25,5,5,18.45,18.45,0.73,0.18,0.63,153.95,0.47,3.79,0.77,0.56,154.98,0.45,1.21,0.75,"['1966-10-14', '1973-12-04', '1976-12-16', '1982-09-02', '1992-02-29']","[149.9, 162.22, 163.26, 162.76, 168.35]"
100663767404,Auckland,OrongoPoint,1966-10-14,1992-02-29,25,5,5,16.5,16.5,0.65,0.18,0.58,153.87,0.31,2.55,0.87,0.55,154.26,0.29,0.8,0.87,"['1966-10-14', '1973-12-04', '1976-12-16', '1982-09-02', '1992-02-29']","[151.64, 159.5, 162.86, 161.49, 168.13]"
100663768766,Auckland,OrongoPoint,1966-10-14,2011-06-29,45,6,6,0.9,14.64,0.02,0.08,0.02,159.43,0.36,5.98,0.0,-0.13,161.52,0.25,2.27,0.23,"['1966-10-14', '1973-12-04', '1976-12-16', '1982-09-02', '1992-02-29', '2011-06-29']","[153.95, 158.76, 162.25, 160.5, 168.59, 154.85]"
100663769885,Auckland,OrongoPoint,1966-10-14,2011-06-29,45,6,6,-0.25,13.08,-0.01,0.08,0.02,159.19,0.32,5.33,0.01,-0.11,160.96,0.23,2.08,0.2,"['1966-10-14', '1973-12-04', '1976-12-16', '1982-09-02', '1992-02-29', '2011-06-29']","[155.59, 158.39, 160.4, 159.47, 168.42, 155.34]"
100663770977,Auckland,OrongoPoint,1966-10-14,2022-01-17,55,7,7,-0.79,12.79,-0.01,0.07,-0.04,160.14,0.19,4.66,0.03,-0.11,161.42,0.12,1.72,0.38,"['1966-10-14', '1973-12-04', '1976-12-16', '1982-09-02', '1992-02-29', '2011-06-29', '2022-01-17']","[156.07, 158.64, 160.75, 159.27, 168.08, 156.78, 155.28]"
100663772052,Auckland,OrongoPoint,1966-10-14,2022-01-17,55,7,7,1.73,11.71,0.03,0.07,0.0,160.1,0.17,4.18,0.0,-0.05,161.06,0.11,1.52,0.17,"['1966-10-14', '1973-12-04', '1976-12-16', '1982-09-02', '1992-02-29', '2011-06-29', '2022-01-17']","[156.2, 159.26, 161.67, 159.33, 167.92, 158.43, 157.93]"
100663773214,Auckland,OrongoPoint,1966-10-14,2022-01-17,55,7,7,4.66,11.82,0.08,0.07,0.06,160.25,0.15,3.72,0.11,0.0,161.45,0.1,1.39,0.0,"['1966-10-14', '1973-12-04', '1976-12-16', '1982-09-02', '1992-02-29', '2011-06-29', '2022-01-17']","[156.58, 160.69, 162.61, 159.49, 168.4, 162.22, 161.24]"
100663774304,Auckland,OrongoPoint,1966-10-14,2022-01-17,55,7,7,7.0,11.59,0.13,0.07,0.09,158.32,0.13,3.27,0.29,0.04,159.52,0.08,1.2,0.17,"['1966-10-14', '1973-12-04', '1976-12-16', '1982-09-02', '1992-02-29', '2011-06-29', '2022-01-17']","[154.45, 159.9, 160.9, 158.37, 166.04, 162.02, 161.44]"
100663775402,Auckland,OrongoPoint,1966-10-14,2022-01-17,55,7,7,7.58,8.61,0.14,0.07,0.08,157.54,0.1,2.55,0.32,0.06,157.86,0.06,0.9,0.43,"['1966-10-14', '1973-12-04', '1976-12-16', '1982-09-02', '1992-02-29', '2011-06-29', '2022-01-17']","[153.78, 159.98, 160.22, 157.82, 162.39, 159.7, 161.36]"
100663776517,Auckland,OrongoPoint,1966-10-14,2022-01-17,55,7,7,6.79,7.21,0.12,0.07,0.11,155.63,0.09,2.29,0.55,0.09,155.96,0.06,0.81,0.67,"['1966-10-14', '1973-12-04', '1976-12-16', '1982-09-02', '1992-02-29', '2011-06-29', '2022-01-17']","[153.92, 154.39, 159.96, 156.72, 161.13, 160.39, 160.7]"
100663777853,Auckland,OrongoPoint,1966-10-14,2022-01-17,55,7,7,4.66,7.17,0.08,0.07,0.07,157.57,0.11,2.62,0.24,0.04,158.3,0.06,0.91,0.24,"['1966-10-14', '1973-12-04', '1976-12-16', '1982-09-02', '1992-02-29', '2011-06-29', '2022-01-17']","[155.84, 161.33, 155.39, 157.91, 162.56, 159.81, 160.5]"
100663779101,Auckland,OrongoPoint,1966-10-14,2022-01-17,55,7,7,4.94,6.84,0.09,0.07,0.03,160.07,0.11,2.7,0.07,0.03,160.13,0.07,1.04,0.09,"['1966-10-14', '1973-12-04', '1976-12-16', '1982-09-02', '1992-02-29', '2011-06-29', '2022-01-17']","[156.93, 163.1, 161.94, 158.08, 163.77, 160.13, 161.87]"
100663780684,Auckland,OrongoPoint,1966-10-14,2022-01-17,55,7,7,6.3,6.3,0.11,0.07,0.06,160.45,0.09,2.13,0.31,0.07,160.27,0.07,1.0,0.43,"['1966-10-14', '1973-12-04', '1976-12-16', '1982-09-02', '1992-02-29', '2011-06-29', '2022-01-17']","[158.16, 163.89, 161.16, 159.97, 163.97, 161.71, 164.46]"
100663782597,Auckland,OrongoPoint,1966-10-14,2022-01-17,55,7,7,12.29,12.29,0.22,0.07,0.13,159.35,0.12,3.0,0.47,0.16,158.13,0.15,2.15,0.48,"['1966-10-14', '1973-12-04', '1976-12-16', '1982-09-02', '1992-02-29', '2011-06-29', '2022-01-17']","[156.02, 163.48, 160.5, 162.28, 163.9, 160.91, 168.32]"
100664092623,Auckland,OrongoPoint,1966-10-14,2022-01-17,55,7,7,-9.86,18.12,-0.18,0.07,-0.05,155.92,0.27,6.62,0.02,-0.09,156.9,0.19,2.74,0.15,"['1966-10-14', '1973-12-04', '1976-12-16', '1982-09-02', '1992-02-29', '2011-06-29', '2022-01-17']","[160.7, 145.4, 152.05, 163.52, 155.74, 155.83, 150.84]"
100664093915,Auckland,OrongoPoint,1966-10-14,2022-01-17,55,7,7,-9.85,17.15,-0.18,0.07,-0.04,153.56,0.26,6.51,0.02,-0.09,154.78,0.19,2.78,0.14,"['1966-10-14', '1973-12-04', '1976-12-16', '1982-09-02', '1992-02-29', '2011-06-29', '2022-01-17']","[158.58, 144.19, 148.66, 161.34, 152.59, 154.28, 148.73]"
100664095028,Auckland,OrongoPoint,1966-10-14,2022-01-17,55,7,7,-10.79,16.32,-0.2,0.07,-0.05,151.74,0.26,6.47,0.03,-0.1,152.99,0.19,2.79,0.17,"['1966-10-14', '1973-12-04', '1976-12-16', '1982-09-02', '1992-02-29', '2011-06-29', '2022-01-17']","[157.1, 142.83, 146.22, 159.15, 149.71, 152.21, 146.31]"
100664096185,Auckland,OrongoPoint,1966-10-14,2022-01-17,55,7,7,-10.24,15.37,-0.19,0.07,-0.05,149.57,0.25,6.19,0.03,-0.07,150.19,0.17,2.47,0.12,"['1966-10-14', '1973-12-04', '1976-12-16', '1982-09-02', '1992-02-29', '2011-06-29', '2022-01-17']","[155.62, 140.67, 144.47, 156.04, 147.65, 149.77, 145.38]"
100664097173,Auckland,OrongoPoint,1966-10-14,2022-01-17,55,7,7,-10.13,15.02,-0.18,0.07,-0.03,147.67,0.24,6.04,0.02,-0.07,148.58,0.18,2.6,0.1,"['1966-10-14', '1973-12-04', '1976-12-16', '1982-09-02', '1992-02-29', '2011-06-29', '2022-01-17']","[153.87, 138.85, 143.07, 153.39, 146.31, 149.1, 143.74]"
100664098319,Auckland,OrongoPoint,1966-10-14,2022-01-17,55,7,7,-9.38,14.31,-0.17,0.07,-0.01,145.74,0.24,6.02,0.0,-0.06,147.36,0.21,3.03,0.07,"['1966-10-14', '1973-12-04', '1976-12-16', '1982-09-02', '1992-02-29', '2011-06-29', '2022-01-17']","[151.48, 137.22, 141.77, 151.54, 144.93, 149.37, 142.1]"
100664099311,Auckland,OrongoPoint,1966-10-14,2022-01-17,55,7,7,-9.48,15.82,-0.17,0.07,-0.03,142.89,0.25,6.16,0.01,-0.1,144.92,0.22,3.1,0.15,"['1966-10-14', '1973-12-04', '1976-12-16', '1982-09-02', '1992-02-29', '2011-06-29', '2022-01-17']","[146.98, 133.99, 138.74, 149.82, 143.32, 145.11, 137.49]"
100664100304,Auckland,OrongoPoint,1966-10-14,2022-01-17,55,6,6,-7.65,19.18,-0.14,0.07,-0.04,139.07,0.38,7.88,0.01,-0.08,139.52,0.21,2.87,0.15,"['1966-10-14', '1973-12-04', '1976-12-16', '1982-09-02', '1992-02-29', '2022-01-17']","[142.38, 129.82, 133.02, 149.0, 141.07, 134.73]"
100664101296,Auckland,OrongoPoint,1966-10-14,2022-01-17,55,7,7,-5.71,16.08,-0.1,0.07,-0.0,137.37,0.24,5.9,0.0,-0.03,137.86,0.15,2.17,0.03,"['1966-10-14', '1973-12-04', '1976-12-16', '1982-09-02', '1992-02-29', '2011-06-29', '2022-01-17']","[141.34, 129.51, 132.47, 145.59, 138.8, 137.54, 135.62]"
100664102289,Auckland,OrongoPoint,1966-10-14,2022-01-17,55,7,7,-3.98,14.77,-0.07,0.07,0.02,136.09,0.21,5.22,0.01,0.01,136.08,0.13,1.9,0.0,"['1966-10-14', '1973-12-04', '1976-12-16', '1982-09-02', '1992-02-29', '2011-06-29', '2022-01-17']","[140.29, 128.26, 133.23, 143.03, 137.5, 137.25, 136.31]"
100664103281,Auckland,OrongoPoint,1966-10-14,2022-01-17,55,7,7,-4.0,15.1,-0.07,0.07,-0.01,135.44,0.2,5.06,0.0,-0.02,135.23,0.13,1.87,0.01,"['1966-10-14', '1973-12-04', '1976-12-16', '1982-09-02', '1992-02-29', '2011-06-29', '2022-01-17']","[138.15, 126.89, 134.45, 141.99, 136.7, 134.51, 134.15]"
100664104170,Auckland,OrongoPoint,1966-10-14,2022-01-17,55,7,7,-3.81,14.85,-0.07,0.07,-0.03,135.02,0.2,4.96,0.01,-0.04,134.86,0.13,1.85,0.07,"['1966-10-14', '1973-12-04', '1976-12-16', '1982-09-02', '1992-02-29', '2011-06-29', '2022-01-17']","[136.55, 127.04, 133.82, 141.89, 136.33, 132.67, 132.73]"
100664105160,Auckland,OrongoPoint,1966-10-14,2022-01-17,55,6,6,-5.51,15.51,-0.1,0.07,-0.03,135.39,0.29,5.95,0.01,-0.06,135.61,0.16,2.21,0.15,"['1966-10-14', '1973-12-04', '1976-12-16', '1982-09-02', '1992-02-29', '2022-01-17']","[137.47, 127.43, 132.53, 142.94, 136.46, 131.96]"
100664106150,Auckland,OrongoPoint,1966-10-14,2022-01-17,55,6,6,-7.37,16.47,-0.13,0.07,-0.05,134.65,0.31,6.36,0.03,-0.06,134.27,0.17,2.32,0.11,"['1966-10-14', '1973-12-04', '1976-12-16', '1982-09-02', '1992-02-29', '2022-01-17']","[138.42, 125.35, 132.25, 141.81, 132.95, 131.05]"
100664107141,Auckland,OrongoPoint,1966-10-14,2022-01-17,55,6,6,-7.73,16.08,-0.14,0.07,-0.05,133.08,0.31,6.48,0.03,-0.03,132.21,0.17,2.32,0.04,"['1966-10-14', '1973-12-04', '1976-12-16', '1982-09-02', '1992-02-29', '2022-01-17']","[138.02, 123.13, 131.7, 139.2, 130.12, 130.29]"
100664108131,Auckland,OrongoPoint,1966-10-14,2022-01-17,55,6,6,-7.58,15.74,-0.14,0.07,-0.06,131.39,0.3,6.14,0.04,-0.05,130.81,0.16,2.23,0.11,"['1966-10-14', '1973-12-04', '1976-12-16', '1982-09-02', '1992-02-29', '2022-01-17']","[135.33, 121.8, 129.99, 137.54, 129.28, 127.75]"
100664109121,Auckland,OrongoPoint,1966-10-14,2022-01-17,55,6,6,-6.99,17.01,-0.13,0.07,-0.06,129.75,0.31,6.43,0.04,-0.07,129.64,0.17,2.37,0.17,"['1966-10-14', '1973-12-04', '1976-12-16', '1982-09-02', '1992-02-29', '2022-01-17']","[132.47, 120.73, 127.31, 137.74, 128.17, 125.48]"
100664110278,Auckland,OrongoPoint,1966-10-14,2022-01-17,55,6,6,-8.4,15.1,-0.15,0.07,-0.06,128.71,0.3,6.24,0.04,-0.05,128.2,0.16,2.22,0.11,"['1966-10-14', '1973-12-04', '1976-12-16', '1982-09-02', '1992-02-29', '2022-01-17']","[133.6, 119.78, 125.14, 134.88, 127.11, 125.2]"
100664111272,Auckland,OrongoPoint,1966-10-14,2022-01-17,55,6,6,-8.46,15.91,-0.15,0.07,-0.06,128.17,0.31,6.46,0.04,-0.06,127.75,0.17,2.31,0.13,"['1966-10-14', '1973-12-04', '1976-12-16', '1982-09-02', '1992-02-29', '2022-01-17']","[132.78, 119.1, 124.4, 135.01, 126.48, 124.33]"
100664112721,Auckland,OrongoPoint,1966-10-14,2022-01-17,55,6,6,-5.31,13.13,-0.1,0.07,-0.0,126.61,0.27,5.49,0.0,0.0,126.12,0.14,1.93,0.0,"['1966-10-14', '1973-12-04', '1976-12-16', '1982-09-02', '1992-02-29', '2022-01-17']","[131.41, 119.05, 123.57, 132.18, 126.84, 126.1]"
100664114006,Auckland,OrongoPoint,1966-10-14,2022-01-17,55,6,6,-2.3,14.64,-0.04,0.07,0.02,125.42,0.27,5.57,0.01,0.01,125.43,0.15,2.02,0.01,"['1966-10-14', '1973-12-04', '1976-12-16', '1982-09-02', '1992-02-29', '2022-01-17']","[128.22, 118.95, 122.37, 133.59, 126.3, 125.92]"
100664115404,Auckland,OrongoPoint,1966-10-14,2022-01-17,55,6,6,-0.25,12.63,-0.0,0.07,0.05,123.94,0.23,4.71,0.06,0.04,123.99,0.13,1.71,0.09,"['1966-10-14', '1973-12-04', '1976-12-16', '1982-09-02', '1992-02-29', '2022-01-17']","[126.23, 118.68, 121.63, 131.31, 125.79, 125.98]"
100664116567,Auckland,OrongoPoint,1966-10-14,2022-01-17,55,6,6,-2.22,14.68,-0.04,0.07,0.03,125.07,0.27,5.65,0.02,0.01,125.24,0.15,2.06,0.0,"['1966-10-14', '1973-12-04', '1976-12-16', '1982-09-02', '1992-02-29', '2022-01-17']","[127.68, 118.27, 122.03, 132.95, 127.82, 125.45]"
100664117565,Auckland,OrongoPoint,1966-10-14,2022-01-17,55,5,5,-3.01,11.26,-0.05,0.07,0.03,124.7,0.27,5.1,0.03,0.04,123.76,0.16,1.79,0.12,"['1966-10-14', '1973-12-04', '1976-12-16', '1992-02-29', '2022-01-17']","[129.06, 117.8, 125.44, 128.34, 126.05]"
100664118563,Auckland,OrongoPoint,1966-10-14,2022-01-17,55,5,5,-3.41,11.16,-0.06,0.07,0.02,125.73,0.26,4.82,0.02,0.04,124.7,0.15,1.65,0.14,"['1966-10-14', '1973-12-04', '1976-12-16', '1992-02-29', '2022-01-17']","[130.46, 119.3, 125.95, 128.29, 127.04]"
100664119560,Auckland,OrongoPoint,1966-10-14,2022-01-17,55,5,5,-4.67,11.77,-0.08,0.07,0.01,127.18,0.27,4.98,0.0,0.03,126.09,0.15,1.68,0.07,"['1966-10-14', '1973-12-04', '1976-12-16', '1992-02-29', '2022-01-17']","[132.4, 120.63, 126.72, 129.19, 127.72]"
100664120496,Auckland,OrongoPoint,1973-12-04,2022-01-17,48,4,4,6.88,10.39,0.14,0.06,0.05,126.69,0.42,5.5,0.05,0.04,126.0,0.25,1.94,0.1,"['1973-12-04', '1976-12-16', '1992-02-29', '2022-01-17']","[120.96, 131.35, 130.02, 127.84]"
100664121495,Auckland,OrongoPoint,1973-12-04,2022-01-17,48,3,3,8.27,14.89,0.17,0.06,0.13,125.98,1.75,9.51,0.19,0.07,126.27,1.17,3.68,0.13,"['1973-12-04', '1992-02-29', '2022-01-17']","[121.21, 136.1, 129.48]"
100664122312,Auckland,OrongoPoint,1973-12-04,2022-01-17,48,3,3,8.12,14.97,0.17,0.06,0.13,126.29,1.77,9.62,0.18,0.07,126.58,1.19,3.72,0.11,"['1973-12-04', '1992-02-29', '2022-01-17']","[121.46, 136.43, 129.59]"
100664123311,Auckland,OrongoPoint,1973-12-04,2022-01-17,48,4,4,6.79,10.5,0.14,0.06,0.09,125.42,0.36,4.73,0.21,0.06,125.32,0.23,1.8,0.22,"['1973-12-04', '1976-12-16', '1992-02-29', '2022-01-17']","[121.18, 127.17, 131.68, 127.97]"
100664124186,Auckland,OrongoPoint,1966-10-14,2022-01-17,55,5,5,-6.01,11.81,-0.11,0.07,-0.02,128.66,0.27,5.1,0.01,-0.0,127.69,0.16,1.77,0.0,"['1966-10-14', '1973-12-04', '1976-12-16', '1992-02-29', '2022-01-17']","[133.37, 121.56, 128.39, 130.87, 127.36]"
100664125186,Auckland,OrongoPoint,1966-10-14,2022-01-17,55,5,5,-4.19,11.0,-0.08,0.07,0.01,128.19,0.25,4.7,0.0,0.03,127.17,0.14,1.61,0.06,"['1966-10-14', '1973-12-04', '1976-12-16', '1992-02-29', '2022-01-17']","[132.73, 121.73, 128.44, 130.18, 128.54]"
100664126134,Auckland,OrongoPoint,1966-10-14,2022-01-17,55,5,5,-3.01,11.23,-0.05,0.07,0.04,127.23,0.26,4.88,0.03,0.06,126.2,0.15,1.65,0.22,"['1966-10-14', '1973-12-04', '1976-12-16', '1992-02-29', '2022-01-17']","[132.29, 121.06, 126.93, 130.14, 129.28]"
100664127134,Auckland,OrongoPoint,1966-10-14,2022-01-17,55,5,5,-3.41,12.11,-0.06,0.07,0.02,127.99,0.31,5.76,0.01,0.03,126.85,0.18,2.03,0.05,"['1966-10-14', '1973-12-04', '1976-12-16', '1992-02-29', '2022-01-17']","[131.77, 119.66, 130.93, 130.86, 128.36]"
100664128134,Auckland,OrongoPoint,1973-12-04,2022-01-17,48,3,3,9.91,13.1,0.21,0.06,0.18,122.71,1.39,7.55,0.39,0.13,122.93,0.93,2.92,0.42,"['1973-12-04', '1992-02-29', '2022-01-17']","[118.92, 132.01, 128.83]"
100664129134,Auckland,OrongoPoint,1973-12-04,2022-01-17,48,3,3,11.53,14.77,0.24,0.06,0.21,122.4,1.54,8.41,0.41,0.15,122.65,1.04,3.25,0.46,"['1973-12-04', '1992-02-29', '2022-01-17']","[118.18, 132.94, 129.71]"
100664130134,Auckland,OrongoPoint,1973-12-04,2022-01-17,48,3,3,12.77,15.78,0.27,0.06,0.23,121.87,1.63,8.84,0.44,0.17,122.14,1.09,3.42,0.5,"['1973-12-04', '1992-02-29', '2022-01-17']","[117.43, 133.21, 130.2]"
100664131134,Auckland,OrongoPoint,1973-12-04,2022-01-17,48,3,3,10.1,13.19,0.21,0.06,0.18,123.99,1.39,7.57,0.4,0.13,124.22,0.93,2.93,0.44,"['1973-12-04', '1992-02-29', '2022-01-17']","[120.19, 133.38, 130.29]"
100664132134,Auckland,OrongoPoint,1973-12-04,2022-01-17,48,3,3,7.02,9.02,0.15,0.06,0.12,126.74,0.94,5.14,0.41,0.09,126.89,0.63,1.99,0.45,"['1973-12-04', '1992-02-29', '2022-01-17']","[124.16, 133.17, 131.17]"
100664133134,Auckland,OrongoPoint,1966-10-14,2022-01-17,55,6,6,-3.89,13.32,-0.07,0.07,0.03,127.92,0.23,5.39,0.02,0.05,126.73,0.15,1.89,0.11,"['1966-10-14', '1973-12-04', '1976-12-16', '1992-02-29', '2011-06-29', '2022-01-17']","[133.33, 120.01, 127.54, 133.13, 128.54, 129.44]"
100664134134,Auckland,OrongoPoint,1966-10-14,2022-01-17,55,7,7,-1.3,17.93,-0.02,0.07,0.02,129.33,0.25,6.17,0.01,-0.01,129.54,0.16,2.3,0.0,"['1966-10-14', '1973-12-04', '1976-12-16', '1982-09-02', '1992-02-29', '2011-06-29', '2022-01-17']","[130.43, 121.29, 126.45, 139.22, 133.84, 128.46, 129.13]"
100664135134,Auckland,OrongoPoint,1966-10-14,2022-01-17,55,7,7,-4.71,13.19,-0.09,0.07,-0.0,131.24,0.2,4.92,0.0,-0.02,132.0,0.15,2.12,0.02,"['1966-10-14', '1973-12-04', '1976-12-16', '1982-09-02', '1992-02-29', '2011-06-29', '2022-01-17']","[134.46, 125.17, 129.04, 138.36, 127.94, 133.56, 129.75]"
100664136091,Auckland,OrongoPoint,1966-10-14,2022-01-17,55,7,7,-5.69,14.91,-0.1,0.07,0.02,128.1,0.22,5.51,0.01,0.02,128.06,0.15,2.09,0.01,"['1966-10-14', '1973-12-04', '1976-12-16', '1982-09-02', '1992-02-29', '2011-06-29', '2022-01-17']","[134.03, 119.11, 126.13, 133.46, 128.68, 130.56, 128.33]"
100664137091,Auckland,OrongoPoint,1966-10-14,2022-01-17,55,7,7,2.14,12.27,0.04,0.07,0.08,124.59,0.16,4.05,0.15,0.09,123.58,0.11,1.64,0.36,"['1966-10-14', '1973-12-04', '1976-12-16', '1982-09-02', '1992-02-29', '2011-06-29', '2022-01-17']","[127.11, 118.42, 124.59, 130.69, 128.13, 126.14, 129.25]"
100664137944,Auckland,OrongoPoint,1966-10-14,2022-01-17,55,7,7,3.83,14.5,0.07,0.07,0.08,124.81,0.19,4.61,0.13,0.11,123.6,0.14,1.96,0.33,"['1966-10-14', '1973-12-04', '1976-12-16', '1982-09-02', '1992-02-29', '2011-06-29', '2022-01-17']","[126.46, 119.15, 124.71, 133.65, 126.07, 126.13, 130.29]"
100664138944,Auckland,OrongoPoint,1966-10-14,2022-01-17,55,7,7,3.46,13.71,0.06,0.07,0.07,125.1,0.18,4.41,0.12,0.1,124.0,0.13,1.89,0.31,"['1966-10-14', '1973-12-04', '1976-12-16', '1982-09-02', '1992-02-29', '2011-06-29', '2022-01-17']","[126.61, 119.92, 124.51, 133.62, 126.44, 126.07, 130.08]"
100664139943,Auckland,OrongoPoint,1966-10-14,2022-01-17,55,7,7,1.58,13.16,0.03,0.07,0.06,125.41,0.17,4.3,0.08,0.08,124.41,0.12,1.74,0.26,"['1966-10-14', '1973-12-04', '1976-12-16', '1982-09-02', '1992-02-29', '2011-06-29', '2022-01-17']","[127.74, 119.87, 124.31, 133.03, 126.44, 126.2, 129.32]"
100664140851,Auckland,OrongoPoint,1966-10-14,2022-01-17,55,7,7,-0.65,13.55,-0.01,0.07,0.05,125.99,0.18,4.41,0.05,0.04,125.96,0.11,1.62,0.1,"['1966-10-14', '1973-12-04', '1976-12-16', '1982-09-02', '1992-02-29', '2011-06-29', '2022-01-17']","[128.65, 119.82, 124.61, 133.37, 126.83, 128.19, 128.0]"
100664141850,Auckland,OrongoPoint,1966-10-14,2022-01-17,55,7,7,-1.92,13.62,-0.03,0.07,0.04,126.22,0.18,4.49,0.03,0.01,126.77,0.13,1.81,0.01,"['1966-10-14', '1973-12-04', '1976-12-16', '1982-09-02', '1992-02-29', '2011-06-29', '2022-01-17']","[128.68, 119.77, 125.07, 133.39, 126.53, 128.97, 126.76]"
100664142849,Auckland,OrongoPoint,1966-10-14,2022-01-17,55,7,7,-2.98,13.12,-0.05,0.07,0.02,126.55,0.18,4.36,0.01,-0.02,127.3,0.13,1.84,0.01,"['1966-10-14', '1973-12-04', '1976-12-16', '1982-09-02', '1992-02-29', '2011-06-29', '2022-01-17']","[128.65, 119.93, 125.54, 133.05, 127.0, 128.57, 125.67]"
100664143848,Auckland,OrongoPoint,1966-10-14,2022-01-17,55,7,7,-3.52,11.62,-0.06,0.07,-0.01,126.71,0.16,3.89,0.0,-0.03,127.06,0.11,1.51,0.06,"['1966-10-14', '1973-12-04', '1976-12-16', '1982-09-02', '1992-02-29', '2011-06-29', '2022-01-17']","[128.54, 120.34, 125.72, 131.95, 127.55, 126.71, 125.03]"
100664144848,Auckland,OrongoPoint,1966-10-14,2022-01-17,55,7,7,-2.93,11.65,-0.05,0.07,-0.02,126.5,0.16,3.87,0.01,-0.04,126.78,0.1,1.45,0.09,"['1966-10-14', '1973-12-04', '1976-12-16', '1982-09-02', '1992-02-29', '2011-06-29', '2022-01-17']","[127.53, 120.97, 124.88, 132.62, 126.79, 125.52, 124.61]"
100664145970,Auckland,OrongoPoint,1966-10-14,2022-01-17,55,7,7,-2.13,11.39,-0.04,0.07,-0.01,125.1,0.15,3.73,0.0,-0.03,125.6,0.1,1.43,0.08,"['1966-10-14', '1973-12-04', '1976-12-16', '1982-09-02', '1992-02-29', '2011-06-29', '2022-01-17']","[125.57, 119.85, 124.03, 131.24, 125.75, 124.8, 123.44]"
100664147151,Auckland,OrongoPoint,1966-10-14,2022-01-17,55,7,7,-1.88,17.68,-0.03,0.07,0.03,121.53,0.23,5.76,0.02,0.02,121.47,0.15,2.14,0.01,"['1966-10-14', '1973-12-04', '1976-12-16', '1982-09-02', '1992-02-29', '2011-06-29', '2022-01-17']","[124.11, 112.45, 120.52, 130.14, 124.28, 122.35, 122.24]"
100664148151,Auckland,OrongoPoint,1966-10-14,2022-01-17,55,7,7,1.36,12.92,0.02,0.07,0.09,120.8,0.17,4.27,0.19,0.08,120.79,0.11,1.54,0.33,"['1966-10-14', '1973-12-04', '1976-12-16', '1982-09-02', '1992-02-29', '2011-06-29', '2022-01-17']","[123.84, 115.21, 119.03, 128.13, 123.94, 124.84, 125.21]"
100664149280,Auckland,OrongoPoint,1966-10-14,2022-01-17,55,7,7,2.57,13.63,0.05,0.07,0.12,120.85,0.19,4.6,0.24,0.11,120.9,0.11,1.64,0.41,"['1966-10-14', '1973-12-04', '1976-12-16', '1982-09-02', '1992-02-29', '2011-06-29', '2022-01-17']","[124.04, 115.82, 118.14, 129.45, 124.32, 125.86, 126.6]"
100664150280,Auckland,OrongoPoint,1966-10-14,2022-01-17,55,7,7,3.94,12.34,0.07,0.07,0.14,119.63,0.17,4.12,0.36,0.13,119.54,0.1,1.46,0.58,"['1966-10-14', '1973-12-04', '1976-12-16', '1982-09-02', '1992-02-29', '2011-06-29', '2022-01-17']","[122.85, 114.97, 117.7, 127.3, 124.18, 125.56, 126.79]"
100664151280,Auckland,OrongoPoint,1966-10-14,2022-01-17,55,7,7,4.4,12.67,0.08,0.07,0.15,119.01,0.17,4.2,0.4,0.14,119.15,0.11,1.52,0.58,"['1966-10-14', '1973-12-04', '1976-12-16', '1982-09-02', '1992-02-29', '2011-06-29', '2022-01-17']","[122.16, 114.2, 117.26, 126.87, 124.35, 125.86, 126.56]"
100664152279,Auckland,OrongoPoint,1966-10-14,2022-01-17,55,7,7,4.3,12.51,0.08,0.07,0.13,119.45,0.17,4.11,0.33,0.12,119.48,0.1,1.49,0.5,"['1966-10-14', '1973-12-04', '1976-12-16', '1982-09-02', '1992-02-29', '2011-06-29', '2022-01-17']","[121.54, 114.94, 117.62, 127.45, 124.76, 124.37, 125.84]"
100664153279,Auckland,OrongoPoint,1966-10-14,2022-01-17,55,7,7,4.13,14.01,0.07,0.07,0.12,119.42,0.18,4.55,0.26,0.11,119.36,0.12,1.69,0.4,"['1966-10-14', '1973-12-04', '1976-12-16', '1982-09-02', '1992-02-29', '2011-06-29', '2022-01-17']","[121.14, 113.75, 118.27, 127.77, 125.44, 123.52, 125.27]"
100664154279,Auckland,OrongoPoint,1966-10-14,2022-01-17,55,7,7,3.9,14.13,0.07,0.07,0.13,119.99,0.18,4.52,0.29,0.11,120.14,0.12,1.67,0.42,"['1966-10-14', '1973-12-04', '1976-12-16', '1982-09-02', '1992-02-29', '2011-06-29', '2022-01-17']","[122.11, 114.04, 119.13, 128.17, 125.87, 125.22, 126.01]"
100664155135,Auckland,OrongoPoint,1966-10-14,2022-01-17,55,7,7,3.21,14.51,0.06,0.07,0.13,121.29,0.19,4.68,0.28,0.12,121.05,0.12,1.69,0.47,"['1966-10-14', '1973-12-04', '1976-12-16', '1982-09-02', '1992-02-29', '2011-06-29', '2022-01-17']","[124.64, 114.92, 120.2, 129.42, 125.93, 126.56, 127.85]"
100664156135,Auckland,OrongoPoint,1966-10-14,2022-01-17,55,7,7,0.97,12.2,0.02,0.07,0.1,122.67,0.18,4.43,0.19,0.09,122.62,0.11,1.58,0.33,"['1966-10-14', '1973-12-04', '1976-12-16', '1982-09-02', '1992-02-29', '2011-06-29', '2022-01-17']","[126.23, 116.9, 120.22, 129.1, 127.8, 126.55, 127.21]"
100664157135,Auckland,OrongoPoint,1966-10-14,2022-01-17,55,7,7,1.49,10.9,0.03,0.07,0.1,123.0,0.16,3.96,0.23,0.09,123.02,0.1,1.41,0.38,"['1966-10-14', '1973-12-04', '1976-12-16', '1982-09-02', '1992-02-29', '2011-06-29', '2022-01-17']","[126.09, 118.15, 120.64, 129.05, 127.88, 126.93, 127.57]"
100664157985,Auckland,OrongoPoint,1966-10-14,2022-01-17,55,7,7,1.87,11.99,0.03,0.07,0.1,123.57,0.15,3.82,0.26,0.07,124.2,0.11,1.57,0.26,"['1966-10-14', '1973-12-04', '1976-12-16', '1982-09-02', '1992-02-29', '2011-06-29', '2022-01-17']","[125.71, 118.52, 122.85, 130.5, 126.7, 129.0, 127.58]"
100664158985,Auckland,OrongoPoint,1966-10-14,2022-01-17,55,7,7,0.18,13.18,0.0,0.07,0.08,124.67,0.18,4.48,0.14,0.08,124.44,0.11,1.61,0.29,"['1966-10-14', '1973-12-04', '1976-12-16', '1982-09-02', '1992-02-29', '2011-06-29', '2022-01-17']","[128.51, 118.22, 123.1, 131.4, 127.46, 128.33, 128.69]"
100664159985,Auckland,OrongoPoint,1966-10-14,2022-01-17,55,7,7,-0.69,13.87,-0.01,0.07,0.09,123.66,0.2,4.85,0.14,0.08,123.68,0.13,1.8,0.23,"['1966-10-14', '1973-12-04', '1976-12-16', '1982-09-02', '1992-02-29', '2011-06-29', '2022-01-17']","[128.16, 116.45, 122.04, 130.32, 126.73, 128.17, 127.47]"
100664160985,Auckland,OrongoPoint,1966-10-14,2022-01-17,55,7,7,2.63,16.84,0.05,0.07,0.17,121.67,0.23,5.63,0.32,0.17,121.61,0.15,2.1,0.52,"['1966-10-14', '1973-12-04', '1976-12-16', '1982-09-02', '1992-02-29', '2011-06-29', '2022-01-17']","[127.69, 113.93, 120.58, 129.99, 125.88, 130.77, 130.32]"
100664161884,Auckland,OrongoPoint,1966-10-14,2022-01-17,55,7,7,7.83,16.13,0.14,0.07,0.2,123.33,0.2,4.91,0.46,0.17,124.17,0.13,1.93,0.56,"['1966-10-14', '1973-12-04', '1976-12-16', '1982-09-02', '1992-02-29', '2011-06-29', '2022-01-17']","[124.99, 118.73, 122.43, 134.86, 128.29, 133.16, 132.83]"
100664162883,Auckland,OrongoPoint,1966-10-14,2022-01-17,55,7,7,7.1,15.08,0.13,0.07,0.22,124.13,0.14,3.48,0.67,0.16,125.96,0.15,2.1,0.48,"['1966-10-14', '1973-12-04', '1976-12-16', '1982-09-02', '1992-02-29', '2011-06-29', '2022-01-17']","[126.13, 121.57, 123.5, 130.74, 131.94, 136.66, 133.22]"
100664198998,Auckland,OrongoPoint,1966-10-14,1992-02-29,25,4,4,-10.17,10.17,-0.4,0.18,-0.38,125.44,0.33,2.1,0.85,-0.36,125.23,0.29,0.63,0.86,"['1966-10-14', '1973-12-04', '1976-12-16', '1992-02-29']","[127.0, 122.51, 119.27, 116.83]"
100664199964,Auckland,OrongoPoint,1966-10-14,1992-02-29,25,4,4,-10.43,10.43,-0.41,0.18,-0.38,123.98,0.34,2.19,0.84,-0.36,123.71,0.31,0.66,0.85,"['1966-10-14', '1973-12-04', '1976-12-16', '1992-02-29']","[125.71, 120.75, 117.78, 115.28]"
100664200930,Auckland,OrongoPoint,1966-10-14,2022-01-17,55,7,7,-23.37,23.37,-0.42,0.07,-0.4,123.16,0.11,2.74,0.91,-0.38,122.58,0.08,1.08,0.95,"['1966-10-14', '1973-12-04', '1976-12-16', '1982-09-02', '1992-02-29', '2011-06-29', '2022-01-17']","[125.4, 118.27, 115.5, 120.46, 113.52, 104.29, 102.02]"
100664202301,Auckland,OrongoPoint,1966-10-14,2022-01-17,55,7,7,-23.75,23.75,-0.43,0.07,-0.38,121.33,0.12,2.99,0.89,-0.36,120.59,0.07,1.07,0.95,"['1966-10-14', '1973-12-04', '1976-12-16', '1982-09-02', '1992-02-29', '2011-06-29', '2022-01-17']","[125.02, 116.36, 113.16, 117.58, 112.41, 103.48, 101.28]"
100664203632,Auckland,OrongoPoint,1966-10-14,2022-01-17,55,7,7,-23.16,23.16,-0.42,0.07,-0.36,120.35,0.12,3.02,0.88,-0.34,119.45,0.08,1.1,0.94,"['1966-10-14', '1973-12-04', '1976-12-16', '1982-09-02', '1992-02-29', '2011-06-29', '2022-01-17']","[124.5, 115.26, 112.58, 115.84, 112.47, 103.14, 101.34]"
100664204935,Auckland,OrongoPoint,1966-10-14,2022-01-17,55,7,7,-18.09,19.46,-0.33,0.07,-0.29,118.29,0.14,3.43,0.79,-0.24,116.62,0.12,1.7,0.77,"['1966-10-14', '1973-12-04', '1976-12-16', '1982-09-02', '1992-02-29', '2011-06-29', '2022-01-17']","[122.39, 113.95, 110.94, 116.42, 110.55, 102.93, 104.3]"
100664205924,Auckland,OrongoPoint,1966-10-14,2022-01-17,55,7,7,-13.11,15.38,-0.24,0.07,-0.22,115.21,0.14,3.38,0.69,-0.17,113.61,0.12,1.76,0.61,"['1966-10-14', '1973-12-04', '1976-12-16', '1982-09-02', '1992-02-29', '2011-06-29', '2022-01-17']","[118.37, 112.31, 108.75, 115.48, 107.9, 102.99, 105.26]"
100664207134,Auckland,OrongoPoint,1966-10-14,2022-01-17,55,7,7,-8.66,12.04,-0.16,0.07,-0.14,111.85,0.13,3.31,0.47,-0.07,109.95,0.12,1.77,0.22,"['1966-10-14', '1973-12-04', '1976-12-16', '1982-09-02', '1992-02-29', '2011-06-29', '2022-01-17']","[115.69, 109.74, 106.88, 112.27, 105.63, 103.65, 107.03]"
100664208356,Auckland,OrongoPoint,1966-10-14,2022-01-17,55,7,7,-9.48,11.1,-0.17,0.07,-0.15,110.3,0.12,3.02,0.54,-0.09,108.85,0.09,1.33,0.44,"['1966-10-14', '1973-12-04', '1976-12-16', '1982-09-02', '1992-02-29', '2011-06-29', '2022-01-17']","[114.0, 107.91, 106.04, 110.37, 103.33, 102.91, 104.52]"
100664209350,Auckland,OrongoPoint,1966-10-14,2022-01-17,55,7,7,-10.76,12.4,-0.19,0.07,-0.18,109.13,0.12,2.86,0.65,-0.12,107.51,0.1,1.37,0.55,"['1966-10-14', '1973-12-04', '1976-12-16', '1982-09-02', '1992-02-29', '2011-06-29', '2022-01-17']","[112.59, 106.37, 105.4, 108.43, 101.25, 100.19, 101.82]"
100664210679,Auckland,OrongoPoint,1966-10-14,2022-01-17,55,7,7,-11.04,15.69,-0.2,0.07,-0.2,107.82,0.14,3.39,0.63,-0.11,105.13,0.16,2.24,0.27,"['1966-10-14', '1973-12-04', '1976-12-16', '1982-09-02', '1992-02-29', '2011-06-29', '2022-01-17']","[111.84, 104.93, 103.62, 106.39, 99.94, 96.15, 100.8]"
100664212027,Auckland,OrongoPoint,1966-10-14,2022-01-17,55,7,7,-11.8,17.4,-0.21,0.07,-0.21,106.77,0.15,3.76,0.61,-0.12,103.82,0.18,2.59,0.25,"['1966-10-14', '1973-12-04', '1976-12-16', '1982-09-02', '1992-02-29', '2011-06-29', '2022-01-17']","[111.09, 104.11, 101.32, 105.29, 99.06, 93.69, 99.29]"
100664213349,Auckland,OrongoPoint,1966-10-14,2022-01-17,55,7,7,-12.95,19.15,-0.23,0.07,-0.24,106.67,0.16,3.94,0.65,-0.13,103.46,0.2,2.86,0.27,"['1966-10-14', '1973-12-04', '1976-12-16', '1982-09-02', '1992-02-29', '2011-06-29', '2022-01-17']","[110.98, 103.53, 101.01, 104.98, 98.61, 91.83, 98.04]"
100664214729,Auckland,OrongoPoint,1966-10-14,2022-01-17,55,7,7,-14.13,19.02,-0.26,0.07,-0.25,107.1,0.15,3.76,0.69,-0.16,104.35,0.18,2.52,0.41,"['1966-10-14', '1973-12-04', '1976-12-16', '1982-09-02', '1992-02-29', '2011-06-29', '2022-01-17']","[111.33, 104.14, 100.7, 105.35, 98.99, 92.31, 97.2]"
100664216018,Auckland,OrongoPoint,1966-10-14,2022-01-17,55,7,7,-15.24,19.18,-0.28,0.07,-0.26,107.17,0.14,3.53,0.73,-0.18,104.67,0.16,2.24,0.51,"['1966-10-14', '1973-12-04', '1976-12-16', '1982-09-02', '1992-02-29', '2011-06-29', '2022-01-17']","[111.64, 104.74, 100.39, 104.0, 99.26, 92.46, 96.39]"
100664217286,Auckland,OrongoPoint,1966-10-14,2022-01-17,55,7,7,-14.49,18.75,-0.26,0.07,-0.25,106.43,0.14,3.52,0.71,-0.16,103.83,0.16,2.29,0.46,"['1966-10-14', '1973-12-04', '1976-12-16', '1982-09-02', '1992-02-29', '2011-06-29', '2022-01-17']","[110.9, 103.65, 100.08, 103.58, 98.97, 92.15, 96.42]"
100664218283,Auckland,OrongoPoint,1966-10-14,2022-01-17,55,7,7,-13.29,18.41,-0.24,0.07,-0.23,105.75,0.15,3.64,0.67,-0.14,102.93,0.17,2.5,0.35,"['1966-10-14', '1973-12-04', '1976-12-16', '1982-09-02', '1992-02-29', '2011-06-29', '2022-01-17']","[110.17, 102.97, 99.77, 103.38, 98.45, 91.76, 96.88]"
100664219279,Auckland,OrongoPoint,1966-10-14,2022-01-17,55,7,7,-12.1,16.51,-0.22,0.07,-0.19,105.03,0.15,3.8,0.56,-0.1,102.29,0.15,2.19,0.24,"['1966-10-14', '1973-12-04', '1976-12-16', '1982-09-02', '1992-02-29', '2011-06-29', '2022-01-17']","[110.58, 102.87, 99.56, 101.85, 97.63, 94.07, 98.48]"
100664220505,Auckland,OrongoPoint,1966-10-14,2022-01-17,55,7,7,-11.41,16.77,-0.21,0.07,-0.18,105.29,0.17,4.13,0.48,-0.07,102.17,0.17,2.44,0.12,"['1966-10-14', '1973-12-04', '1976-12-16', '1982-09-02', '1992-02-29', '2011-06-29', '2022-01-17']","[111.4, 103.12, 100.17, 101.7, 98.0, 94.62, 99.98]"
100664221500,Auckland,OrongoPoint,1966-10-14,2022-01-17,55,7,7,-11.86,17.41,-0.21,0.07,-0.19,105.92,0.17,4.27,0.49,-0.07,102.64,0.18,2.53,0.12,"['1966-10-14', '1973-12-04', '1976-12-16', '1982-09-02', '1992-02-29', '2011-06-29', '2022-01-17']","[112.22, 104.25, 100.93, 100.92, 98.43, 94.81, 100.36]"
100664222495,Auckland,OrongoPoint,1966-10-14,2022-01-17,55,7,7,-12.95,16.52,-0.23,0.07,-0.19,107.06,0.15,3.85,0.56,-0.1,104.44,0.14,1.99,0.3,"['1966-10-14', '1973-12-04', '1976-12-16', '1982-09-02', '1992-02-29', '2011-06-29', '2022-01-17']","[113.1, 105.39, 102.01, 101.43, 100.16, 96.58, 100.15]"
100664223490,Auckland,OrongoPoint,1966-10-14,2022-01-17,55,7,7,-13.89,15.76,-0.25,0.07,-0.19,107.68,0.15,3.68,0.58,-0.12,105.66,0.11,1.55,0.5,"['1966-10-14', '1973-12-04', '1976-12-16', '1982-09-02', '1992-02-29', '2011-06-29', '2022-01-17']","[113.86, 105.24, 101.97, 103.15, 101.11, 98.1, 99.97]"
100664224484,Auckland,OrongoPoint,1966-10-14,2022-01-17,55,7,7,-12.78,13.83,-0.23,0.07,-0.17,107.38,0.14,3.45,0.54,-0.11,105.84,0.09,1.28,0.55,"['1966-10-14', '1973-12-04', '1976-12-16', '1982-09-02', '1992-02-29', '2011-06-29', '2022-01-17']","[113.2, 104.98, 101.6, 103.67, 102.24, 99.38, 100.42]"
100664225349,Auckland,OrongoPoint,1966-10-14,2022-01-17,55,7,7,-11.11,12.25,-0.2,0.07,-0.14,107.31,0.13,3.16,0.49,-0.09,105.95,0.08,1.18,0.5,"['1966-10-14', '1973-12-04', '1976-12-16', '1982-09-02', '1992-02-29', '2011-06-29', '2022-01-17']","[112.57, 104.72, 102.01, 104.25, 104.03, 100.32, 101.46]"
100664226345,Auckland,OrongoPoint,1966-10-14,2022-01-17,55,7,7,-10.5,10.83,-0.19,0.07,-0.13,107.65,0.11,2.8,0.51,-0.09,106.64,0.07,0.95,0.62,"['1966-10-14', '1973-12-04', '1976-12-16', '1982-09-02', '1992-02-29', '2011-06-29', '2022-01-17']","[112.3, 104.79, 103.04, 104.86, 105.15, 101.47, 101.81]"
100664227102,Auckland,OrongoPoint,1966-10-14,2022-01-17,55,7,7,-9.09,9.1,-0.16,0.07,-0.1,107.79,0.11,2.62,0.44,-0.08,107.04,0.06,0.83,0.6,"['1966-10-14', '1973-12-04', '1976-12-16', '1982-09-02', '1992-02-29', '2011-06-29', '2022-01-17']","[112.04, 105.17, 103.3, 106.28, 105.42, 102.94, 102.95]"
100664228100,Auckland,OrongoPoint,1966-10-14,2022-01-17,55,7,7,-7.34,8.67,-0.13,0.07,-0.08,107.36,0.11,2.68,0.29,-0.05,106.55,0.06,0.86,0.32,"['1966-10-14', '1973-12-04', '1976-12-16', '1982-09-02', '1992-02-29', '2011-06-29', '2022-01-17']","[111.67, 105.33, 103.01, 106.67, 104.66, 103.9, 104.33]"
100664228846,Auckland,OrongoPoint,1966-10-14,2022-01-17,55,7,7,-8.74,9.55,-0.16,0.07,-0.07,106.92,0.12,3.0,0.23,-0.08,107.17,0.08,1.08,0.45,"['1966-10-14', '1973-12-04', '1976-12-16', '1982-09-02', '1992-02-29', '2011-06-29', '2022-01-17']","[111.27, 104.65, 101.73, 106.63, 104.85, 105.13, 102.53]"
100664229612,Auckland,OrongoPoint,1966-10-14,2022-01-17,55,7,7,-6.46,9.24,-0.12,0.07,-0.04,107.07,0.12,3.0,0.09,-0.02,106.54,0.06,0.91,0.1,"['1966-10-14', '1973-12-04', '1976-12-16', '1982-09-02', '1992-02-29', '2011-06-29', '2022-01-17']","[111.79, 104.48, 102.55, 107.1, 106.14, 105.43, 105.33]"
100664230482,Auckland,OrongoPoint,1966-10-14,2022-01-17,55,7,7,-5.84,9.6,-0.11,0.07,-0.05,108.45,0.13,3.24,0.11,0.0,106.88,0.09,1.35,0.0,"['1966-10-14', '1973-12-04', '1976-12-16', '1982-09-02', '1992-02-29', '2011-06-29', '2022-01-17']","[113.59, 106.03, 103.99, 108.04, 106.92, 104.94, 107.75]"
100664231307,Auckland,OrongoPoint,1966-10-14,2022-01-17,55,7,7,-4.44,8.58,-0.08,0.07,-0.05,109.21,0.12,3.0,0.14,0.0,107.42,0.12,1.67,0.0,"['1966-10-14', '1973-12-04', '1976-12-16', '1982-09-02', '1992-02-29', '2011-06-29', '2022-01-17']","[113.04, 107.14, 105.03, 110.08, 107.41, 104.46, 108.6]"
100664231960,Auckland,OrongoPoint,1966-10-14,2022-01-17,55,7,7,-4.76,7.16,-0.09,0.07,-0.07,109.39,0.1,2.54,0.27,-0.04,108.34,0.09,1.26,0.14,"['1966-10-14', '1973-12-04', '1976-12-16', '1982-09-02', '1992-02-29', '2011-06-29', '2022-01-17']","[111.67, 107.04, 105.66, 111.35, 107.55, 104.52, 106.92]"
100664232691,Auckland,OrongoPoint,1966-10-14,2022-01-17,55,7,7,-4.46,6.31,-0.08,0.07,-0.06,108.84,0.1,2.47,0.21,-0.03,108.11,0.07,1.04,0.16,"['1966-10-14', '1973-12-04', '1976-12-16', '1982-09-02', '1992-02-29', '2011-06-29', '2022-01-17']","[111.14, 106.94, 104.84, 110.89, 107.22, 105.07, 106.69]"
100664233419,Auckland,OrongoPoint,1966-10-14,2022-01-17,55,7,7,1.18,8.36,0.02,0.07,0.03,103.98,0.12,2.86,0.04,0.02,104.07,0.07,1.07,0.04,"['1966-10-14', '1973-12-04', '1976-12-16', '1982-09-02', '1992-02-29', '2011-06-29', '2022-01-17']","[104.07, 102.49, 101.04, 109.4, 105.86, 103.97, 105.24]"
100664234412,Auckland,OrongoPoint,1966-10-14,2022-01-17,55,7,7,1.57,9.33,0.03,0.07,0.05,99.88,0.14,3.45,0.11,0.04,100.04,0.09,1.26,0.14,"['1966-10-14', '1973-12-04', '1976-12-16', '1982-09-02', '1992-02-29', '2011-06-29', '2022-01-17']","[100.76, 97.61, 96.31, 105.63, 104.17, 100.95, 102.33]"
100664235406,Auckland,OrongoPoint,1966-10-14,2022-01-17,55,7,7,0.69,11.38,0.01,0.07,0.09,95.64,0.17,4.16,0.2,0.06,96.45,0.1,1.5,0.19,"['1966-10-14', '1973-12-04', '1976-12-16', '1982-09-02', '1992-02-29', '2011-06-29', '2022-01-17']","[98.41, 92.8, 90.86, 100.73, 102.25, 99.88, 99.1]"
100664236399,Auckland,OrongoPoint,1966-10-14,2022-01-17,55,7,7,0.6,13.51,0.01,0.07,0.14,91.51,0.2,4.91,0.28,0.12,91.71,0.12,1.66,0.48,"['1966-10-14', '1973-12-04', '1976-12-16', '1982-09-02', '1992-02-29', '2011-06-29', '2022-01-17']","[97.49, 88.27, 86.73, 93.44, 100.24, 98.13, 98.09]"
100664237393,Auckland,OrongoPoint,1966-10-14,2022-01-17,55,7,7,-1.18,13.69,-0.02,0.07,0.12,89.26,0.24,5.91,0.18,0.14,88.51,0.13,1.93,0.46,"['1966-10-14', '1973-12-04', '1976-12-16', '1982-09-02', '1992-02-29', '2011-06-29', '2022-01-17']","[97.23, 86.0, 85.12, 86.37, 98.81, 94.66, 96.05]"
100664238386,Auckland,OrongoPoint,1966-10-14,2022-01-17,55,7,7,-0.61,15.52,-0.01,0.07,0.13,88.3,0.27,6.76,0.15,0.16,86.76,0.16,2.35,0.45,"['1966-10-14', '1973-12-04', '1976-12-16', '1982-09-02', '1992-02-29', '2011-06-29', '2022-01-17']","[96.88, 85.05, 84.04, 84.04, 99.55, 92.47, 96.27]"
100664239647,Auckland,OrongoPoint,1966-10-14,2022-01-17,55,7,7,-0.08,18.77,-0.0,0.07,0.15,87.41,0.31,7.64,0.17,0.18,86.13,0.18,2.63,0.43,"['1966-10-14', '1973-12-04', '1976-12-16', '1982-09-02', '1992-02-29', '2011-06-29', '2022-01-17']","[96.33, 84.14, 82.52, 82.83, 101.29, 92.74, 96.25]"
100664240984,Auckland,OrongoPoint,1966-10-14,2022-01-17,55,7,7,2.25,21.01,0.04,0.07,0.21,85.33,0.32,8.02,0.26,0.21,84.74,0.19,2.73,0.5,"['1966-10-14', '1973-12-04', '1976-12-16', '1982-09-02', '1992-02-29', '2011-06-29', '2022-01-17']","[94.13, 82.65, 80.69, 81.02, 101.7, 94.18, 96.38]"
100664241983,Auckland,OrongoPoint,1966-10-14,2022-01-17,55,7,7,3.25,22.49,0.06,0.07,0.23,84.12,0.33,8.28,0.28,0.21,84.05,0.2,2.88,0.48,"['1966-10-14', '1973-12-04', '1976-12-16', '1982-09-02', '1992-02-29', '2011-06-29', '2022-01-17']","[92.26, 82.01, 79.61, 79.61, 102.1, 94.24, 95.51]"
100664243568,Auckland,OrongoPoint,1966-10-14,2022-01-17,55,7,7,4.37,23.85,0.08,0.07,0.25,82.78,0.34,8.4,0.31,0.23,82.86,0.21,2.96,0.51,"['1966-10-14', '1973-12-04', '1976-12-16', '1982-09-02', '1992-02-29', '2011-06-29', '2022-01-17']","[90.82, 81.45, 78.89, 77.43, 101.28, 94.3, 95.19]"
100664244791,Auckland,OrongoPoint,1966-10-14,2022-01-17,55,7,7,6.28,20.92,0.11,0.07,0.28,81.5,0.3,7.43,0.41,0.26,81.72,0.18,2.64,0.62,"['1966-10-14', '1973-12-04', '1976-12-16', '1982-09-02', '1992-02-29', '2011-06-29', '2022-01-17']","[89.22, 80.97, 78.09, 77.57, 98.49, 94.87, 95.51]"
100664245791,Auckland,OrongoPoint,1966-10-14,2022-01-17,55,7,7,7.21,20.51,0.13,0.07,0.31,80.1,0.3,7.44,0.46,0.3,80.31,0.19,2.68,0.67,"['1966-10-14', '1973-12-04', '1976-12-16', '1982-09-02', '1992-02-29', '2011-06-29', '2022-01-17']","[88.73, 80.29, 77.09, 75.64, 96.16, 95.73, 95.94]"
100664246791,Auckland,OrongoPoint,1966-10-14,2022-01-17,55,7,7,8.5,22.46,0.15,0.07,0.35,77.85,0.3,7.42,0.52,0.33,78.52,0.2,2.85,0.69,"['1966-10-14', '1973-12-04', '1976-12-16', '1982-09-02', '1992-02-29', '2011-06-29', '2022-01-17']","[87.07, 79.39, 74.13, 74.2, 92.98, 96.59, 95.58]"
100664247790,Auckland,OrongoPoint,1966-10-14,2022-01-17,55,7,7,14.14,26.37,0.26,0.07,0.45,73.81,0.28,7.02,0.67,0.42,74.92,0.21,2.96,0.77,"['1966-10-14', '1973-12-04', '1976-12-16', '1982-09-02', '1992-02-29', '2011-06-29', '2022-01-17']","[82.42, 76.54, 71.42, 72.17, 90.42, 97.79, 96.56]"
100664248790,Auckland,OrongoPoint,1973-12-04,2022-01-17,48,6,6,26.92,34.41,0.56,0.06,0.73,67.83,0.37,7.64,0.81,0.57,71.77,0.34,4.14,0.76,"['1973-12-04', '1976-12-16', '1982-09-02', '1992-02-29', '2011-06-29', '2022-01-17']","[70.02, 64.7, 68.36, 91.86, 99.11, 96.93]"
100664249665,Auckland,OrongoPoint,1973-12-04,2022-01-17,48,5,5,31.96,36.08,0.66,0.06,0.78,66.75,0.57,9.65,0.78,0.6,71.39,0.55,5.45,0.69,"['1973-12-04', '1982-09-02', '1992-02-29', '2011-06-29', '2022-01-17']","[65.76, 64.68, 92.56, 100.76, 97.72]"
100664250665,Auckland,OrongoPoint,1973-12-04,2022-01-17,48,5,5,28.86,33.27,0.6,0.06,0.71,70.18,0.48,8.14,0.8,0.55,74.56,0.5,4.94,0.7,"['1973-12-04', '1982-09-02', '1992-02-29', '2011-06-29', '2022-01-17']","[69.92, 68.64, 92.18, 101.91, 98.79]"
100664251474,Auckland,OrongoPoint,1973-12-04,2022-01-17,48,5,5,27.57,32.71,0.57,0.06,0.69,72.03,0.45,7.68,0.81,0.53,76.45,0.49,4.89,0.69,"['1973-12-04', '1982-09-02', '1992-02-29', '2011-06-29', '2022-01-17']","[72.21, 70.55, 92.52, 103.26, 99.78]"
100664252284,Auckland,OrongoPoint,1966-10-14,2022-01-17,55,7,7,15.44,34.3,0.28,0.07,0.55,73.07,0.36,8.94,0.66,0.51,74.8,0.31,4.37,0.7,"['1966-10-14', '1973-12-04', '1976-12-16', '1982-09-02', '1992-02-29', '2011-06-29', '2022-01-17']","[85.19, 74.17, 72.12, 70.79, 91.24, 105.09, 100.62]"
100664253284,Auckland,OrongoPoint,1966-10-14,2022-01-17,55,7,7,17.0,36.47,0.31,0.07,0.6,72.59,0.37,9.12,0.68,0.55,74.67,0.33,4.8,0.69,"['1966-10-14', '1973-12-04', '1976-12-16', '1982-09-02', '1992-02-29', '2011-06-29', '2022-01-17']","[85.34, 74.28, 71.87, 71.53, 89.31, 108.01, 102.34]"
100664254284,Auckland,OrongoPoint,1966-10-14,2022-01-17,55,7,7,18.41,35.04,0.33,0.07,0.59,71.48,0.36,9.06,0.68,0.6,72.38,0.31,4.39,0.76,"['1966-10-14', '1973-12-04', '1976-12-16', '1982-09-02', '1992-02-29', '2011-06-29', '2022-01-17']","[84.95, 74.35, 71.93, 72.37, 80.1, 106.97, 103.36]"
100664264012,Auckland,OrongoPoint,1966-10-14,2022-01-17,55,7,7,19.56,37.23,0.35,0.07,0.61,71.22,0.38,9.52,0.68,0.61,72.9,0.36,5.11,0.7,"['1966-10-14', '1973-12-04', '1976-12-16', '1982-09-02', '1992-02-29', '2011-06-29', '2022-01-17']","[84.07, 75.47, 72.23, 72.56, 78.37, 109.46, 103.63]"
100664264701,Auckland,OrongoPoint,1966-10-14,2022-01-17,55,7,7,22.93,40.61,0.41,0.07,0.68,70.28,0.39,9.68,0.71,0.67,72.09,0.36,5.17,0.74,"['1966-10-14', '1973-12-04', '1976-12-16', '1982-09-02', '1992-02-29', '2011-06-29', '2022-01-17']","[83.34, 75.58, 70.97, 72.48, 79.54, 111.58, 106.27]"
100664265115,Auckland,OrongoPoint,1966-10-14,2022-01-17,55,7,7,24.64,43.09,0.45,0.07,0.73,69.87,0.4,10.07,0.73,0.7,72.41,0.41,5.88,0.7,"['1966-10-14', '1973-12-04', '1976-12-16', '1982-09-02', '1992-02-29', '2011-06-29', '2022-01-17']","[82.88, 75.05, 71.77, 72.29, 80.43, 114.85, 107.52]"
100233598431,Auckland,PollenIsland,1940-04-14,2003-01-01,63,9,9,44.15,44.15,0.7,0.05,0.64,234.27,0.17,5.34,0.88,0.65,234.2,0.18,2.36,0.87,"['1940-04-14', '1955-09-09', '1961-11-02', '1966-08-01', '1966-08-01', '1980-10-24', '1987-11-12', '2003-01-01', '2003-01-01']","[231.29, 241.83, 254.44, 258.27, 245.18, 256.89, 270.09, 270.17, 275.44]"
100233598432,Auckland,PollenIsland,1940-04-14,2012-01-01,72,10,10,32.2,41.96,0.45,0.03,0.52,235.39,0.15,5.91,0.84,0.46,236.45,0.16,4.48,0.78,"['1940-04-14', '1955-09-09', '1961-11-02', '1966-08-01', '1966-08-01', '1980-10-24', '1987-11-12', '2003-01-01', '2012-01-01', '2012-01-01']","[232.15, 239.49, 252.96, 255.49, 241.68, 256.77, 266.47, 270.32, 274.11, 264.35]"
100233598663,Auckland,PollenIsland,1940-04-14,2024-01-01,84,12,12,42.35,42.35,0.51,0.03,0.47,235.45,0.1,4.85,0.89,0.49,233.61,0.14,5.21,0.79,"['1940-04-14', '1955-09-09', '1961-11-02', '1966-08-01', '1966-08-01', '1980-10-24', '1987-11-12', '2003-01-01', '2012-01-01', '2012-01-01', '2017-01-01', '2024-01-01']","[232.87, 240.61, 250.9, 251.26, 241.66, 255.02, 264.51, 266.02, 270.74, 259.62, 274.0, 275.22]"
100233599255,Auckland,PollenIsland,1940-04-14,2024-01-01,84,11,11,41.84,41.84,0.5,0.03,0.43,237.56,0.1,4.76,0.88,0.45,235.03,0.17,5.8,0.72,"['1940-04-14', '1955-09-09', '1961-11-02', '1966-08-01', '1980-10-24', '1987-11-12', '2003-01-01', '2012-01-01', '2012-01-01', '2017-01-01', '2024-01-01']","[232.52, 244.58, 250.34, 249.98, 253.76, 263.94, 264.48, 271.04, 257.4, 271.13, 274.36]"
100233599362,Auckland,PollenIsland,1940-04-14,2024-01-01,84,10,10,43.74,43.74,0.52,0.03,0.48,237.08,0.09,3.97,0.93,0.43,238.32,0.12,3.93,0.85,"['1940-04-14', '1955-09-09', '1961-11-02', '1966-08-01', '1980-10-24', '1987-11-12', '2003-01-01', '2012-01-01', '2017-01-01', '2024-01-01']","[231.16, 246.44, 251.34, 248.2, 255.92, 264.89, 268.48, 273.89, 268.27, 274.89]"
100233599453,Auckland,PollenIsland,1940-04-14,2012-01-01,72,8,8,44.86,44.86,0.63,0.03,0.59,234.91,0.11,3.57,0.95,0.58,235.12,0.07,1.61,0.98,"['1940-04-14', '1955-09-09', '1961-11-02', '1966-08-01', '1980-10-24', '1987-11-12', '2003-01-01', '2012-01-01']","[231.72, 247.26, 252.93, 246.38, 256.01, 264.72, 271.86, 276.57]"
100233600009,Auckland,PollenIsland,1940-04-14,2012-01-01,72,8,8,44.83,44.83,0.63,0.03,0.6,236.03,0.11,3.52,0.95,0.6,236.03,0.07,1.59,0.98,"['1940-04-14', '1955-09-09', '1961-11-02', '1966-08-01', '1980-10-24', '1987-11-12', '2003-01-01', '2012-01-01']","[234.22, 247.71, 254.57, 247.15, 256.98, 264.34, 274.49, 279.06]"
100233600313,Auckland,PollenIsland,1940-04-14,2012-01-01,72,8,8,46.67,46.67,0.65,0.03,0.62,236.09,0.09,2.85,0.97,0.63,236.04,0.05,1.28,0.99,"['1940-04-14', '1955-09-09', '1961-11-02', '1966-08-01', '1980-10-24', '1987-11-12', '2003-01-01', '2012-01-01']","[234.36, 248.14, 253.81, 249.02, 258.3, 265.8, 275.48, 281.03]"
100233600314,Auckland,PollenIsland,1940-04-14,2012-01-01,72,8,8,46.06,46.06,0.64,0.03,0.66,235.33,0.11,3.6,0.96,0.62,235.9,0.07,1.67,0.98,"['1940-04-14', '1955-09-09', '1961-11-02', '1966-08-01', '1980-10-24', '1987-11-12', '2003-01-01', '2012-01-01']","[234.34, 247.87, 252.2, 246.33, 261.63, 270.9, 277.68, 280.4]"
100233600760,Auckland,PollenIsland,1940-04-14,2012-01-01,72,8,8,48.39,48.39,0.67,0.03,0.71,235.24,0.15,4.95,0.94,0.66,236.16,0.1,2.32,0.96,"['1940-04-14', '1955-09-09', '1961-11-02', '1966-08-01', '1980-10-24', '1987-11-12', '2003-01-01', '2012-01-01']","[234.4, 245.56, 256.94, 246.18, 263.79, 274.62, 281.32, 282.79]"
100233601279,Auckland,PollenIsland,1940-04-14,2024-01-01,84,10,10,61.06,61.06,0.73,0.03,0.67,240.52,0.13,5.89,0.92,0.65,240.96,0.09,3.02,0.96,"['1940-04-14', '1955-09-09', '1961-11-02', '1966-08-01', '1980-10-24', '1987-11-12', '2003-01-01', '2012-01-01', '2017-01-01', '2024-01-01']","[233.67, 257.68, 262.94, 248.84, 267.07, 277.44, 281.99, 286.59, 292.34, 294.74]"
100233601280,Auckland,PollenIsland,1940-04-14,2024-01-01,84,9,9,61.78,63.95,0.74,0.03,0.78,237.12,0.1,4.06,0.97,0.68,241.95,0.17,4.91,0.89,"['1940-04-14', '1961-11-02', '1966-08-01', '1980-10-24', '1987-11-12', '2003-01-01', '2012-01-01', '2017-01-01', '2024-01-01']","[233.65, 255.57, 254.84, 269.66, 280.72, 287.2, 293.5, 297.6, 295.44]"
100233601437,Auckland,PollenIsland,1940-04-14,2024-01-01,84,9,9,60.69,69.5,0.73,0.03,0.86,237.24,0.15,6.51,0.94,0.7,246.12,0.32,9.38,0.71,"['1940-04-14', '1961-11-02', '1966-08-01', '1980-10-24', '1987-11-12', '2003-01-01', '2012-01-01', '2017-01-01', '2024-01-01']","[236.74, 251.61, 253.98, 277.82, 284.94, 294.82, 300.97, 306.24, 297.43]"
100233601935,Auckland,PollenIsland,1940-04-14,2024-01-01,84,9,9,69.83,74.35,0.83,0.03,0.84,243.5,0.17,7.28,0.92,0.68,250.52,0.24,6.93,0.81,"['1940-04-14', '1961-11-02', '1966-08-01', '1980-10-24', '1987-11-12', '2003-01-01', '2012-01-01', '2017-01-01', '2024-01-01']","[232.64, 266.32, 267.33, 281.55, 287.95, 303.93, 302.15, 306.99, 302.47]"
100233602362,Auckland,PollenIsland,1966-08-01,2024-01-01,57,7,7,31.23,38.33,0.54,0.04,0.54,284.03,0.28,7.05,0.76,0.31,293.14,0.45,7.85,0.28,"['1966-08-01', '1980-10-24', '1987-11-12', '2003-01-01', '2012-01-01', '2017-01-01', '2024-01-01']","[275.16, 294.36, 303.1, 308.75, 308.92, 313.49, 306.4]"
100233602957,Auckland,PollenIsland,1961-11-02,2024-01-01,62,8,8,30.56,34.92,0.49,0.04,0.55,278.53,0.16,5.18,0.88,0.43,282.97,0.25,5.51,0.65,"['1961-11-02', '1966-08-01', '1980-10-24', '1987-11-12', '2003-01-01', '2012-01-01', '2017-01-01', '2024-01-01']","[275.51, 275.86, 292.57, 300.69, 302.73, 305.49, 310.44, 306.07]"
100233603219,Auckland,PollenIsland,1961-11-02,2024-01-01,62,8,8,32.49,35.32,0.52,0.04,0.56,276.04,0.14,4.49,0.91,0.46,279.81,0.21,4.57,0.76,"['1961-11-02', '1966-08-01', '1980-10-24', '1987-11-12', '2003-01-01', '2012-01-01', '2017-01-01', '2024-01-01']","[272.82, 274.98, 289.14, 297.44, 302.54, 303.63, 308.15, 305.32]"
100233603220,Auckland,PollenIsland,1940-04-14,2024-01-01,84,10,10,48.26,49.99,0.58,0.03,0.64,255.5,0.09,4.3,0.95,0.56,259.13,0.12,4.1,0.9,"['1940-04-14', '1955-09-09', '1961-11-02', '1966-08-01', '1980-10-24', '1987-11-12', '2003-01-01', '2012-01-01', '2017-01-01', '2024-01-01']","[254.23, 259.35, 270.17, 272.53, 284.9, 292.75, 298.37, 301.77, 304.22, 302.49]"
100233603493,Auckland,PollenIsland,1940-04-14,2024-01-01,84,9,9,66.6,66.6,0.8,0.03,0.77,246.1,0.15,6.45,0.93,0.64,249.87,0.13,4.16,0.93,"['1940-04-14', '1955-09-09', '1961-11-02', '1966-08-01', '1980-10-24', '1987-11-12', '2003-01-01', '2012-01-01', '2024-01-01']","[235.22, 260.06, 267.61, 265.9, 281.38, 289.37, 296.63, 299.72, 301.83]"
100233604059,Auckland,PollenIsland,1940-04-14,2024-01-01,84,9,9,64.72,66.92,0.77,0.03,0.82,244.31,0.11,4.56,0.97,0.68,249.64,0.17,5.47,0.89,"['1940-04-14', '1955-09-09', '1961-11-02', '1966-08-01', '1980-10-24', '1987-11-12', '2003-01-01', '2012-01-01', '2024-01-01']","[239.24, 257.4, 264.37, 264.5, 278.76, 286.64, 298.93, 306.16, 303.96]"
100233604626,Auckland,PollenIsland,1940-04-14,2012-01-01,72,7,7,64.17,64.17,0.89,0.03,0.97,240.56,0.15,4.67,0.97,0.93,241.16,0.1,2.12,0.98,"['1940-04-14', '1961-11-02', '1966-08-01', '1980-10-24', '1987-11-12', '2003-01-01', '2012-01-01']","[242.97, 258.45, 260.02, 284.21, 292.09, 302.36, 307.14]"
100233605559,Auckland,PollenIsland,1940-04-14,2024-01-01,84,9,9,63.06,64.9,0.75,0.03,0.8,252.3,0.11,4.5,0.97,0.69,257.42,0.17,4.95,0.89,"['1940-04-14', '1961-11-02', '1966-08-01', '1980-10-24', '1987-11-12', '2003-01-01', '2012-01-01', '2017-01-01', '2024-01-01']","[248.47, 270.15, 271.05, 286.08, 297.24, 306.0, 309.86, 313.37, 311.53]"
100233606390,Auckland,PollenIsland,1940-04-14,2024-01-01,84,8,8,63.63,63.63,0.76,0.03,0.84,246.72,0.16,5.93,0.95,0.7,251.79,0.18,4.95,0.91,"['1940-04-14', '1961-11-02', '1966-08-01', '1980-10-24', '1987-11-12', '2003-01-01', '2012-01-01', '2024-01-01']","[244.86, 264.63, 262.1, 285.21, 293.17, 304.58, 307.82, 308.49]"
100233608171,Auckland,PollenIsland,1940-04-14,2012-01-01,72,8,8,66.54,66.54,0.93,0.03,0.94,244.73,0.16,5.47,0.95,0.85,246.04,0.11,2.65,0.97,"['1940-04-14', '1955-09-09', '1961-11-02', '1966-08-01', '1980-10-24', '1987-11-12', '2003-01-01', '2012-01-01']","[239.97, 263.24, 267.52, 262.58, 287.91, 294.85, 303.21, 306.51]"
100233609357,Auckland,PollenIsland,1955-09-09,2012-01-01,56,6,6,46.57,46.57,0.83,0.04,0.9,259.9,0.26,5.71,0.93,0.82,260.19,0.15,2.57,0.97,"['1955-09-09', '1961-11-02', '1966-08-01', '1980-10-24', '1987-11-12', '2012-01-01']","[259.28, 265.85, 263.05, 288.02, 294.6, 305.84]"
100233610206,Auckland,PollenIsland,1955-09-09,2012-01-01,56,6,6,46.66,46.66,0.83,0.04,0.9,258.94,0.28,6.07,0.92,0.81,259.3,0.16,2.74,0.97,"['1955-09-09', '1961-11-02', '1966-08-01', '1980-10-24', '1987-11-12', '2012-01-01']","[257.67, 265.17, 262.08, 287.2, 294.32, 304.34]"
100233611054,Auckland,PollenIsland,1955-09-09,2012-01-01,56,6,6,44.93,44.93,0.8,0.04,0.85,257.77,0.22,4.79,0.94,0.79,257.98,0.12,2.16,0.98,"['1955-09-09', '1961-11-02', '1966-08-01', '1980-10-24', '1987-11-12', '2012-01-01']","[257.25, 264.46, 260.78, 283.18, 289.82, 302.19]"
100233611903,Auckland,PollenIsland,1940-04-14,2012-01-01,72,7,7,69.26,69.26,0.97,0.03,0.93,240.15,0.22,6.4,0.93,0.83,241.91,0.14,3.17,0.97,"['1940-04-14', '1955-09-09', '1961-11-02', '1966-08-01', '1980-10-24', '1987-11-12', '2012-01-01']","[231.15, 259.9, 264.34, 262.9, 281.63, 288.72, 300.41]"
100233612752,Auckland,PollenIsland,1940-04-14,2012-01-01,72,7,7,58.73,58.73,0.82,0.03,0.79,246.63,0.17,4.77,0.95,0.71,248.06,0.11,2.39,0.97,"['1940-04-14', '1955-09-09', '1961-11-02', '1966-08-01', '1980-10-24', '1987-11-12', '2012-01-01']","[239.4, 262.51, 265.87, 269.11, 279.52, 287.73, 298.13]"
100233612959,Auckland,PollenIsland,1940-04-14,2012-01-01,72,7,7,54.81,54.81,0.76,0.03,0.74,247.57,0.15,4.23,0.95,0.69,248.42,0.09,2.01,0.98,"['1940-04-14', '1955-09-09', '1961-11-02', '1966-08-01', '1980-10-24', '1987-11-12', '2012-01-01']","[242.65, 262.46, 268.03, 263.62, 277.63, 286.12, 297.46]"
100233613174,Auckland,PollenIsland,1955-09-09,2012-01-01,56,6,6,35.83,35.83,0.64,0.04,0.63,258.49,0.1,2.52,0.98,0.66,258.26,0.07,1.21,0.99,"['1955-09-09', '1961-11-02', '1966-08-01', '1980-10-24', '2003-01-01', '2012-01-01']","[259.87, 264.92, 262.01, 272.83, 287.57, 295.7]"
100233614007,Auckland,PollenIsland,1955-09-09,2012-01-01,56,5,5,39.31,39.31,0.7,0.04,0.73,252.43,0.09,1.9,0.99,0.73,252.35,0.06,0.88,1.0,"['1955-09-09', '1961-11-02', '1966-08-01', '2003-01-01', '2012-01-01']","[254.36, 257.09, 257.72, 286.92, 293.67]"
100233614840,Auckland,PollenIsland,1961-11-02,2012-01-01,50,5,5,44.12,44.12,0.88,0.05,0.93,252.77,0.13,2.47,0.99,0.88,252.9,0.1,1.22,0.99,"['1961-11-02', '1966-08-01', '1980-10-24', '2003-01-01', '2012-01-01']","[252.76, 255.35, 272.37, 293.22, 296.88]"
100233615759,Auckland,PollenIsland,1961-11-02,2012-01-01,50,4,4,49.64,49.64,0.99,0.05,0.97,252.94,0.45,6.08,0.95,0.92,252.6,0.33,2.71,0.97,"['1961-11-02', '1980-10-24', '2003-01-01', '2012-01-01']","[248.64, 277.99, 293.47, 298.28]"
100233615901,Auckland,PollenIsland,1955-09-09,2012-01-01,56,6,6,37.12,45.89,0.66,0.04,0.83,254.75,0.27,6.59,0.91,0.8,254.71,0.17,2.97,0.96,"['1955-09-09', '1961-11-02', '1966-08-01', '1980-10-24', '2003-01-01', '2012-01-01']","[262.37, 253.6, 257.37, 280.77, 296.17, 299.49]"
100233616168,Auckland,PollenIsland,1955-09-09,2012-01-01,56,6,6,35.22,43.13,0.63,0.04,0.8,256.98,0.27,6.45,0.91,0.77,256.96,0.17,2.93,0.96,"['1955-09-09', '1961-11-02', '1966-08-01', '1980-10-24', '2003-01-01', '2012-01-01']","[264.63, 256.72, 258.44, 281.31, 297.29, 299.85]"
100233628508,Auckland,PollenIsland,1955-09-09,2012-01-01,56,6,6,40.03,44.31,0.71,0.04,0.86,256.12,0.24,5.89,0.93,0.82,256.12,0.15,2.66,0.97,"['1955-09-09', '1961-11-02', '1966-08-01', '1980-10-24', '2003-01-01', '2012-01-01']","[262.02, 257.74, 258.18, 282.88, 298.87, 302.05]"
100233628509,Auckland,PollenIsland,1940-04-14,2012-01-01,72,7,7,52.3,53.71,0.73,0.03,0.86,244.12,0.28,8.72,0.89,0.87,243.54,0.18,3.93,0.95,"['1940-04-14', '1955-09-09', '1961-11-02', '1966-08-01', '1980-10-24', '2003-01-01', '2012-01-01']","[253.99, 258.43, 252.58, 255.67, 285.94, 300.99, 306.29]"
100233629313,Auckland,PollenIsland,1940-04-14,2012-01-01,72,7,7,45.76,51.4,0.64,0.03,0.8,247.15,0.28,8.82,0.87,0.83,246.37,0.18,4.03,0.94,"['1940-04-14', '1955-09-09', '1961-11-02', '1966-08-01', '1980-10-24', '2003-01-01', '2012-01-01']","[260.2, 254.56, 256.6, 258.24, 284.41, 300.43, 305.96]"
100233629314,Auckland,PollenIsland,1940-04-14,2012-01-01,72,6,6,40.44,49.07,0.56,0.03,0.69,252.16,0.36,9.27,0.81,0.76,250.81,0.21,4.35,0.94,"['1940-04-14', '1955-09-09', '1961-11-02', '1966-08-01', '1980-10-24', '2012-01-01']","[265.02, 256.39, 260.39, 262.34, 284.04, 305.45]"
100233629315,Auckland,PollenIsland,1940-04-14,2012-01-01,72,6,6,37.8,40.94,0.53,0.03,0.61,257.38,0.29,7.39,0.84,0.67,256.18,0.17,3.51,0.95,"['1940-04-14', '1955-09-09', '1961-11-02', '1966-08-01', '1980-10-24', '2012-01-01']","[267.17, 264.8, 264.03, 266.0, 284.73, 304.97]"
100233629316,Auckland,PollenIsland,1940-04-14,2012-01-01,72,6,6,38.23,38.23,0.53,0.03,0.58,259.4,0.14,3.54,0.95,0.61,258.92,0.08,1.66,0.99,"['1940-04-14', '1955-09-09', '1961-11-02', '1966-08-01', '1980-10-24', '2012-01-01']","[264.49, 264.73, 269.43, 273.42, 283.77, 302.72]"
100233629317,Auckland,PollenIsland,1940-04-14,2012-01-01,72,4,4,45.67,45.67,0.64,0.03,0.66,254.88,0.13,2.33,0.99,0.67,254.77,0.08,1.09,1.0,"['1940-04-14', '1955-09-09', '1980-10-24', '2012-01-01']","[256.96, 262.56, 281.01, 302.63]"
100233629318,Auckland,PollenIsland,1940-04-14,2012-01-01,72,3,3,57.27,57.27,0.8,0.03,0.8,249.74,0.2,1.6,1.0,0.81,249.77,0.14,0.71,1.0,"['1940-04-14', '1980-10-24', '2012-01-01']","[250.31, 280.7, 307.57]"
100233630048,Auckland,PollenIsland,1940-04-14,2012-01-01,72,4,4,58.83,58.83,0.82,0.03,0.83,245.2,0.1,1.87,1.0,0.81,245.25,0.06,0.81,1.0,"['1940-04-14', '1955-09-09', '1980-10-24', '2012-01-01']","[244.74, 257.31, 281.07, 303.57]"
100233630179,Auckland,PollenIsland,1940-04-14,2012-01-01,72,4,4,54.25,54.25,0.76,0.03,0.8,246.11,0.24,4.5,0.98,0.77,246.11,0.14,1.94,0.99,"['1940-04-14', '1955-09-09', '1980-10-24', '2012-01-01']","[247.25, 254.41, 282.91, 301.5]"
100233630180,Auckland,PollenIsland,1940-04-14,1980-10-24,41,4,4,33.09,33.09,0.82,0.08,0.81,242.55,0.12,1.22,0.99,0.81,242.54,0.13,0.56,0.99,"['1940-04-14', '1955-09-09', '1961-11-02', '1980-10-24']","[242.03, 256.41, 259.13, 275.12]"
100233630181,Auckland,PollenIsland,1940-04-14,1980-10-24,41,4,4,29.65,29.65,0.73,0.08,0.72,245.76,0.23,2.27,0.98,0.71,245.81,0.25,1.03,0.97,"['1940-04-14', '1955-09-09', '1961-11-02', '1980-10-24']","[245.9, 258.54, 258.62, 275.55]"
100233632242,Auckland,PollenIsland,1987-11-12,2024-01-01,36,5,5,-71.13,81.87,-1.97,0.07,-2.18,147.13,1.75,20.77,0.74,-2.87,162.06,1.67,15.03,0.84,"['1987-11-12', '2003-01-01', '2012-01-01', '2017-01-01', '2024-01-01']","[130.38, 141.12, 103.75, 72.8, 59.25]"
100233632243,Auckland,PollenIsland,2003-01-01,2024-01-01,21,4,4,-187.54,187.54,-8.93,0.12,-9.11,255.45,3.81,19.95,0.96,-6.68,215.07,4.04,24.13,0.92,"['2003-01-01', '2012-01-01', '2017-01-01', '2024-01-01']","[267.58, 161.65, 111.89, 80.04]"
100233632244,Auckland,PollenIsland,2003-01-01,2024-01-01,21,4,4,-142.97,142.97,-6.81,0.12,-7.4,293.42,5.98,31.34,0.87,-8.58,309.11,8.36,49.9,0.82,"['2003-01-01', '2012-01-01', '2017-01-01', '2024-01-01']","[279.94, 263.06, 168.15, 136.97]"
100233632245,Auckland,PollenIsland,2003-01-01,2024-01-01,21,4,4,-26.66,26.66,-1.27,0.12,-1.33,279.56,0.54,2.84,0.96,-1.38,280.08,0.84,5.0,0.92,"['2003-01-01', '2012-01-01', '2017-01-01', '2024-01-01']","[278.59, 270.69, 258.58, 251.93]"
100233632246,Auckland,PollenIsland,2003-01-01,2024-01-01,21,4,4,16.34,26.93,0.78,0.12,1.01,274.69,2.17,11.39,0.48,1.23,272.49,3.34,19.95,0.37,"['2003-01-01', '2012-01-01', '2017-01-01', '2024-01-01']","[278.6, 271.43, 298.35, 294.94]"
100233632247,Auckland,PollenIsland,1980-10-24,2024-01-01,43,7,7,47.95,128.73,1.11,0.06,0.09,263.24,2.27,45.94,0.0,0.41,251.56,1.36,19.03,0.07,"['1980-10-24', '1987-11-12', '1987-11-12', '2003-01-01', '2012-01-01', '2017-01-01', '2024-01-01']","[223.39, 234.69, 352.12, 250.79, 256.24, 266.89, 271.34]"
100233632248,Auckland,PollenIsland,1980-10-24,2024-01-01,43,7,7,45.11,117.3,1.04,0.06,0.03,266.2,2.05,41.37,0.0,0.42,251.89,1.26,17.6,0.08,"['1980-10-24', '1987-11-12', '1987-11-12', '2003-01-01', '2012-01-01', '2017-01-01', '2024-01-01']","[228.52, 243.24, 345.82, 253.35, 258.81, 264.7, 273.63]"
100233632249,Auckland,PollenIsland,1961-11-02,2024-01-01,62,7,7,-61.8,106.48,-0.99,0.04,-0.48,283.24,1.38,37.17,0.09,-0.06,273.73,1.03,18.57,0.0,"['1961-11-02', '1980-10-24', '1987-11-12', '2003-01-01', '2012-01-01', '2017-01-01', '2024-01-01']","[336.66, 230.18, 233.47, 253.8, 260.96, 270.1, 274.86]"
100233632250,Auckland,PollenIsland,1980-10-24,2024-01-01,43,6,6,44.0,44.0,1.02,0.06,1.01,231.15,0.07,1.27,1.0,0.98,232.44,0.16,1.94,0.98,"['1980-10-24', '1987-11-12', '2003-01-01', '2012-01-01', '2017-01-01', '2024-01-01']","[230.0, 239.23, 254.57, 261.82, 269.13, 274.0]"
100233632251,Auckland,PollenIsland,1955-09-09,2024-01-01,68,9,9,-63.24,108.88,-0.93,0.03,-1.0,319.8,1.09,38.27,0.3,-0.59,308.68,0.74,18.34,0.24,"['1955-09-09', '1966-08-01', '1980-10-24', '1980-10-24', '1987-11-12', '2003-01-01', '2012-01-01', '2017-01-01', '2024-01-01']","[337.59, 334.98, 230.92, 339.8, 241.18, 256.05, 262.38, 272.83, 274.36]"
100233632847,Auckland,PollenIsland,1955-09-09,2024-01-01,68,9,9,-57.65,106.53,-0.84,0.03,-1.01,324.07,1.02,38.25,0.33,-0.66,315.24,0.68,18.8,0.33,"['1955-09-09', '1961-11-02', '1966-08-01', '1980-10-24', '1980-10-24', '1987-11-12', '2012-01-01', '2017-01-01', '2024-01-01']","[334.71, 335.27, 333.25, 232.73, 339.26, 238.94, 263.03, 274.43, 277.06]"
100233633134,Auckland,PollenIsland,1955-09-09,2024-01-01,68,9,9,-55.12,97.89,-0.81,0.03,-0.98,322.72,0.96,35.94,0.35,-0.64,314.17,0.64,17.64,0.35,"['1955-09-09', '1961-11-02', '1966-08-01', '1980-10-24', '1980-10-24', '1987-11-12', '2012-01-01', '2017-01-01', '2024-01-01']","[332.43, 333.92, 331.26, 237.46, 335.35, 239.73, 265.14, 272.65, 277.31]"
100233633135,Auckland,PollenIsland,1955-09-09,2024-01-01,68,9,9,-52.65,92.66,-0.77,0.03,-1.01,334.64,0.76,28.12,0.48,-0.78,324.52,0.55,14.99,0.51,"['1955-09-09', '1961-11-02', '1966-08-01', '1980-10-24', '1987-11-12', '1987-11-12', '2012-01-01', '2017-01-01', '2024-01-01']","[330.63, 332.7, 330.35, 329.8, 332.03, 240.04, 266.57, 275.44, 277.97]"
100233633136,Auckland,PollenIsland,1966-08-01,2024-01-01,57,8,8,-48.76,84.04,-0.85,0.04,-1.05,320.41,1.1,29.54,0.36,-0.53,302.29,0.83,15.77,0.2,"['1966-08-01', '1980-10-24', '1987-11-12', '1987-11-12', '2003-01-01', '2012-01-01', '2017-01-01', '2024-01-01']","[326.35, 327.94, 329.41, 245.37, 259.39, 265.03, 274.66, 277.59]"
100233633600,Auckland,PollenIsland,1940-04-14,2024-01-01,84,9,9,-41.55,80.76,-0.5,0.03,-0.79,330.63,0.6,25.27,0.47,-0.52,317.1,0.52,14.96,0.34,"['1940-04-14', '1961-11-02', '1966-08-01', '1987-11-12', '1987-11-12', '2003-01-01', '2012-01-01', '2017-01-01', '2024-01-01']","[323.5, 326.61, 322.71, 326.72, 245.96, 261.68, 267.44, 273.26, 281.95]"
100233634600,Auckland,PollenIsland,1940-04-14,2024-01-01,84,10,10,-48.18,91.83,-0.58,0.03,-0.9,338.77,0.57,26.37,0.52,-0.66,328.3,0.43,14.21,0.5,"['1940-04-14', '1955-09-09', '1961-11-02', '1966-08-01', '1987-11-12', '1987-11-12', '2003-01-01', '2012-01-01', '2017-01-01', '2024-01-01']","[328.88, 332.61, 329.71, 327.12, 334.39, 242.56, 260.42, 268.95, 274.4, 280.71]"
100233636347,Auckland,PollenIsland,1940-04-14,2024-01-01,84,9,9,-48.03,89.18,-0.57,0.03,-0.91,335.35,0.54,24.19,0.6,-0.61,325.16,0.45,14.28,0.48,"['1940-04-14', '1955-09-09', '1961-11-02', '1966-08-01', '1987-11-12', '2003-01-01', '2012-01-01', '2017-01-01', '2024-01-01']","[329.01, 331.86, 330.75, 328.87, 242.68, 259.43, 268.05, 277.51, 280.98]"
100233637342,Auckland,PollenIsland,1940-04-14,2024-01-01,84,8,8,-53.0,76.32,-0.63,0.03,-0.98,347.79,0.36,15.85,0.82,-0.73,335.23,0.5,15.08,0.57,"['1940-04-14', '1955-09-09', '1961-11-02', '1966-08-01', '2003-01-01', '2012-01-01', '2017-01-01', '2024-01-01']","[336.28, 336.8, 335.84, 335.11, 260.48, 266.92, 276.49, 283.28]"
100233638334,Auckland,PollenIsland,1940-04-14,2024-01-01,84,8,8,-56.54,83.09,-0.68,0.03,-1.03,350.64,0.39,16.99,0.82,-0.78,338.36,0.49,14.9,0.61,"['1940-04-14', '1955-09-09', '1961-11-02', '1966-08-01', '2003-01-01', '2012-01-01', '2017-01-01', '2024-01-01']","[338.68, 337.46, 339.82, 337.21, 256.74, 267.78, 275.06, 282.14]"
100233639242,Auckland,PollenIsland,1940-04-14,2024-01-01,84,7,7,-55.33,73.06,-0.66,0.03,-0.95,352.87,0.31,12.67,0.89,-0.8,342.43,0.51,14.76,0.67,"['1940-04-14', '1955-09-09', '1961-11-02', '1966-08-01', '2012-01-01', '2017-01-01', '2024-01-01']","[338.32, 340.04, 342.28, 340.21, 269.22, 277.83, 282.99]"
100233639243,Auckland,PollenIsland,1940-04-14,2024-01-01,84,9,9,-57.26,106.06,-0.68,0.03,-0.94,357.91,0.67,30.87,0.5,-0.84,347.06,0.58,17.99,0.52,"['1940-04-14', '1955-09-09', '1961-11-02', '1966-08-01', '2003-01-01', '2003-01-01', '2012-01-01', '2017-01-01', '2024-01-01']","[343.06, 344.69, 345.63, 344.07, 359.74, 253.69, 269.88, 278.52, 285.8]"
100233640134,Auckland,PollenIsland,1940-04-14,2024-01-01,84,12,12,-61.69,130.87,-0.74,0.03,-0.41,334.61,0.91,49.09,0.06,-0.64,332.2,0.61,23.46,0.27,"['1940-04-14', '1940-04-14', '1955-09-09', '1961-11-02', '1966-08-01', '1980-10-24', '1987-11-12', '2003-01-01', '2003-01-01', '2012-01-01', '2017-01-01', '2024-01-01']","[347.16, 233.93, 348.84, 349.89, 349.53, 359.51, 364.81, 364.3, 254.09, 273.63, 277.49, 285.46]"
100233649154,Auckland,PollenIsland,1940-04-14,2024-01-01,84,8,8,54.84,54.84,0.66,0.03,0.68,240.6,0.12,4.76,0.95,0.75,238.02,0.1,3.25,0.97,"['1940-04-14', '1955-09-09', '1961-11-02', '1966-08-01', '1980-10-24', '1987-11-12', '2012-01-01', '2024-01-01']","[247.73, 252.36, 251.57, 255.73, 262.58, 270.49, 289.01, 302.57]"
100233649737,Auckland,PollenIsland,1940-04-14,2024-01-01,84,8,8,52.95,52.95,0.63,0.03,0.68,240.47,0.11,4.19,0.96,0.71,240.28,0.06,2.02,0.99,"['1940-04-14', '1955-09-09', '1961-11-02', '1966-08-01', '1980-10-24', '1987-11-12', '2012-01-01', '2024-01-01']","[246.81, 252.21, 252.21, 255.15, 263.22, 270.19, 292.27, 299.76]"
100233649750,Auckland,PollenIsland,1940-04-14,2024-01-01,84,8,8,53.85,53.85,0.64,0.03,0.69,240.68,0.11,4.31,0.96,0.73,240.66,0.07,2.15,0.99,"['1940-04-14', '1955-09-09', '1961-11-02', '1966-08-01', '1980-10-24', '1987-11-12', '2012-01-01', '2024-01-01']","[247.38, 251.52, 253.63, 256.06, 264.48, 269.67, 294.08, 301.23]"
100233650608,Auckland,PollenIsland,1940-04-14,2024-01-01,84,8,8,60.27,60.27,0.72,0.03,0.75,239.4,0.14,5.38,0.95,0.82,238.33,0.08,2.5,0.98,"['1940-04-14', '1955-09-09', '1961-11-02', '1966-08-01', '1980-10-24', '1987-11-12', '2012-01-01', '2024-01-01']","[246.81, 251.81, 254.06, 257.24, 262.7, 269.94, 296.63, 307.08]"
100233650609,Auckland,PollenIsland,1940-04-14,2012-01-01,72,7,7,47.29,47.29,0.66,0.03,0.67,241.74,0.19,5.54,0.91,0.77,240.02,0.12,2.78,0.97,"['1940-04-14', '1955-09-09', '1961-11-02', '1966-08-01', '1980-10-24', '1987-11-12', '2012-01-01']","[249.05, 251.61, 253.66, 256.34, 262.58, 272.43, 296.34]"
100233651043,Auckland,PollenIsland,1940-04-14,2012-01-01,72,8,8,46.27,46.27,0.65,0.03,0.69,242.86,0.16,5.28,0.92,0.76,241.64,0.11,2.54,0.97,"['1940-04-14', '1955-09-09', '1961-11-02', '1966-08-01', '1980-10-24', '1987-11-12', '2003-01-01', '2012-01-01']","[250.78, 253.82, 253.77, 257.37, 265.12, 272.87, 289.74, 297.05]"
100233651476,Auckland,PollenIsland,1940-04-14,2012-01-01,72,8,8,53.31,53.31,0.74,0.03,0.74,242.24,0.19,6.18,0.91,0.87,239.91,0.14,3.29,0.96,"['1940-04-14', '1955-09-09', '1961-11-02', '1966-08-01', '1980-10-24', '1987-11-12', '2003-01-01', '2012-01-01']","[250.44, 254.7, 254.19, 258.7, 266.11, 272.28, 289.28, 303.74]"
100233651477,Auckland,PollenIsland,1940-04-14,2024-01-01,84,9,9,57.7,57.7,0.69,0.03,0.75,242.53,0.13,5.27,0.95,0.8,241.91,0.08,2.53,0.98,"['1940-04-14', '1955-09-09', '1961-11-02', '1966-08-01', '1980-10-24', '1987-11-12', '2003-01-01', '2012-01-01', '2024-01-01']","[251.28, 255.66, 255.45, 257.03, 267.61, 273.76, 290.12, 300.28, 308.98]"
100233661392,Auckland,PollenIsland,1940-04-14,2024-01-01,84,9,9,57.97,57.97,0.69,0.03,0.74,243.74,0.13,5.34,0.95,0.82,242.05,0.08,2.67,0.98,"['1940-04-14', '1955-09-09', '1961-11-02', '1966-08-01', '1980-10-24', '1987-11-12', '2003-01-01', '2012-01-01', '2024-01-01']","[252.99, 256.25, 256.68, 257.57, 269.13, 275.16, 289.94, 299.85, 310.96]"
100233663367,Auckland,PollenIsland,1940-04-14,2024-01-01,84,9,9,56.37,56.37,0.67,0.03,0.74,244.08,0.13,5.6,0.94,0.79,243.35,0.08,2.7,0.98,"['1940-04-14', '1955-09-09', '1961-11-02', '1966-08-01', '1980-10-24', '1987-11-12', '2003-01-01', '2012-01-01', '2024-01-01']","[253.25, 257.96, 255.29, 257.5, 269.44, 274.72, 290.43, 301.03, 309.61]"
100233664363,Auckland,PollenIsland,1940-04-14,2024-01-01,84,9,9,54.41,54.41,0.65,0.03,0.73,244.66,0.14,5.7,0.94,0.77,244.54,0.09,2.81,0.98,"['1940-04-14', '1955-09-09', '1961-11-02', '1966-08-01', '1980-10-24', '1987-11-12', '2003-01-01', '2012-01-01', '2024-01-01']","[254.34, 257.39, 256.11, 257.93, 269.36, 274.71, 292.36, 301.47, 308.75]"
100233665358,Auckland,PollenIsland,1940-04-14,2024-01-01,84,9,9,55.69,55.69,0.67,0.03,0.75,244.1,0.14,6.02,0.93,0.8,243.58,0.09,2.91,0.98,"['1940-04-14', '1955-09-09', '1961-11-02', '1966-08-01', '1980-10-24', '1987-11-12', '2003-01-01', '2012-01-01', '2024-01-01']","[254.7, 256.2, 256.17, 258.16, 268.56, 274.67, 291.75, 302.19, 310.39]"
100233666354,Auckland,PollenIsland,1940-04-14,2012-01-01,72,7,7,46.36,46.88,0.65,0.03,0.67,246.11,0.23,6.73,0.87,0.8,243.86,0.15,3.46,0.96,"['1940-04-14', '1955-09-09', '1961-11-02', '1966-08-01', '1980-10-24', '1987-11-12', '2012-01-01']","[255.75, 255.23, 256.41, 259.29, 269.51, 273.72, 302.11]"
100233667871,Auckland,PollenIsland,1940-04-14,1966-08-01,26,4,4,3.21,3.21,0.12,0.12,0.11,255.11,0.08,0.52,0.89,0.11,255.11,0.08,0.24,0.89,"['1940-04-14', '1955-09-09', '1961-11-02', '1966-08-01']","[255.19, 256.84, 256.87, 258.4]"
100233668867,Auckland,PollenIsland,1940-04-14,1966-08-01,26,3,3,3.51,3.51,0.13,0.12,0.11,255.05,0.36,1.12,0.8,0.11,255.04,0.36,0.52,0.8,"['1940-04-14', '1961-11-02', '1966-08-01']","[255.2, 256.62, 258.71]"
100233669864,Auckland,PollenIsland,1940-04-14,1966-08-01,26,3,3,5.12,5.12,0.19,0.12,0.16,254.0,0.52,1.63,0.8,0.17,253.99,0.52,0.75,0.8,"['1940-04-14', '1961-11-02', '1966-08-01']","[254.22, 256.28, 259.34]"
100233670860,Auckland,PollenIsland,1940-04-14,1966-08-01,26,3,3,5.93,5.93,0.23,0.12,0.18,253.18,0.7,2.21,0.73,0.19,253.17,0.71,1.02,0.73,"['1940-04-14', '1961-11-02', '1966-08-01']","[253.48, 255.45, 259.41]"
100233671855,Auckland,PollenIsland,1940-04-14,1966-08-01,26,3,3,5.71,5.71,0.22,0.12,0.21,253.16,0.2,0.62,0.98,0.21,253.16,0.2,0.29,0.98,"['1940-04-14', '1961-11-02', '1966-08-01']","[253.25, 257.12, 258.96]"
100233672851,Auckland,PollenIsland,1940-04-14,1966-08-01,26,4,4,5.38,5.83,0.2,0.12,0.23,253.61,0.18,1.26,0.86,0.23,253.61,0.18,0.57,0.87,"['1940-04-14', '1955-09-09', '1961-11-02', '1966-08-01']","[253.89, 255.88, 259.72, 259.27]"
100233673847,Auckland,PollenIsland,1940-04-14,1966-08-01,26,4,4,6.19,6.19,0.24,0.12,0.23,253.66,0.1,0.71,0.95,0.23,253.65,0.1,0.32,0.95,"['1940-04-14', '1955-09-09', '1961-11-02', '1966-08-01']","[253.99, 256.41, 258.38, 260.18]"
100233674842,Auckland,PollenIsland,1940-04-14,1966-08-01,26,4,4,6.9,6.9,0.26,0.12,0.26,252.7,0.02,0.15,1.0,0.26,252.7,0.02,0.07,1.0,"['1940-04-14', '1955-09-09', '1961-11-02', '1966-08-01']","[252.66, 256.88, 258.18, 259.56]"
100233675838,Auckland,PollenIsland,1940-04-14,1966-08-01,26,4,4,8.5,8.5,0.32,0.12,0.31,252.62,0.06,0.41,0.99,0.31,252.62,0.06,0.19,0.99,"['1940-04-14', '1955-09-09', '1961-11-02', '1966-08-01']","[252.58, 257.75, 258.94, 261.08]"
100233676834,Auckland,PollenIsland,1940-04-14,1966-08-01,26,4,4,7.69,7.69,0.29,0.12,0.27,253.5,0.13,0.89,0.95,0.27,253.49,0.13,0.41,0.95,"['1940-04-14', '1955-09-09', '1961-11-02', '1966-08-01']","[253.79, 257.3, 258.55, 261.48]"
100233677829,Auckland,PollenIsland,1940-04-14,1966-08-01,26,4,4,7.5,7.5,0.29,0.12,0.26,253.55,0.17,1.17,0.91,0.26,253.54,0.17,0.54,0.9,"['1940-04-14', '1955-09-09', '1961-11-02', '1966-08-01']","[253.97, 256.92, 258.16, 261.48]"
100233678799,Auckland,PollenIsland,1940-04-14,1966-08-01,26,4,4,5.93,5.93,0.23,0.12,0.21,254.2,0.12,0.79,0.93,0.21,254.2,0.12,0.36,0.93,"['1940-04-14', '1955-09-09', '1961-11-02', '1966-08-01']","[254.26, 257.63, 257.72, 260.19]"
100233679194,Auckland,PollenIsland,1940-04-14,1966-08-01,26,4,4,5.65,5.65,0.21,0.12,0.19,255.08,0.16,1.07,0.86,0.19,255.07,0.16,0.5,0.86,"['1940-04-14', '1955-09-09', '1961-11-02', '1966-08-01']","[255.22, 258.15, 257.89, 260.87]"
100233680188,Auckland,PollenIsland,1940-04-14,1966-08-01,26,4,4,3.76,3.76,0.14,0.12,0.13,256.47,0.07,0.51,0.93,0.13,256.47,0.08,0.23,0.93,"['1940-04-14', '1955-09-09', '1961-11-02', '1966-08-01']","[256.56, 258.51, 258.71, 260.32]"
100233681183,Auckland,PollenIsland,1940-04-14,2024-01-01,84,5,5,51.95,51.95,0.62,0.03,0.67,248.87,0.23,6.15,0.94,0.72,248.19,0.12,2.93,0.99,"['1940-04-14', '1955-09-09', '1961-11-02', '1966-08-01', '2024-01-01']","[256.34, 258.47, 259.57, 260.81, 308.28]"
100233681772,Auckland,PollenIsland,1940-04-14,2024-01-01,84,5,5,53.65,53.65,0.64,0.03,0.69,248.5,0.22,6.02,0.95,0.73,247.84,0.12,2.87,0.99,"['1940-04-14', '1955-09-09', '1961-11-02', '1966-08-01', '2024-01-01']","[255.68, 258.83, 259.36, 261.02, 309.33]"
100233682521,Auckland,PollenIsland,1940-04-14,2024-01-01,84,5,5,53.23,53.23,0.64,0.03,0.69,248.85,0.22,5.98,0.95,0.73,248.19,0.11,2.85,0.99,"['1940-04-14', '1955-09-09', '1961-11-02', '1966-08-01', '2024-01-01']","[256.12, 258.68, 259.92, 261.34, 309.35]"
100233683514,Auckland,PollenIsland,1940-04-14,2024-01-01,84,5,5,51.78,51.78,0.62,0.03,0.67,249.0,0.21,5.58,0.95,0.71,248.41,0.11,2.65,0.99,"['1940-04-14', '1955-09-09', '1961-11-02', '1966-08-01', '2024-01-01']","[256.16, 257.64, 259.35, 262.8, 307.94]"
100233688906,Auckland,PollenIsland,1940-04-14,1966-08-01,26,4,4,3.76,3.76,0.14,0.12,0.13,257.51,0.18,1.24,0.67,0.13,257.5,0.18,0.57,0.67,"['1940-04-14', '1955-09-09', '1961-11-02', '1966-08-01']","[258.09, 258.23, 259.82, 261.85]"
100233689903,Auckland,PollenIsland,1940-04-14,2024-01-01,84,5,5,46.18,46.18,0.55,0.03,0.61,251.3,0.22,5.95,0.93,0.65,250.65,0.11,2.83,0.98,"['1940-04-14', '1955-09-09', '1961-11-02', '1966-08-01', '2024-01-01']","[258.74, 259.3, 260.56, 262.12, 304.92]"
100233705828,Auckland,PollenIsland,1940-04-14,2024-01-01,84,5,5,47.59,48.2,0.57,0.03,0.63,250.19,0.23,6.18,0.93,0.67,249.53,0.12,2.94,0.98,"['1940-04-14', '1955-09-09', '1961-11-02', '1966-08-01', '2024-01-01']","[258.14, 257.53, 260.15, 261.79, 305.73]"
100233706808,Auckland,PollenIsland,1940-04-14,2024-01-01,84,5,5,48.39,48.39,0.58,0.03,0.63,250.92,0.22,5.88,0.94,0.67,250.28,0.11,2.8,0.98,"['1940-04-14', '1955-09-09', '1961-11-02', '1966-08-01', '2024-01-01']","[258.05, 260.15, 259.92, 262.6, 306.44]"
100233707787,Auckland,PollenIsland,1940-04-14,1966-08-01,26,4,4,4.84,4.84,0.18,0.12,0.15,258.24,0.25,1.67,0.6,0.15,258.23,0.25,0.77,0.6,"['1940-04-14', '1955-09-09', '1961-11-02', '1966-08-01']","[258.86, 259.59, 260.05, 263.7]"
100233708766,Auckland,PollenIsland,1940-04-14,1966-08-01,26,4,4,3.89,3.89,0.15,0.12,0.11,258.83,0.25,1.66,0.47,0.11,258.82,0.25,0.77,0.48,"['1940-04-14', '1955-09-09', '1961-11-02', '1966-08-01']","[259.49, 259.49, 260.06, 263.38]"
100233709746,Auckland,PollenIsland,1940-04-14,1966-08-01,26,4,4,3.03,3.03,0.12,0.12,0.1,258.54,0.12,0.79,0.74,0.1,258.53,0.12,0.37,0.74,"['1940-04-14', '1955-09-09', '1961-11-02', '1966-08-01']","[258.81, 259.64, 259.95, 261.85]"
100233710271,Auckland,PollenIsland,1940-04-14,1966-08-01,26,4,4,5.12,5.12,0.19,0.12,0.15,258.48,0.29,2.0,0.54,0.16,258.46,0.3,0.92,0.54,"['1940-04-14', '1955-09-09', '1961-11-02', '1966-08-01']","[259.31, 259.39, 260.55, 264.43]"
100233711252,Auckland,PollenIsland,1940-04-14,1966-08-01,26,4,4,5.37,5.37,0.2,0.12,0.19,258.6,0.23,1.56,0.74,0.19,258.59,0.23,0.72,0.74,"['1940-04-14', '1955-09-09', '1961-11-02', '1966-08-01']","[259.34, 259.82, 262.3, 264.71]"
100233712233,Auckland,PollenIsland,1940-04-14,1966-08-01,26,4,4,4.82,4.82,0.18,0.12,0.15,259.45,0.16,1.09,0.8,0.16,259.44,0.16,0.5,0.8,"['1940-04-14', '1955-09-09', '1961-11-02', '1966-08-01']","[259.69, 261.76, 261.63, 264.5]"
100233712743,Auckland,PollenIsland,1940-04-14,1966-08-01,26,4,4,3.89,3.89,0.15,0.12,0.11,260.46,0.24,1.66,0.45,0.11,260.45,0.25,0.77,0.46,"['1940-04-14', '1955-09-09', '1961-11-02', '1966-08-01']","[261.02, 261.41, 261.34, 264.91]"
100233713070,Auckland,PollenIsland,1940-04-14,1966-08-01,26,4,4,4.19,4.19,0.16,0.12,0.12,260.28,0.21,1.46,0.58,0.12,260.27,0.22,0.67,0.59,"['1940-04-14', '1955-09-09', '1961-11-02', '1966-08-01']","[260.73, 261.68, 261.58, 264.92]"
100233714055,Auckland,PollenIsland,1940-04-14,1966-08-01,26,4,4,5.64,5.64,0.21,0.12,0.17,259.81,0.31,2.13,0.57,0.18,259.79,0.32,0.98,0.57,"['1940-04-14', '1955-09-09', '1961-11-02', '1966-08-01']","[260.73, 260.78, 262.39, 266.37]"
100233714682,Auckland,PollenIsland,1940-04-14,2024-01-01,84,5,5,52.99,52.99,0.63,0.03,0.69,252.02,0.21,5.65,0.95,0.73,251.45,0.11,2.68,0.99,"['1940-04-14', '1955-09-09', '1961-11-02', '1966-08-01', '2024-01-01']","[259.48, 259.76, 263.05, 267.0, 312.46]"
100233714761,Auckland,PollenIsland,1940-04-14,2024-01-01,84,5,5,54.76,54.76,0.65,0.03,0.71,251.63,0.19,5.27,0.96,0.74,251.09,0.1,2.5,0.99,"['1940-04-14', '1955-09-09', '1961-11-02', '1966-08-01', '2024-01-01']","[258.56, 259.87, 263.77, 266.69, 313.32]"
100233715649,Auckland,PollenIsland,1940-04-14,2024-01-01,84,5,5,58.9,58.9,0.7,0.03,0.75,251.19,0.18,4.97,0.97,0.78,250.66,0.1,2.37,0.99,"['1940-04-14', '1955-09-09', '1961-11-02', '1966-08-01', '2024-01-01']","[257.52, 261.24, 264.31, 266.85, 316.42]"
100233715650,Auckland,PollenIsland,1940-04-14,2024-01-01,84,5,5,60.41,60.41,0.72,0.03,0.78,250.41,0.2,5.52,0.96,0.81,249.83,0.11,2.62,0.99,"['1940-04-14', '1955-09-09', '1961-11-02', '1966-08-01', '2024-01-01']","[257.63, 259.92, 263.6, 267.11, 318.04]"
100233716471,Auckland,PollenIsland,1940-04-14,2024-01-01,84,5,5,59.6,59.6,0.71,0.03,0.77,250.74,0.21,5.62,0.96,0.81,250.15,0.11,2.67,0.99,"['1940-04-14', '1955-09-09', '1961-11-02', '1966-08-01', '2024-01-01']","[258.06, 260.11, 263.92, 266.85, 317.67]"
100233716615,Auckland,PollenIsland,1940-04-14,2024-01-01,84,5,5,59.6,59.6,0.71,0.03,0.76,250.49,0.19,5.06,0.97,0.8,249.97,0.1,2.4,0.99,"['1940-04-14', '1955-09-09', '1961-11-02', '1966-08-01', '2024-01-01']","[257.14, 259.45, 264.45, 266.93, 316.74]"
100233716780,Auckland,PollenIsland,1940-04-14,2024-01-01,84,5,5,58.71,58.71,0.7,0.03,0.75,250.46,0.19,5.29,0.97,0.79,249.91,0.1,2.51,0.99,"['1940-04-14', '1955-09-09', '1961-11-02', '1966-08-01', '2024-01-01']","[257.24, 259.32, 264.82, 265.68, 315.95]"
100233717580,Auckland,PollenIsland,1940-04-14,2024-01-01,84,5,5,61.07,61.07,0.73,0.03,0.78,249.89,0.18,4.89,0.97,0.81,249.39,0.09,2.32,0.99,"['1940-04-14', '1955-09-09', '1961-11-02', '1966-08-01', '2024-01-01']","[256.14, 259.07, 265.18, 266.14, 317.22]"
100233717581,Auckland,PollenIsland,1940-04-14,2024-01-01,84,5,5,60.76,60.76,0.73,0.03,0.77,250.15,0.16,4.34,0.98,0.8,249.72,0.08,2.05,0.99,"['1940-04-14', '1955-09-09', '1961-11-02', '1966-08-01', '2024-01-01']","[255.63, 259.0, 266.01, 266.7, 316.4]"
100233717827,Auckland,PollenIsland,1940-04-14,1966-08-01,26,4,4,11.41,11.41,0.43,0.12,0.46,255.09,0.33,2.24,0.89,0.46,255.09,0.33,1.02,0.89,"['1940-04-14', '1955-09-09', '1961-11-02', '1966-08-01']","[255.88, 259.51, 266.53, 267.29]"
100233718490,Auckland,PollenIsland,1940-04-14,1966-08-01,26,4,4,12.8,12.8,0.49,0.12,0.49,253.87,0.23,1.57,0.95,0.49,253.87,0.23,0.72,0.95,"['1940-04-14', '1955-09-09', '1961-11-02', '1966-08-01']","[254.58, 259.45, 264.88, 267.38]"
100233718491,Auckland,PollenIsland,1940-04-14,1966-08-01,26,4,4,13.6,13.6,0.52,0.12,0.53,253.06,0.12,0.83,0.99,0.53,253.05,0.12,0.38,0.99,"['1940-04-14', '1955-09-09', '1961-11-02', '1966-08-01']","[253.35, 260.18, 264.98, 266.95]"
100233719326,Auckland,PollenIsland,1940-04-14,1966-08-01,26,4,4,12.91,12.91,0.49,0.12,0.47,253.23,0.16,1.12,0.97,0.47,253.23,0.17,0.52,0.97,"['1940-04-14', '1955-09-09', '1961-11-02', '1966-08-01']","[253.73, 259.53, 262.84, 266.64]"
100233719401,Auckland,PollenIsland,1940-04-14,2024-01-01,84,5,5,64.21,64.21,0.77,0.03,0.81,247.51,0.16,4.35,0.98,0.84,247.11,0.08,2.05,0.99,"['1940-04-14', '1955-09-09', '1961-11-02', '1966-08-01', '2024-01-01']","[253.18, 256.42, 263.75, 266.3, 317.39]"
100233719860,Auckland,PollenIsland,1940-04-14,2024-01-01,84,5,5,63.78,63.78,0.76,0.03,0.8,248.7,0.15,4.09,0.98,0.83,248.29,0.08,1.94,1.0,"['1940-04-14', '1955-09-09', '1961-11-02', '1966-08-01', '2024-01-01']","[254.12, 258.79, 263.53, 267.43, 317.9]"
100233738635,Auckland,PollenIsland,1940-04-14,2024-01-01,84,5,5,62.73,62.73,0.75,0.03,0.8,248.9,0.17,4.71,0.97,0.83,248.42,0.09,2.23,0.99,"['1940-04-14', '1955-09-09', '1961-11-02', '1966-08-01', '2024-01-01']","[255.02, 259.39, 262.59, 266.82, 317.75]"
100233738683,Auckland,PollenIsland,1940-04-14,2024-01-01,84,6,6,60.68,60.68,0.72,0.03,0.77,249.3,0.14,4.27,0.97,0.81,248.64,0.07,2.05,0.99,"['1940-04-14', '1955-09-09', '1961-11-02', '1966-08-01', '1987-11-12', '2024-01-01']","[255.82, 258.64, 263.23, 266.63, 285.04, 316.5]"
100233739568,Auckland,PollenIsland,1940-04-14,2024-01-01,84,6,6,67.51,67.51,0.81,0.03,0.84,247.3,0.14,4.48,0.97,0.89,246.52,0.08,2.17,0.99,"['1940-04-14', '1955-09-09', '1961-11-02', '1966-08-01', '1987-11-12', '2024-01-01']","[253.6, 259.88, 261.51, 266.41, 285.12, 321.1]"
100233739569,Auckland,PollenIsland,1940-04-14,1987-11-12,48,5,5,33.2,33.2,0.7,0.07,0.71,249.3,0.2,2.92,0.96,0.7,249.51,0.21,1.28,0.95,"['1940-04-14', '1955-09-09', '1961-11-02', '1966-08-01', '1987-11-12']","[252.42, 258.25, 262.78, 266.49, 285.63]"
100233740088,Auckland,PollenIsland,1940-04-14,1987-11-12,48,5,5,34.18,34.18,0.72,0.07,0.74,248.55,0.19,2.85,0.96,0.72,248.74,0.2,1.26,0.96,"['1940-04-14', '1955-09-09', '1961-11-02', '1966-08-01', '1987-11-12']","[251.63, 257.53, 262.56, 266.98, 285.81]"
100233740499,Auckland,PollenIsland,1940-04-14,1987-11-12,48,5,5,33.91,33.91,0.71,0.07,0.74,248.5,0.21,3.13,0.96,0.72,248.69,0.22,1.39,0.95,"['1940-04-14', '1955-09-09', '1961-11-02', '1966-08-01', '1987-11-12']","[251.87, 256.72, 262.89, 266.85, 285.79]"
100233740500,Auckland,PollenIsland,1940-04-14,1987-11-12,48,5,5,34.58,34.58,0.73,0.07,0.75,247.16,0.23,3.34,0.95,0.74,247.35,0.24,1.49,0.95,"['1940-04-14', '1955-09-09', '1961-11-02', '1966-08-01', '1987-11-12']","[250.73, 255.47, 261.27, 266.69, 285.31]"
100233741026,Auckland,PollenIsland,1940-04-14,1987-11-12,48,5,5,34.81,34.81,0.73,0.07,0.76,246.97,0.19,2.83,0.97,0.74,247.13,0.2,1.26,0.96,"['1940-04-14', '1955-09-09', '1961-11-02', '1966-08-01', '1987-11-12']","[249.92, 255.84, 261.2, 267.06, 284.74]"
100233741428,Auckland,PollenIsland,1940-04-14,1987-11-12,48,5,5,34.91,34.91,0.73,0.07,0.76,246.58,0.21,3.14,0.96,0.75,246.74,0.23,1.4,0.95,"['1940-04-14', '1955-09-09', '1961-11-02', '1966-08-01', '1987-11-12']","[249.85, 254.69, 261.6, 266.65, 284.76]"
100233741429,Auckland,PollenIsland,1940-04-14,1987-11-12,48,5,5,35.85,35.85,0.75,0.07,0.78,245.92,0.2,2.95,0.97,0.76,246.09,0.21,1.31,0.96,"['1940-04-14', '1955-09-09', '1961-11-02', '1966-08-01', '1987-11-12']","[249.04, 255.06, 260.59, 266.29, 284.89]"
100233741764,Auckland,PollenIsland,1940-04-14,1987-11-12,48,5,5,35.19,35.19,0.74,0.07,0.77,245.85,0.18,2.63,0.97,0.75,245.99,0.19,1.18,0.97,"['1940-04-14', '1955-09-09', '1961-11-02', '1966-08-01', '1987-11-12']","[248.58, 254.62, 260.96, 266.14, 283.78]"
100233771742,Auckland,PollenIsland,1940-04-14,2012-01-01,72,6,6,-129.3,144.87,-1.8,0.03,-1.81,280.3,1.46,37.86,0.64,-2.39,288.3,0.84,17.9,0.9,"['1940-04-14', '1955-09-09', '1961-11-02', '1966-08-01', '1980-10-24', '2012-01-01']","[242.72, 252.85, 247.78, 249.09, 258.29, 113.42]"
100233771802,Auckland,PollenIsland,1940-04-14,2012-01-01,72,4,4,36.88,36.88,0.51,0.03,0.54,235.49,0.32,5.9,0.92,0.58,234.94,0.2,2.84,0.97,"['1940-04-14', '1955-09-09', '1966-08-01', '2012-01-01']","[239.77, 243.75, 242.97, 276.66]"
100233771875,Auckland,PollenIsland,1966-08-01,2012-01-01,45,3,3,39.56,166.45,0.87,0.05,-0.96,246.11,20.04,117.7,0.08,-0.96,246.11,54.52,178.48,0.01,"['1966-08-01', '2012-01-01', '2012-01-01']","[246.11, 119.21, 285.66]"
100233771963,Auckland,PollenIsland,1940-04-14,2012-01-01,72,7,7,-123.69,135.15,-1.72,0.03,-1.45,280.49,1.35,38.59,0.49,-2.3,294.12,0.87,19.5,0.85,"['1940-04-14', '1955-09-09', '1961-11-02', '1966-08-01', '1980-10-24', '1987-11-12', '2012-01-01']","[246.82, 254.65, 249.25, 250.95, 256.23, 258.28, 123.13]"
100233772201,Auckland,PollenIsland,1940-04-14,1987-11-12,48,6,6,14.68,16.59,0.31,0.07,0.32,244.77,0.25,4.6,0.65,0.31,244.85,0.27,2.06,0.6,"['1940-04-14', '1955-09-09', '1961-11-02', '1966-08-01', '1980-10-24', '1987-11-12']","[245.11, 255.15, 246.92, 249.11, 261.7, 259.8]"
100233772510,Auckland,PollenIsland,1940-04-14,1987-11-12,48,6,6,17.74,19.83,0.37,0.07,0.42,240.56,0.21,3.74,0.82,0.41,240.65,0.21,1.63,0.81,"['1940-04-14', '1955-09-09', '1961-11-02', '1966-08-01', '1980-10-24', '1987-11-12']","[242.3, 249.05, 246.08, 247.66, 262.13, 260.04]"
100233772819,Auckland,PollenIsland,1940-04-14,2012-01-01,72,7,7,26.64,26.64,0.37,0.03,0.35,244.02,0.18,5.04,0.76,0.36,243.63,0.1,2.31,0.91,"['1940-04-14', '1955-09-09', '1961-11-02', '1966-08-01', '1980-10-24', '1987-11-12', '2012-01-01']","[243.21, 257.86, 246.93, 248.02, 260.35, 259.51, 269.85]"
100233773061,Auckland,PollenIsland,1940-04-14,2012-01-01,72,7,7,27.57,27.57,0.38,0.03,0.34,243.93,0.16,4.61,0.79,0.38,243.32,0.1,2.15,0.93,"['1940-04-14', '1955-09-09', '1961-11-02', '1966-08-01', '1980-10-24', '1987-11-12', '2012-01-01']","[242.99, 257.67, 247.94, 249.11, 256.68, 258.76, 270.56]"
100233773332,Auckland,PollenIsland,1940-04-14,2012-01-01,72,7,7,28.57,28.57,0.4,0.03,0.29,249.24,0.39,11.08,0.31,0.38,247.51,0.23,5.16,0.69,"['1940-04-14', '1955-09-09', '1961-11-02', '1966-08-01', '1980-10-24', '1987-11-12', '2012-01-01']","[247.16, 273.14, 248.23, 247.23, 261.56, 255.74, 275.74]"
100233773757,Auckland,PollenIsland,1940-04-14,2012-01-01,72,7,7,25.89,31.3,0.36,0.03,0.38,240.75,0.25,7.08,0.65,0.51,238.33,0.16,3.65,0.89,"['1940-04-14', '1955-09-09', '1961-11-02', '1966-08-01', '1980-10-24', '1987-11-12', '2012-01-01']","[250.36, 246.1, 245.23, 244.95, 252.98, 253.07, 276.25]"
100233774181,Auckland,PollenIsland,1940-04-14,2012-01-01,72,7,7,19.71,25.02,0.27,0.03,0.29,242.82,0.2,5.6,0.64,0.39,241.08,0.13,2.84,0.88,"['1940-04-14', '1955-09-09', '1961-11-02', '1966-08-01', '1980-10-24', '1987-11-12', '2012-01-01']","[249.95, 248.54, 246.16, 244.63, 249.67, 255.29, 269.66]"
100233774606,Auckland,PollenIsland,1940-04-14,2012-01-01,72,7,7,18.36,24.75,0.26,0.03,0.25,245.58,0.19,5.48,0.59,0.36,243.81,0.12,2.8,0.87,"['1940-04-14', '1955-09-09', '1961-11-02', '1966-08-01', '1980-10-24', '1987-11-12', '2012-01-01']","[251.78, 251.12, 250.25, 245.39, 252.04, 255.14, 270.14]"
100233775015,Auckland,PollenIsland,1940-04-14,2012-01-01,72,7,7,15.71,23.13,0.22,0.03,0.21,248.43,0.21,5.9,0.45,0.32,246.5,0.13,3.01,0.82,"['1940-04-14', '1955-09-09', '1961-11-02', '1966-08-01', '1980-10-24', '1987-11-12', '2012-01-01']","[254.54, 253.42, 252.97, 247.12, 251.32, 255.28, 270.24]"
100233775405,Auckland,PollenIsland,1940-04-14,2012-01-01,72,7,7,11.35,20.71,0.16,0.03,0.11,254.18,0.21,6.13,0.18,0.23,252.29,0.13,2.98,0.72,"['1940-04-14', '1955-09-09', '1961-11-02', '1966-08-01', '1980-10-24', '1987-11-12', '2012-01-01']","[258.54, 257.75, 256.95, 256.04, 249.18, 255.77, 269.89]"
100233775795,Auckland,PollenIsland,1940-04-14,2012-01-01,72,7,7,6.33,23.07,0.09,0.03,0.06,259.52,0.28,8.01,0.03,0.22,256.91,0.18,4.0,0.56,"['1940-04-14', '1955-09-09', '1961-11-02', '1966-08-01', '1980-10-24', '1987-11-12', '2012-01-01']","[267.66, 261.21, 258.94, 259.19, 250.92, 257.7, 274.0]"
100233846340,Auckland,PollenIsland,1955-09-09,2024-01-01,68,6,6,-46.19,60.27,-0.68,0.03,-0.85,330.48,0.61,17.42,0.69,-0.93,327.29,0.4,8.26,0.86,"['1955-09-09', '1966-08-01', '1980-10-24', '1987-11-12', '2017-01-01', '2024-01-01']","[311.86, 319.69, 323.01, 325.94, 268.07, 265.67]"
100233846341,Auckland,PollenIsland,1955-09-09,2024-01-01,68,7,7,-30.62,53.45,-0.45,0.03,-0.75,324.43,0.48,15.42,0.66,-0.59,310.62,0.58,12.67,0.46,"['1955-09-09', '1966-08-01', '1980-10-24', '1987-11-12', '2012-01-01', '2017-01-01', '2024-01-01']","[307.98, 316.32, 318.86, 321.76, 268.31, 270.02, 277.35]"
100233846966,Auckland,PollenIsland,1955-09-09,2024-01-01,68,7,7,-25.0,46.64,-0.37,0.03,-0.62,316.92,0.44,14.01,0.62,-0.48,304.69,0.52,11.39,0.41,"['1955-09-09', '1966-08-01', '1980-10-24', '1987-11-12', '2012-01-01', '2017-01-01', '2024-01-01']","[303.32, 307.49, 314.39, 317.15, 270.73, 270.51, 278.32]"
100233846982,Auckland,PollenIsland,1955-09-09,2024-01-01,68,8,8,-20.81,38.53,-0.3,0.03,-0.55,310.6,0.35,11.65,0.61,-0.36,299.03,0.41,9.36,0.33,"['1955-09-09', '1966-08-01', '1980-10-24', '1987-11-12', '2003-01-01', '2012-01-01', '2017-01-01', '2024-01-01']","[300.73, 303.54, 309.6, 308.76, 271.67, 271.07, 273.24, 279.92]"
100233847625,Auckland,PollenIsland,1955-09-09,2024-01-01,68,8,8,-16.48,30.89,-0.24,0.03,-0.41,300.01,0.36,11.1,0.44,-0.18,287.49,0.4,8.11,0.11,"['1955-09-09', '1980-10-24', '1987-11-12', '1987-11-12', '2003-01-01', '2012-01-01', '2017-01-01', '2024-01-01']","[296.57, 302.03, 300.48, 272.67, 271.21, 271.13, 273.93, 280.09]"
100233848079,Auckland,PollenIsland,1987-11-12,2024-01-01,36,5,5,15.45,15.45,0.43,0.07,0.4,264.21,0.09,1.04,0.97,0.51,260.84,0.16,1.45,0.95,"['1987-11-12', '2003-01-01', '2012-01-01', '2017-01-01', '2024-01-01']","[264.25, 271.04, 272.97, 274.99, 279.7]"
100233848540,Auckland,PollenIsland,1980-10-24,2024-01-01,43,6,6,24.55,24.55,0.57,0.06,0.5,258.65,0.12,2.1,0.95,0.54,257.0,0.1,1.18,0.97,"['1980-10-24', '1987-11-12', '2003-01-01', '2012-01-01', '2017-01-01', '2024-01-01']","[256.08, 265.19, 270.59, 273.51, 276.01, 280.63]"
100233849275,Auckland,PollenIsland,1940-04-14,2024-01-01,84,12,12,49.6,52.28,0.59,0.03,0.2,262.05,0.28,15.1,0.15,0.28,258.76,0.2,8.16,0.39,"['1940-04-14', '1940-04-14', '1955-09-09', '1955-09-09', '1961-11-02', '1966-08-01', '1980-10-24', '1987-11-12', '2003-01-01', '2012-01-01', '2017-01-01', '2024-01-01']","[236.67, 288.95, 285.71, 246.63, 263.73, 268.94, 274.46, 264.57, 271.88, 274.11, 276.87, 286.26]"
100233849851,Auckland,PollenIsland,1940-04-14,2024-01-01,84,12,12,46.4,53.83,0.55,0.03,0.11,271.01,0.27,14.96,0.05,0.2,266.79,0.22,8.93,0.22,"['1940-04-14', '1940-04-14', '1955-09-09', '1955-09-09', '1961-11-02', '1966-08-01', '1980-10-24', '1987-11-12', '2003-01-01', '2012-01-01', '2017-01-01', '2024-01-01']","[242.97, 296.8, 294.6, 261.75, 271.09, 273.9, 274.93, 267.52, 275.01, 275.19, 278.3, 289.38]"
100233850561,Auckland,PollenIsland,1940-04-14,2024-01-01,84,11,11,-15.63,46.67,-0.19,0.03,-0.06,281.36,0.3,14.98,0.01,0.11,274.44,0.26,9.52,0.06,"['1940-04-14', '1955-09-09', '1955-09-09', '1961-11-02', '1966-08-01', '1980-10-24', '1987-11-12', '2003-01-01', '2012-01-01', '2017-01-01', '2024-01-01']","[305.51, 300.68, 258.85, 266.9, 268.37, 275.25, 271.76, 275.71, 275.53, 279.43, 289.88]"
100233851372,Auckland,PollenIsland,1940-04-14,2024-01-01,84,7,7,-23.55,38.9,-0.28,0.03,-0.31,301.44,0.34,11.94,0.4,-0.03,286.77,0.51,10.95,0.0,"['1940-04-14', '1980-10-24', '1987-11-12', '2003-01-01', '2012-01-01', '2017-01-01', '2024-01-01']","[314.02, 275.12, 277.37, 276.07, 276.69, 281.09, 290.47]"
100233852256,Auckland,PollenIsland,1940-04-14,2024-01-01,84,7,7,-30.1,43.61,-0.36,0.03,-0.39,308.69,0.33,11.62,0.53,-0.12,294.67,0.48,10.46,0.05,"['1940-04-14', '1980-10-24', '1987-11-12', '2003-01-01', '2012-01-01', '2017-01-01', '2024-01-01']","[320.87, 280.25, 281.0, 277.25, 278.72, 282.56, 290.77]"
100235029651,Auckland,PollenIsland,1940-04-14,2024-01-01,84,10,10,13.95,44.37,0.17,0.03,0.37,115.68,0.31,14.08,0.39,0.48,115.04,0.2,6.65,0.71,"['1940-04-14', '1955-09-09', '1961-11-02', '1966-08-01', '1980-10-24', '1987-11-12', '2003-01-01', '2012-01-01', '2017-01-01', '2024-01-01']","[140.31, 109.89, 125.32, 122.94, 117.1, 112.54, 135.37, 149.73, 153.87, 154.26]"
100235029665,Auckland,PollenIsland,1940-04-14,2024-01-01,84,10,10,11.87,271.27,0.14,0.03,-0.4,182.93,1.8,85.48,0.02,-0.31,179.85,1.13,39.43,0.03,"['1940-04-14', '1955-09-09', '1961-11-02', '1961-11-02', '1966-08-01', '1980-10-24', '2003-01-01', '2012-01-01', '2017-01-01', '2024-01-01']","[144.77, 133.7, 130.61, 395.22, 123.95, 124.11, 145.39, 148.28, 156.49, 156.64]"
100235029679,Auckland,PollenIsland,1940-04-14,2024-01-01,84,10,10,6.59,263.61,0.08,0.03,-0.92,233.75,2.18,103.65,0.07,-0.96,234.14,1.37,48.0,0.18,"['1940-04-14', '1955-09-09', '1961-11-02', '1961-11-02', '1966-08-01', '1980-10-24', '2003-01-01', '2012-01-01', '2017-01-01', '2024-01-01']","[151.44, 137.58, 136.71, 379.23, 394.03, 130.42, 153.11, 153.03, 158.88, 158.02]"
100235029680,Auckland,PollenIsland,1980-10-24,2024-01-01,43,6,6,42.13,42.13,0.98,0.06,1.12,107.86,0.21,3.68,0.97,0.91,115.97,0.36,4.38,0.88,"['1980-10-24', '1987-11-12', '2003-01-01', '2012-01-01', '2017-01-01', '2024-01-01']","[110.97, 111.23, 131.54, 145.19, 151.07, 153.1]"
100235029694,Auckland,PollenIsland,1955-09-09,2024-01-01,68,9,9,15.93,228.3,0.23,0.03,-1.42,243.19,2.29,92.48,0.16,-1.27,239.75,1.46,42.97,0.28,"['1955-09-09', '1961-11-02', '1961-11-02', '1966-08-01', '1980-10-24', '2003-01-01', '2012-01-01', '2017-01-01', '2024-01-01']","[143.36, 141.73, 364.88, 365.11, 136.81, 162.4, 156.58, 159.99, 159.29]"
100235029716,Auckland,PollenIsland,2003-01-01,2024-01-01,21,4,4,19.53,19.53,0.93,0.12,0.96,133.95,0.35,1.86,0.97,0.74,137.54,0.48,2.85,0.91,"['2003-01-01', '2012-01-01', '2017-01-01', '2024-01-01']","[133.0, 143.11, 149.2, 152.54]"
100644363121,Auckland,ShellyBeach,1968-09-28,1996-05-02,28,4,4,15.88,15.88,0.58,0.18,0.51,303.72,0.31,2.25,0.92,0.49,303.59,0.33,0.71,0.9,"['1968-09-28', '1975-05-15', '1987-11-17', '1996-05-02']","[302.63, 309.27, 311.56, 318.51]"
100644364119,Auckland,ShellyBeach,1968-09-28,1996-05-02,28,4,4,18.16,18.16,0.66,0.18,0.57,303.06,0.41,2.98,0.89,0.55,302.91,0.43,0.91,0.88,"['1968-09-28', '1975-05-15', '1987-11-17', '1996-05-02']","[301.28, 310.0, 311.92, 319.44]"
100644365116,Auckland,ShellyBeach,1968-09-28,2012-06-29,44,5,5,16.46,19.58,0.38,0.08,0.36,304.41,0.32,4.77,0.7,0.26,305.5,0.21,1.52,0.74,"['1968-09-28', '1975-05-15', '1987-11-17', '1996-05-02', '2012-06-29']","[300.08, 309.63, 311.33, 319.66, 316.54]"
100644366113,Auckland,ShellyBeach,1968-09-28,2012-06-29,44,5,5,21.49,21.49,0.49,0.08,0.47,301.89,0.22,3.26,0.89,0.42,302.36,0.14,1.01,0.94,"['1968-09-28', '1975-05-15', '1987-11-17', '1996-05-02', '2012-06-29']","[298.92, 307.56, 310.19, 318.31, 320.41]"
100644367111,Auckland,ShellyBeach,1968-09-28,2012-06-29,44,5,5,23.18,23.18,0.53,0.08,0.51,300.1,0.15,2.19,0.96,0.49,300.17,0.09,0.66,0.98,"['1968-09-28', '1975-05-15', '1987-11-17', '1996-05-02', '2012-06-29']","[298.3, 305.51, 308.75, 316.38, 321.48]"
100644368066,Auckland,ShellyBeach,1940-04-24,2012-06-29,72,6,6,41.83,41.83,0.58,0.03,0.59,280.39,0.11,2.94,0.97,0.56,280.04,0.07,1.01,0.99,"['1940-04-24', '1968-09-28', '1975-05-15', '1987-11-17', '1996-05-02', '2012-06-29']","[278.64, 298.02, 303.75, 305.54, 316.44, 320.47]"
100644369063,Auckland,ShellyBeach,1940-04-24,2012-06-29,72,6,6,44.24,44.24,0.61,0.03,0.62,277.72,0.15,4.05,0.95,0.6,277.23,0.09,1.35,0.98,"['1940-04-24', '1968-09-28', '1975-05-15', '1987-11-17', '1996-05-02', '2012-06-29']","[276.53, 297.56, 300.6, 301.8, 317.54, 320.77]"
100644370060,Auckland,ShellyBeach,1940-04-24,2012-06-29,72,6,6,45.28,45.28,0.63,0.03,0.66,275.37,0.17,4.51,0.94,0.63,275.55,0.1,1.44,0.98,"['1940-04-24', '1968-09-28', '1975-05-15', '1987-11-17', '1996-05-02', '2012-06-29']","[275.42, 294.69, 297.88, 301.55, 319.29, 320.7]"
100644371057,Auckland,ShellyBeach,1940-04-24,2012-06-29,72,5,5,47.91,47.91,0.66,0.03,0.71,272.87,0.15,3.6,0.98,0.67,273.71,0.08,1.12,0.99,"['1940-04-24', '1968-09-28', '1975-05-15', '1996-05-02', '2012-06-29']","[273.72, 291.45, 295.67, 317.65, 321.63]"
100644372054,Auckland,ShellyBeach,1940-04-24,2012-06-29,72,5,5,51.7,51.7,0.72,0.03,0.75,269.3,0.14,3.35,0.98,0.73,270.4,0.07,0.99,0.99,"['1940-04-24', '1968-09-28', '1975-05-15', '1996-05-02', '2012-06-29']","[271.44, 287.91, 293.31, 315.41, 323.13]"
100644373051,Auckland,ShellyBeach,1940-04-24,2012-06-29,72,5,5,55.59,55.59,0.77,0.03,0.81,265.71,0.17,3.89,0.98,0.8,267.08,0.09,1.23,0.99,"['1940-04-24', '1968-09-28', '1975-05-15', '1996-05-02', '2012-06-29']","[269.04, 284.71, 290.8, 313.77, 324.63]"
100644374048,Auckland,ShellyBeach,1940-04-24,2012-06-29,72,5,5,58.15,58.15,0.81,0.03,0.85,262.96,0.2,4.68,0.97,0.84,264.62,0.11,1.49,0.99,"['1940-04-24', '1968-09-28', '1975-05-15', '1996-05-02', '2012-06-29']","[267.05, 282.18, 288.96, 313.67, 325.2]"
100644375045,Auckland,ShellyBeach,1940-04-24,2012-06-29,72,5,5,61.43,61.43,0.85,0.03,0.89,260.01,0.2,4.79,0.97,0.88,261.71,0.11,1.52,0.99,"['1940-04-24', '1968-09-28', '1975-05-15', '1996-05-02', '2012-06-29']","[264.15, 280.07, 288.14, 313.52, 325.58]"
100644376043,Auckland,ShellyBeach,1940-04-24,2012-06-29,72,5,5,65.14,65.14,0.9,0.03,0.95,256.87,0.21,4.97,0.97,0.93,258.62,0.11,1.55,0.99,"['1940-04-24', '1968-09-28', '1975-05-15', '1996-05-02', '2012-06-29']","[261.01, 277.96, 287.43, 313.82, 326.15]"
100644377040,Auckland,ShellyBeach,1940-04-24,2012-06-29,72,5,5,69.13,69.13,0.96,0.03,1.01,252.91,0.24,5.72,0.97,0.99,254.93,0.13,1.77,0.99,"['1940-04-24', '1968-09-28', '1975-05-15', '1996-05-02', '2012-06-29']","[257.59, 275.53, 284.59, 314.44, 326.72]"
100644378037,Auckland,ShellyBeach,1940-04-24,2012-06-29,72,5,5,72.95,72.95,1.01,0.03,1.07,249.01,0.28,6.5,0.97,1.05,251.31,0.15,2.01,0.99,"['1940-04-24', '1968-09-28', '1975-05-15', '1996-05-02', '2012-06-29']","[254.35, 272.64, 282.08, 314.58, 327.3]"
100644379117,Auckland,ShellyBeach,1940-04-24,2012-06-29,72,5,5,76.56,76.56,1.06,0.03,1.14,245.33,0.33,7.74,0.96,1.1,248.03,0.17,2.35,0.99,"['1940-04-24', '1968-09-28', '1975-05-15', '1996-05-02', '2012-06-29']","[251.31, 269.65, 280.16, 316.42, 327.88]"
100644380114,Auckland,ShellyBeach,1940-04-24,2012-06-29,72,5,5,79.08,79.08,1.1,0.03,1.24,242.48,0.51,11.9,0.92,1.14,246.27,0.26,3.53,0.97,"['1940-04-24', '1968-09-28', '1975-05-15', '1996-05-02', '2012-06-29']","[249.37, 266.65, 279.37, 326.06, 328.45]"
100644381112,Auckland,ShellyBeach,1940-04-24,2012-06-29,72,5,5,81.61,82.89,1.13,0.03,1.3,240.13,0.58,13.58,0.9,1.18,244.27,0.3,4.04,0.97,"['1940-04-24', '1968-09-28', '1975-05-15', '1996-05-02', '2012-06-29']","[247.05, 265.46, 278.41, 329.94, 328.66]"
100644382109,Auckland,ShellyBeach,1940-04-24,2012-06-29,72,5,5,84.34,84.34,1.17,0.03,1.33,237.82,0.55,12.89,0.91,1.21,241.73,0.28,3.83,0.97,"['1940-04-24', '1968-09-28', '1975-05-15', '1996-05-02', '2012-06-29']","[244.35, 264.55, 277.57, 328.45, 328.7]"
100644383107,Auckland,ShellyBeach,1940-04-24,2012-06-29,72,4,4,85.82,85.82,1.19,0.03,1.21,237.75,0.38,6.64,0.98,1.23,239.59,0.21,2.32,0.99,"['1940-04-24', '1968-09-28', '1975-05-15', '2012-06-29']","[242.92, 265.67, 277.67, 328.74]"
100644384105,Auckland,ShellyBeach,1940-04-24,2012-06-29,72,4,4,87.62,87.62,1.21,0.03,1.23,237.61,0.28,4.92,0.99,1.24,238.98,0.16,1.72,1.0,"['1940-04-24', '1968-09-28', '1975-05-15', '2012-06-29']","[241.45, 267.81, 278.78, 329.07]"
100644385102,Auckland,ShellyBeach,1940-04-24,2012-06-29,72,5,5,88.37,88.37,1.22,0.03,1.23,239.21,0.14,3.13,0.99,1.24,239.43,0.08,1.13,1.0,"['1940-04-24', '1968-09-28', '1975-05-15', '1987-11-17', '2012-06-29']","[241.12, 270.29, 284.22, 295.48, 329.49]"
100644386100,Auckland,ShellyBeach,1940-04-24,2012-06-29,72,5,5,87.38,87.38,1.21,0.03,1.22,242.71,0.13,2.93,0.99,1.22,242.81,0.06,0.84,1.0,"['1940-04-24', '1968-09-28', '1975-05-15', '1987-11-17', '2012-06-29']","[243.2, 273.87, 288.95, 299.67, 330.58]"
100644387097,Auckland,ShellyBeach,1940-04-24,2012-06-29,72,5,5,87.21,87.21,1.21,0.03,1.21,245.73,0.16,3.68,0.99,1.2,245.52,0.08,1.11,1.0,"['1940-04-24', '1968-09-28', '1975-05-15', '1987-11-17', '2012-06-29']","[244.47, 277.73, 293.75, 303.12, 331.68]"
100644387945,Auckland,ShellyBeach,1940-04-24,2012-06-29,72,5,5,81.46,81.46,1.13,0.03,1.14,251.78,0.2,4.53,0.98,1.1,251.61,0.12,1.7,0.99,"['1940-04-24', '1968-09-28', '1975-05-15', '1987-11-17', '2012-06-29']","[249.0, 282.64, 297.54, 308.2, 330.46]"
100644388942,Auckland,ShellyBeach,1940-04-24,2012-06-29,72,5,5,71.97,71.97,1.0,0.03,1.03,260.22,0.24,5.49,0.97,0.96,260.59,0.17,2.36,0.98,"['1940-04-24', '1968-09-28', '1975-05-15', '1987-11-17', '2012-06-29']","[257.18, 287.55, 300.44, 314.82, 329.15]"
100644389548,Auckland,ShellyBeach,1940-04-24,2012-06-29,72,5,5,65.44,65.44,0.91,0.03,0.92,268.64,0.24,5.45,0.96,0.86,268.52,0.18,2.43,0.98,"['1940-04-24', '1968-09-28', '1975-05-15', '1987-11-17', '2012-06-29']","[264.35, 296.2, 304.46, 317.74, 329.79]"
100644397556,Auckland,ShellyBeach,1940-04-24,2012-06-29,72,5,5,34.92,34.92,0.48,0.03,0.46,269.83,0.14,3.08,0.95,0.49,269.34,0.07,1.01,0.99,"['1940-04-24', '1968-09-28', '1975-05-15', '1987-11-17', '2012-06-29']","[269.87, 286.67, 283.23, 289.71, 304.8]"
100644398253,Auckland,ShellyBeach,1940-04-24,2012-06-29,72,5,5,35.96,35.96,0.5,0.03,0.47,270.42,0.27,6.08,0.85,0.49,269.5,0.13,1.79,0.96,"['1940-04-24', '1968-09-28', '1975-05-15', '1987-11-17', '2012-06-29']","[269.32, 291.87, 280.78, 290.31, 305.28]"
100644399251,Auckland,ShellyBeach,1940-04-24,2012-06-29,72,6,6,35.21,41.2,0.49,0.03,0.52,271.04,0.36,9.37,0.71,0.49,271.02,0.19,2.85,0.88,"['1940-04-24', '1968-09-28', '1975-05-15', '1987-11-17', '1996-05-02', '2012-06-29']","[270.89, 293.56, 281.14, 286.99, 312.09, 306.1]"
100644400249,Auckland,ShellyBeach,1940-04-24,2012-06-29,72,6,6,33.7,38.68,0.47,0.03,0.49,272.6,0.38,9.95,0.65,0.48,272.24,0.21,3.17,0.85,"['1940-04-24', '1968-09-28', '1975-05-15', '1987-11-17', '1996-05-02', '2012-06-29']","[273.29, 293.8, 282.4, 283.86, 311.97, 306.99]"
100644401247,Auckland,ShellyBeach,1940-04-24,2012-06-29,72,6,6,33.47,33.47,0.46,0.03,0.45,272.75,0.3,7.96,0.71,0.48,271.74,0.18,2.65,0.89,"['1940-04-24', '1968-09-28', '1975-05-15', '1987-11-17', '1996-05-02', '2012-06-29']","[273.25, 293.77, 281.36, 284.2, 303.71, 306.72]"
100644402245,Auckland,ShellyBeach,1940-04-24,2012-06-29,72,6,6,22.8,28.89,0.32,0.03,0.31,279.12,0.36,9.44,0.45,0.37,279.01,0.23,3.5,0.75,"['1940-04-24', '1968-09-28', '1975-05-15', '1987-11-17', '1996-05-02', '2012-06-29']","[284.37, 292.56, 278.29, 283.58, 302.22, 307.17]"
100644403243,Auckland,ShellyBeach,1940-04-24,2012-06-29,72,6,6,37.42,37.42,0.52,0.03,0.52,267.16,0.28,7.25,0.8,0.56,267.14,0.17,2.56,0.92,"['1940-04-24', '1968-09-28', '1975-05-15', '1987-11-17', '1996-05-02', '2012-06-29']","[270.74, 286.09, 275.89, 284.45, 301.06, 308.16]"
100644404242,Auckland,ShellyBeach,1940-04-24,2012-06-29,72,6,6,40.94,40.94,0.57,0.03,0.6,259.74,0.25,6.53,0.87,0.62,260.88,0.16,2.37,0.95,"['1940-04-24', '1968-09-28', '1975-05-15', '1987-11-17', '1996-05-02', '2012-06-29']","[265.44, 273.75, 274.57, 282.44, 300.08, 306.37]"
100644405393,Auckland,ShellyBeach,1940-04-24,2012-06-29,72,6,6,40.9,40.9,0.57,0.03,0.62,257.88,0.29,7.64,0.84,0.63,259.6,0.18,2.76,0.93,"['1940-04-24', '1968-09-28', '1975-05-15', '1987-11-17', '1996-05-02', '2012-06-29']","[265.24, 268.76, 273.93, 281.29, 299.86, 306.13]"
100644406390,Auckland,ShellyBeach,1940-04-24,2012-06-29,72,6,6,34.3,38.65,0.48,0.03,0.54,261.04,0.39,10.28,0.68,0.57,263.19,0.25,3.78,0.85,"['1940-04-24', '1968-09-28', '1975-05-15', '1987-11-17', '1996-05-02', '2012-06-29']","[270.94, 266.58, 274.0, 277.94, 300.71, 305.23]"
100644407481,Auckland,ShellyBeach,1940-04-24,2012-06-29,72,6,6,36.37,36.37,0.5,0.03,0.57,259.2,0.35,9.08,0.75,0.57,260.78,0.21,3.17,0.89,"['1940-04-24', '1968-09-28', '1975-05-15', '1987-11-17', '1996-05-02', '2012-06-29']","[266.24, 269.36, 273.83, 276.53, 301.84, 302.6]"
100644408477,Auckland,ShellyBeach,1940-04-24,2012-06-29,72,6,6,40.52,41.69,0.56,0.03,0.62,256.26,0.31,7.99,0.82,0.6,257.43,0.17,2.62,0.93,"['1940-04-24', '1968-09-28', '1975-05-15', '1987-11-17', '1996-05-02', '2012-06-29']","[260.68, 271.08, 273.6, 276.85, 302.37, 301.21]"
100644409353,Auckland,ShellyBeach,1940-04-24,2012-06-29,72,6,6,40.63,43.28,0.56,0.03,0.63,254.66,0.3,7.88,0.83,0.6,256.06,0.16,2.48,0.94,"['1940-04-24', '1968-09-28', '1975-05-15', '1987-11-17', '1996-05-02', '2012-06-29']","[258.72, 269.14, 273.01, 276.84, 301.99, 299.35]"
100644410167,Auckland,ShellyBeach,1940-04-24,2012-06-29,72,6,6,37.92,43.34,0.53,0.03,0.62,254.42,0.3,7.91,0.82,0.55,256.42,0.16,2.37,0.93,"['1940-04-24', '1968-09-28', '1975-05-15', '1987-11-17', '1996-05-02', '2012-06-29']","[258.3, 267.3, 271.77, 278.49, 301.64, 296.21]"
100644410769,Auckland,ShellyBeach,1940-04-24,2012-06-29,72,6,6,36.4,42.58,0.5,0.03,0.6,255.19,0.3,7.83,0.82,0.53,257.4,0.15,2.33,0.93,"['1940-04-24', '1968-09-28', '1975-05-15', '1987-11-17', '1996-05-02', '2012-06-29']","[258.96, 267.06, 272.16, 279.82, 301.54, 295.37]"
100644411255,Auckland,ShellyBeach,1940-04-24,2012-06-29,72,6,6,29.5,34.44,0.41,0.03,0.51,260.3,0.3,7.75,0.77,0.45,262.92,0.15,2.3,0.91,"['1940-04-24', '1968-09-28', '1975-05-15', '1987-11-17', '1996-05-02', '2012-06-29']","[265.54, 267.59, 272.93, 282.18, 299.98, 295.03]"
100644412162,Auckland,ShellyBeach,1940-04-24,2012-06-29,72,6,6,35.72,38.44,0.49,0.03,0.58,257.19,0.23,5.93,0.88,0.51,259.39,0.12,1.79,0.95,"['1940-04-24', '1968-09-28', '1975-05-15', '1987-11-17', '1996-05-02', '2012-06-29']","[260.23, 268.34, 274.01, 284.91, 298.67, 295.95]"
100644412269,Auckland,ShellyBeach,1940-04-24,2012-06-29,72,6,6,30.57,34.46,0.42,0.03,0.51,262.27,0.27,7.0,0.81,0.46,264.65,0.14,2.06,0.93,"['1940-04-24', '1968-09-28', '1975-05-15', '1987-11-17', '1996-05-02', '2012-06-29']","[266.83, 271.39, 274.48, 285.04, 301.28, 297.4]"
100644413112,Auckland,ShellyBeach,1940-04-24,2012-06-29,72,6,6,44.06,47.66,0.61,0.03,0.69,256.96,0.3,7.72,0.86,0.63,258.65,0.15,2.31,0.95,"['1940-04-24', '1968-09-28', '1975-05-15', '1987-11-17', '1996-05-02', '2012-06-29']","[260.29, 274.55, 275.25, 284.27, 307.95, 304.35]"
100644413113,Auckland,ShellyBeach,1940-04-24,2012-06-29,72,6,6,46.62,49.69,0.65,0.03,0.73,259.06,0.36,9.49,0.82,0.69,261.16,0.19,2.88,0.94,"['1940-04-24', '1968-09-28', '1975-05-15', '1987-11-17', '1996-05-02', '2012-06-29']","[264.4, 277.64, 275.39, 287.38, 314.09, 311.02]"
100644414029,Auckland,ShellyBeach,1940-04-24,2012-06-29,72,6,6,49.64,53.5,0.69,0.03,0.79,260.64,0.4,10.39,0.82,0.73,263.16,0.21,3.1,0.94,"['1940-04-24', '1968-09-28', '1975-05-15', '1987-11-17', '1996-05-02', '2012-06-29']","[266.54, 280.51, 277.25, 292.23, 320.04, 316.18]"
100644420113,Auckland,ShellyBeach,1940-04-24,2012-06-29,72,5,5,58.03,58.03,0.8,0.03,0.8,245.87,0.1,2.34,0.99,0.8,245.83,0.06,0.76,1.0,"['1940-04-24', '1968-09-28', '1975-05-15', '1987-11-17', '2012-06-29']","[245.04, 271.33, 271.58, 285.57, 303.07]"
100644421108,Auckland,ShellyBeach,1940-04-24,2012-06-29,72,5,5,60.11,60.11,0.83,0.03,0.84,242.36,0.16,3.67,0.98,0.81,242.23,0.1,1.41,0.99,"['1940-04-24', '1968-09-28', '1975-05-15', '1987-11-17', '2012-06-29']","[240.08, 269.97, 269.5, 285.21, 300.19]"
100644422103,Auckland,ShellyBeach,1940-04-24,1987-11-17,48,4,4,47.83,47.83,1.01,0.07,0.94,240.8,0.47,5.62,0.94,0.96,241.37,0.36,1.74,0.97,"['1940-04-24', '1968-09-28', '1975-05-15', '1987-11-17']","[242.25, 268.25, 267.44, 290.08]"
100644423097,Auckland,ShellyBeach,1940-04-24,1987-11-17,48,4,4,47.16,47.16,0.99,0.07,0.93,239.99,0.48,5.71,0.94,0.94,240.82,0.37,1.82,0.96,"['1940-04-24', '1968-09-28', '1975-05-15', '1987-11-17']","[241.98, 265.3, 266.6, 289.13]"
100644424391,Auckland,ShellyBeach,1940-04-24,1987-11-17,48,4,4,52.53,52.53,1.1,0.07,1.04,233.99,0.45,5.4,0.96,1.06,234.68,0.35,1.7,0.98,"['1940-04-24', '1968-09-28', '1975-05-15', '1987-11-17']","[235.68, 263.33, 264.71, 288.21]"
100644425713,Auckland,ShellyBeach,1940-04-24,1987-11-17,48,4,4,49.19,49.19,1.03,0.07,1.01,231.1,0.22,2.59,0.99,1.02,231.13,0.15,0.76,0.99,"['1940-04-24', '1968-09-28', '1975-05-15', '1987-11-17']","[231.28, 261.36, 263.47, 280.46]"
100644426699,Auckland,ShellyBeach,1940-04-24,1996-05-02,56,5,5,76.56,76.56,1.37,0.08,1.25,222.61,0.39,7.21,0.95,1.19,224.05,0.33,2.29,0.96,"['1940-04-24', '1968-09-28', '1975-05-15', '1987-11-17', '1996-05-02']","[225.04, 258.47, 262.87, 274.51, 301.6]"
100644428009,Auckland,ShellyBeach,1968-09-28,2012-06-29,44,5,5,45.57,45.57,1.04,0.08,1.18,255.86,0.6,8.83,0.88,1.05,256.63,0.37,2.74,0.94,"['1968-09-28', '1975-05-15', '1987-11-17', '1996-05-02', '2012-06-29']","[256.43, 260.59, 273.63, 301.5, 302.0]"
100644429269,Auckland,ShellyBeach,1968-09-28,2012-06-29,44,5,5,45.46,48.07,1.04,0.08,1.18,254.66,0.66,9.65,0.86,0.99,256.15,0.42,3.03,0.91,"['1968-09-28', '1975-05-15', '1987-11-17', '1996-05-02', '2012-06-29']","[253.45, 259.9, 273.69, 301.52, 298.92]"
100644430538,Auckland,ShellyBeach,1968-09-28,2012-06-29,44,5,5,41.15,48.56,0.94,0.08,1.09,254.8,0.75,10.99,0.8,0.86,256.9,0.48,3.49,0.86,"['1968-09-28', '1975-05-15', '1987-11-17', '1996-05-02', '2012-06-29']","[252.67, 259.17, 273.06, 301.23, 293.82]"
100644431684,Auckland,ShellyBeach,1968-09-28,2012-06-29,44,5,5,39.76,47.49,0.91,0.08,1.06,254.52,0.76,11.12,0.78,0.85,256.21,0.48,3.49,0.85,"['1968-09-28', '1975-05-15', '1987-11-17', '1996-05-02', '2012-06-29']","[252.92, 258.92, 270.73, 300.41, 292.68]"
100644432643,Auckland,ShellyBeach,1968-09-28,2012-06-29,44,5,5,35.97,40.47,0.82,0.08,0.95,254.76,0.61,8.98,0.82,0.79,255.99,0.38,2.81,0.89,"['1968-09-28', '1975-05-15', '1987-11-17', '1996-05-02', '2012-06-29']","[253.94, 258.68, 269.22, 294.41, 289.91]"
100644433602,Auckland,ShellyBeach,1968-09-28,2012-06-29,44,5,5,29.43,33.93,0.67,0.08,0.81,255.81,0.54,7.91,0.81,0.65,257.19,0.34,2.48,0.87,"['1968-09-28', '1975-05-15', '1987-11-17', '1996-05-02', '2012-06-29']","[255.78, 257.48, 269.19, 289.71, 285.22]"
100644434448,Auckland,ShellyBeach,1968-09-28,2012-06-29,44,5,5,24.52,30.38,0.56,0.08,0.71,256.7,0.5,7.33,0.79,0.54,258.82,0.32,2.37,0.84,"['1968-09-28', '1975-05-15', '1987-11-17', '1996-05-02', '2012-06-29']","[257.57, 255.01, 272.42, 285.39, 282.1]"
100644435300,Auckland,ShellyBeach,1968-09-28,2012-06-29,44,5,5,20.76,28.17,0.47,0.08,0.63,256.2,0.48,7.02,0.76,0.48,258.23,0.31,2.25,0.82,"['1968-09-28', '1975-05-15', '1987-11-17', '1996-05-02', '2012-06-29']","[258.02, 253.04, 271.03, 281.21, 278.78]"
100644436207,Auckland,ShellyBeach,1968-09-28,2012-06-29,44,5,5,15.74,27.59,0.36,0.08,0.54,255.58,0.53,7.74,0.66,0.39,257.73,0.33,2.44,0.71,"['1968-09-28', '1975-05-15', '1987-11-17', '1996-05-02', '2012-06-29']","[258.57, 250.07, 269.45, 277.66, 274.31]"
100644436922,Auckland,ShellyBeach,1968-09-28,2012-06-29,44,5,5,11.38,27.37,0.26,0.08,0.46,255.57,0.57,8.41,0.54,0.3,257.81,0.36,2.63,0.57,"['1968-09-28', '1975-05-15', '1987-11-17', '1996-05-02', '2012-06-29']","[259.16, 248.56, 267.95, 275.93, 270.54]"
100644437538,Auckland,ShellyBeach,1968-09-28,2012-06-29,44,5,5,9.48,26.46,0.22,0.08,0.41,255.05,0.57,8.36,0.49,0.26,257.23,0.36,2.61,0.49,"['1968-09-28', '1975-05-15', '1987-11-17', '1996-05-02', '2012-06-29']","[258.63, 247.88, 266.32, 274.34, 268.1]"
100644438036,Auckland,ShellyBeach,1968-09-28,2012-06-29,44,5,5,10.43,25.27,0.24,0.08,0.42,254.86,0.53,7.76,0.54,0.27,256.96,0.33,2.44,0.55,"['1968-09-28', '1975-05-15', '1987-11-17', '1996-05-02', '2012-06-29']","[257.89, 248.61, 266.13, 273.88, 268.32]"
100644438933,Auckland,ShellyBeach,1968-09-28,2012-06-29,44,5,5,12.05,21.72,0.28,0.08,0.41,255.66,0.42,6.14,0.64,0.29,257.42,0.27,1.96,0.68,"['1968-09-28', '1975-05-15', '1987-11-17', '1996-05-02', '2012-06-29']","[257.51, 251.69, 266.18, 273.41, 269.56]"
100644439421,Auckland,ShellyBeach,1968-09-28,2012-06-29,44,5,5,13.06,20.13,0.3,0.08,0.41,255.33,0.35,5.22,0.72,0.32,256.46,0.22,1.61,0.79,"['1968-09-28', '1975-05-15', '1987-11-17', '1996-05-02', '2012-06-29']","[256.89, 253.2, 263.54, 273.34, 269.95]"
100644439929,Auckland,ShellyBeach,1968-09-28,2022-01-17,53,6,6,16.93,17.93,0.32,0.07,0.34,256.23,0.2,4.35,0.76,0.3,256.34,0.13,1.31,0.86,"['1968-09-28', '1975-05-15', '1987-11-17', '1996-05-02', '2012-06-29', '2022-01-17']","[255.35, 255.92, 262.21, 273.28, 268.85, 272.28]"
100644440456,Auckland,ShellyBeach,1968-09-28,2022-01-17,53,6,6,30.03,30.03,0.56,0.07,0.62,251.22,0.14,3.09,0.96,0.57,253.46,0.21,2.14,0.89,"['1968-09-28', '1975-05-15', '1987-11-17', '1996-05-02', '2012-06-29', '2022-01-17']","[251.13, 254.34, 260.84, 272.41, 280.76, 281.16]"
100644441251,Auckland,ShellyBeach,1968-09-28,2022-01-17,53,6,6,38.65,38.65,0.73,0.07,0.72,249.63,0.14,3.1,0.97,0.68,251.14,0.18,1.79,0.94,"['1968-09-28', '1975-05-15', '1987-11-17', '1996-05-02', '2012-06-29', '2022-01-17']","[247.0, 257.85, 260.72, 271.29, 283.05, 285.64]"
100644447755,Auckland,ShellyBeach,1968-09-28,2024-03-18,55,7,7,14.18,34.72,0.26,0.07,0.48,270.5,0.32,8.75,0.64,0.57,267.28,0.25,2.85,0.81,"['1968-09-28', '1975-05-15', '1987-11-17', '1996-05-02', '2012-06-29', '2022-01-17', '2024-03-18']","[284.77, 264.54, 270.63, 283.1, 291.11, 299.26, 298.95]"
100644448689,Auckland,ShellyBeach,1968-09-28,2024-03-18,55,7,7,13.19,31.57,0.24,0.07,0.43,268.12,0.3,7.99,0.63,0.54,263.79,0.26,3.01,0.77,"['1968-09-28', '1975-05-15', '1987-11-17', '1996-05-02', '2012-06-29', '2022-01-17', '2024-03-18']","[280.9, 263.48, 267.64, 279.79, 284.98, 295.05, 294.09]"
100644449464,Auckland,ShellyBeach,1968-09-28,2024-03-18,55,7,7,13.64,26.85,0.25,0.07,0.38,267.8,0.27,7.2,0.62,0.5,262.96,0.26,2.92,0.75,"['1968-09-28', '1975-05-15', '1987-11-17', '1996-05-02', '2012-06-29', '2022-01-17', '2024-03-18']","[278.76, 266.64, 265.55, 276.24, 282.1, 291.66, 292.4]"
100644450459,Auckland,ShellyBeach,1968-09-28,2024-03-18,55,7,7,12.01,26.58,0.22,0.07,0.39,267.1,0.27,7.3,0.62,0.46,265.83,0.23,2.62,0.77,"['1968-09-28', '1975-05-15', '1987-11-17', '1996-05-02', '2012-06-29', '2022-01-17', '2024-03-18']","[277.47, 267.58, 264.13, 272.71, 287.4, 290.71, 289.48]"
100644451454,Auckland,ShellyBeach,1968-09-28,2024-03-18,55,7,7,14.21,26.31,0.26,0.07,0.35,266.51,0.23,6.28,0.65,0.46,262.87,0.21,2.37,0.8,"['1968-09-28', '1975-05-15', '1987-11-17', '1996-05-02', '2012-06-29', '2022-01-17', '2024-03-18']","[273.94, 270.08, 262.63, 273.12, 281.79, 288.94, 288.14]"
100644452568,Auckland,ShellyBeach,1968-09-28,2024-03-18,55,7,7,21.78,30.22,0.39,0.07,0.46,264.35,0.23,6.29,0.76,0.57,260.44,0.21,2.41,0.85,"['1968-09-28', '1975-05-15', '1987-11-17', '1996-05-02', '2012-06-29', '2022-01-17', '2024-03-18']","[270.53, 270.48, 262.13, 273.86, 284.0, 292.35, 292.31]"
100644453740,Auckland,ShellyBeach,1968-09-28,2024-03-18,55,7,7,20.55,36.75,0.37,0.07,0.53,264.38,0.33,8.82,0.68,0.66,259.61,0.28,3.21,0.82,"['1968-09-28', '1975-05-15', '1987-11-17', '1996-05-02', '2012-06-29', '2022-01-17', '2024-03-18']","[276.17, 267.25, 260.05, 275.2, 287.23, 296.8, 296.71]"
100644454731,Auckland,ShellyBeach,1968-09-28,2024-03-18,55,7,7,17.28,39.64,0.31,0.07,0.55,265.1,0.42,11.42,0.58,0.7,259.62,0.35,3.95,0.77,"['1968-09-28', '1975-05-15', '1987-11-17', '1996-05-02', '2012-06-29', '2022-01-17', '2024-03-18']","[282.97, 262.44, 260.6, 275.4, 288.6, 299.12, 300.25]"
100644455721,Auckland,ShellyBeach,1940-04-24,2024-03-18,84,8,8,27.73,39.91,0.33,0.03,0.34,262.06,0.33,13.0,0.41,0.41,260.82,0.26,5.22,0.61,"['1940-04-24', '1968-09-28', '1975-05-15', '1987-11-17', '1996-05-02', '2012-06-29', '2022-01-17', '2024-03-18']","[271.48, 285.73, 259.31, 260.74, 273.77, 286.97, 298.79, 299.22]"
100644456711,Auckland,ShellyBeach,1940-04-24,2024-03-18,84,8,8,30.85,39.84,0.37,0.03,0.37,259.52,0.33,12.86,0.45,0.44,258.05,0.25,5.04,0.66,"['1940-04-24', '1968-09-28', '1975-05-15', '1987-11-17', '1996-05-02', '2012-06-29', '2022-01-17', '2024-03-18']","[267.79, 285.1, 258.8, 260.23, 271.15, 286.85, 298.48, 298.64]"
100644457512,Auckland,ShellyBeach,1940-04-24,2024-03-18,84,8,8,34.03,39.49,0.41,0.03,0.41,255.8,0.31,12.31,0.52,0.48,254.73,0.22,4.46,0.74,"['1940-04-24', '1968-09-28', '1975-05-15', '1987-11-17', '1996-05-02', '2012-06-29', '2022-01-17', '2024-03-18']","[262.67, 283.0, 257.32, 259.69, 268.37, 287.7, 296.81, 296.71]"
100644458270,Auckland,ShellyBeach,1940-04-24,2024-03-18,84,8,8,36.71,37.25,0.44,0.03,0.42,252.48,0.25,9.87,0.64,0.48,250.42,0.18,3.69,0.81,"['1940-04-24', '1968-09-28', '1975-05-15', '1987-11-17', '1996-05-02', '2012-06-29', '2022-01-17', '2024-03-18']","[255.64, 279.4, 257.16, 261.59, 267.49, 282.33, 292.88, 292.35]"
100644464846,Auckland,ShellyBeach,1940-04-24,2024-03-18,84,8,8,-11.1,20.68,-0.13,0.03,-0.18,161.95,0.17,6.75,0.42,-0.21,160.93,0.14,2.85,0.57,"['1940-04-24', '1968-09-28', '1975-05-15', '1987-11-17', '1996-05-02', '2012-06-29', '2022-01-17', '2024-03-18']","[152.81, 161.23, 156.57, 162.39, 157.56, 147.34, 141.97, 141.71]"
100644466019,Auckland,ShellyBeach,1940-04-24,2024-03-18,84,8,8,-13.96,23.78,-0.17,0.03,-0.21,163.01,0.21,8.18,0.4,-0.25,162.09,0.18,3.52,0.55,"['1940-04-24', '1968-09-28', '1975-05-15', '1987-11-17', '1996-05-02', '2012-06-29', '2022-01-17', '2024-03-18']","[152.28, 157.65, 161.9, 162.11, 159.49, 146.57, 139.08, 138.32]"
100644466997,Auckland,ShellyBeach,1940-04-24,2024-03-18,84,8,8,-15.05,24.12,-0.18,0.03,-0.2,163.0,0.21,8.34,0.36,-0.24,162.74,0.17,3.34,0.57,"['1940-04-24', '1968-09-28', '1975-05-15', '1987-11-17', '1996-05-02', '2012-06-29', '2022-01-17', '2024-03-18']","[154.49, 153.95, 161.38, 163.56, 162.65, 146.81, 140.63, 139.44]"
100644468135,Auckland,ShellyBeach,1940-04-24,2024-03-18,84,8,8,-14.29,17.84,-0.17,0.03,-0.16,161.04,0.13,5.03,0.5,-0.18,161.76,0.1,2.06,0.66,"['1940-04-24', '1968-09-28', '1975-05-15', '1987-11-17', '1996-05-02', '2012-06-29', '2022-01-17', '2024-03-18']","[158.03, 150.46, 161.58, 160.27, 152.92, 150.39, 145.66, 143.74]"
100644469663,Auckland,ShellyBeach,1940-04-24,2024-03-18,84,8,8,-16.81,18.36,-0.2,0.03,-0.17,160.98,0.12,4.61,0.56,-0.18,161.97,0.09,1.86,0.7,"['1940-04-24', '1968-09-28', '1975-05-15', '1987-11-17', '1996-05-02', '2012-06-29', '2022-01-17', '2024-03-18']","[160.13, 148.85, 161.69, 156.51, 151.99, 150.86, 146.75, 143.32]"
100644471075,Auckland,ShellyBeach,1940-04-24,2024-03-18,84,8,8,-16.36,16.57,-0.19,0.03,-0.17,162.06,0.09,3.4,0.71,-0.18,162.25,0.07,1.33,0.82,"['1940-04-24', '1968-09-28', '1975-05-15', '1987-11-17', '1996-05-02', '2012-06-29', '2022-01-17', '2024-03-18']","[160.68, 152.82, 160.88, 154.47, 156.07, 150.42, 147.82, 144.32]"
100644472111,Auckland,ShellyBeach,1940-04-24,2024-03-18,84,8,8,-10.85,12.98,-0.13,0.03,-0.12,160.51,0.1,4.06,0.45,-0.11,159.91,0.07,1.48,0.6,"['1940-04-24', '1968-09-28', '1975-05-15', '1987-11-17', '1996-05-02', '2012-06-29', '2022-01-17', '2024-03-18']","[158.67, 157.34, 159.49, 149.43, 160.8, 152.55, 150.61, 147.82]"
100644473134,Auckland,ShellyBeach,1940-04-24,2024-03-18,84,7,7,-3.11,16.79,-0.04,0.03,-0.01,156.18,0.17,6.23,0.0,-0.02,156.28,0.14,2.53,0.02,"['1940-04-24', '1975-05-15', '1987-11-17', '1996-05-02', '2012-06-29', '2022-01-17', '2024-03-18']","[153.84, 157.16, 150.09, 166.88, 157.15, 153.26, 150.73]"
100645422492,Auckland,ShellyBeach,1940-04-24,2012-06-29,72,3,3,75.07,75.07,1.04,0.04,0.99,267.69,2.55,20.73,0.86,1.01,262.89,1.79,6.62,0.93,"['1940-04-24', '1968-09-28', '2012-06-29']","[257.5, 312.65, 332.57]"
100645422493,Auckland,ShellyBeach,1940-04-24,2012-06-29,72,3,3,85.99,85.99,1.19,0.04,1.14,265.97,2.73,22.19,0.87,1.16,260.83,1.92,7.09,0.94,"['1940-04-24', '1968-09-28', '2012-06-29']","[255.06, 316.32, 341.06]"
100645422494,Auckland,ShellyBeach,1940-04-24,2012-06-29,72,4,4,93.73,93.73,1.3,0.04,1.25,266.48,1.01,17.72,0.87,1.26,260.89,0.74,5.94,0.92,"['1940-04-24', '1968-09-28', '1975-05-15', '2012-06-29']","[252.7, 319.11, 316.64, 346.43]"
100645422495,Auckland,ShellyBeach,1940-04-24,2022-01-17,82,5,5,107.4,107.4,1.31,0.03,1.18,268.32,0.59,16.67,0.88,1.2,261.57,0.37,5.7,0.95,"['1940-04-24', '1968-09-28', '1975-05-15', '2012-06-29', '2022-01-17']","[250.64, 319.63, 321.51, 348.9, 358.05]"
100645423004,Auckland,ShellyBeach,1940-04-24,2022-01-17,82,5,5,115.2,115.2,1.41,0.03,1.26,266.76,0.62,17.48,0.89,1.29,259.43,0.38,5.89,0.95,"['1940-04-24', '1968-09-28', '1975-05-15', '2012-06-29', '2022-01-17']","[248.29, 319.68, 325.03, 350.99, 363.48]"
100645448125,Auckland,ShellyBeach,1940-04-24,2022-01-17,82,5,5,116.08,116.08,1.42,0.03,1.29,262.97,0.55,15.59,0.91,1.31,256.48,0.34,5.24,0.96,"['1940-04-24', '1968-09-28', '1975-05-15', '2012-06-29', '2022-01-17']","[246.67, 312.43, 323.26, 349.71, 362.75]"
100645448126,Auckland,ShellyBeach,1940-04-24,2022-01-17,82,5,5,114.67,114.67,1.4,0.03,1.26,262.88,0.57,16.19,0.9,1.29,256.12,0.36,5.44,0.96,"['1940-04-24', '1968-09-28', '1975-05-15', '2012-06-29', '2022-01-17']","[245.9, 312.56, 322.57, 347.74, 360.57]"
100645448678,Auckland,ShellyBeach,1940-04-24,2022-01-17,82,5,5,109.8,109.8,1.34,0.03,1.22,263.35,0.53,15.0,0.91,1.24,257.22,0.33,5.11,0.96,"['1940-04-24', '1968-09-28', '1975-05-15', '2012-06-29', '2022-01-17']","[247.43, 313.18, 317.89, 346.96, 357.23]"
100645448679,Auckland,ShellyBeach,1940-04-24,2022-01-17,82,5,5,103.17,103.17,1.26,0.03,1.15,265.59,0.51,14.58,0.9,1.16,259.74,0.33,5.02,0.96,"['1940-04-24', '1968-09-28', '1975-05-15', '2012-06-29', '2022-01-17']","[250.09, 313.2, 316.89, 344.75, 353.26]"
100645448778,Auckland,ShellyBeach,1940-04-24,2012-06-29,72,4,4,95.4,95.4,1.32,0.04,1.28,260.13,0.94,16.48,0.89,1.29,254.88,0.7,5.59,0.93,"['1940-04-24', '1968-09-28', '1975-05-15', '2012-06-29']","[247.08, 308.66, 316.17, 342.48]"
100645449250,Auckland,ShellyBeach,1940-04-24,2012-06-29,72,4,4,93.29,93.29,1.29,0.04,1.26,257.72,0.97,17.09,0.88,1.26,252.38,0.73,5.78,0.93,"['1940-04-24', '1968-09-28', '1975-05-15', '2012-06-29']","[244.4, 303.99, 315.21, 337.7]"
100645449251,Auckland,ShellyBeach,1940-04-24,2012-06-29,72,4,4,90.03,90.03,1.25,0.04,1.21,255.48,0.98,17.21,0.87,1.21,250.17,0.73,5.82,0.92,"['1940-04-24', '1968-09-28', '1975-05-15', '2012-06-29']","[242.21, 299.71, 312.32, 332.23]"
100645449880,Auckland,ShellyBeach,1940-04-24,2012-06-29,72,4,4,89.92,89.92,1.25,0.04,1.22,252.56,0.98,17.21,0.87,1.22,247.45,0.72,5.77,0.92,"['1940-04-24', '1968-09-28', '1975-05-15', '2012-06-29']","[239.74, 294.76, 311.2, 329.67]"
100645449923,Auckland,ShellyBeach,1940-04-24,2012-06-29,72,3,3,90.89,90.89,1.26,0.04,1.25,247.09,2.89,23.4,0.88,1.25,242.33,2.01,7.37,0.94,"['1940-04-24', '1975-05-15', '2012-06-29']","[237.26, 310.07, 328.15]"
100645450296,Auckland,ShellyBeach,1940-04-24,2012-06-29,72,3,3,80.29,80.29,1.11,0.04,1.11,254.6,2.26,18.3,0.9,1.1,250.88,1.57,5.77,0.95,"['1940-04-24', '1975-05-15', '2012-06-29']","[246.92, 308.33, 327.2]"
100645450614,Auckland,ShellyBeach,1940-04-24,2012-06-29,72,3,3,72.52,72.52,1.0,0.04,1.0,261.5,1.49,12.08,0.95,1.0,259.04,1.04,3.81,0.97,"['1940-04-24', '1975-05-15', '2012-06-29']","[256.43, 306.45, 328.95]"
100645451031,Auckland,ShellyBeach,1940-04-24,2012-06-29,72,3,3,67.1,67.1,0.93,0.04,0.93,265.98,0.96,7.74,0.97,0.93,264.41,0.66,2.44,0.99,"['1940-04-24', '1975-05-15', '2012-06-29']","[262.73, 304.8, 329.84]"
100645451321,Auckland,ShellyBeach,1940-04-24,2012-06-29,72,4,4,66.54,66.54,0.92,0.04,0.91,270.18,0.27,4.7,0.98,0.91,269.03,0.18,1.46,0.99,"['1940-04-24', '1968-09-28', '1975-05-15', '2012-06-29']","[267.42, 301.61, 300.63, 333.96]"
100645451968,Auckland,ShellyBeach,1940-04-24,2012-06-29,72,3,3,63.34,63.34,0.88,0.04,0.85,276.99,1.18,9.62,0.95,0.86,274.77,0.83,3.07,0.98,"['1940-04-24', '1968-09-28', '2012-06-29']","[272.27, 309.08, 335.61]"
100645452041,Auckland,ShellyBeach,1940-04-24,2012-06-29,72,3,3,58.25,58.25,0.81,0.04,0.78,281.49,1.15,9.35,0.95,0.79,279.33,0.81,2.98,0.97,"['1940-04-24', '1968-09-28', '2012-06-29']","[276.9, 311.38, 335.16]"
100645452834,Auckland,ShellyBeach,1940-04-24,2012-06-29,72,3,3,55.87,55.87,0.77,0.04,0.75,282.87,1.02,8.34,0.96,0.76,280.95,0.72,2.66,0.98,"['1940-04-24', '1968-09-28', '2012-06-29']","[278.78, 311.07, 334.65]"
100645452990,Auckland,ShellyBeach,1940-04-24,2012-06-29,72,3,3,51.85,51.85,0.72,0.04,0.7,285.75,0.88,7.21,0.96,0.71,284.08,0.62,2.3,0.98,"['1940-04-24', '1968-09-28', '2012-06-29']","[282.21, 311.52, 334.06]"
100645453636,Auckland,ShellyBeach,1940-04-24,2012-06-29,72,3,3,55.84,55.84,0.77,0.04,0.75,286.03,0.96,7.82,0.96,0.76,284.22,0.68,2.5,0.98,"['1940-04-24', '1968-09-28', '2012-06-29']","[282.19, 313.83, 338.03]"
100645453977,Auckland,ShellyBeach,1940-04-24,2012-06-29,72,3,3,62.2,62.2,0.86,0.04,0.83,285.13,1.59,12.93,0.92,0.84,282.14,1.12,4.13,0.96,"['1940-04-24', '1968-09-28', '2012-06-29']","[278.78, 319.23, 340.97]"
100645454542,Auckland,ShellyBeach,1940-04-24,2012-06-29,72,4,4,62.43,62.43,0.86,0.04,0.8,286.4,0.62,11.23,0.88,0.83,283.12,0.43,3.48,0.94,"['1940-04-24', '1968-09-28', '1987-11-17', '2012-06-29']","[279.8, 322.77, 320.03, 342.23]"
100645455162,Auckland,ShellyBeach,1940-04-24,2012-06-29,72,5,5,60.13,60.13,0.83,0.04,0.77,288.15,0.42,9.47,0.86,0.8,284.66,0.3,3.06,0.93,"['1940-04-24', '1968-09-28', '1975-05-15', '1987-11-17', '2012-06-29']","[280.2, 321.49, 321.0, 319.38, 340.32]"
100645455601,Auckland,ShellyBeach,1940-04-24,2012-06-29,72,5,5,62.44,62.44,0.87,0.04,0.79,287.78,0.5,11.22,0.82,0.82,283.76,0.36,3.62,0.91,"['1940-04-24', '1968-09-28', '1975-05-15', '1987-11-17', '2012-06-29']","[279.15, 320.25, 326.43, 316.82, 341.59]"
100645456338,Auckland,ShellyBeach,1940-04-24,2012-06-29,72,5,5,64.89,64.89,0.9,0.04,0.83,286.68,0.48,10.74,0.85,0.86,282.94,0.35,3.48,0.92,"['1940-04-24', '1968-09-28', '1975-05-15', '1987-11-17', '2012-06-29']","[279.04, 319.06, 326.35, 316.57, 343.93]"
100645457059,Auckland,ShellyBeach,1940-04-24,2012-06-29,72,5,5,62.52,62.52,0.87,0.04,0.8,286.83,0.44,9.88,0.86,0.83,283.43,0.32,3.19,0.93,"['1940-04-24', '1968-09-28', '1975-05-15', '1987-11-17', '2012-06-29']","[279.84, 317.01, 325.54, 316.5, 342.36]"
100645458052,Auckland,ShellyBeach,1940-04-24,2012-06-29,72,5,5,60.7,60.7,0.84,0.04,0.79,285.13,0.36,8.0,0.9,0.81,282.44,0.26,2.58,0.95,"['1940-04-24', '1968-09-28', '1975-05-15', '1987-11-17', '2012-06-29']","[279.66, 312.98, 321.81, 315.7, 340.36]"
100645459046,Auckland,ShellyBeach,1940-04-24,2012-06-29,72,5,5,59.33,59.33,0.82,0.04,0.79,283.01,0.31,6.92,0.92,0.8,280.87,0.22,2.2,0.96,"['1940-04-24', '1968-09-28', '1975-05-15', '1987-11-17', '2012-06-29']","[278.59, 308.17, 319.54, 314.7, 337.92]"
100645460531,Auckland,ShellyBeach,1940-04-24,2012-06-29,72,5,5,57.33,57.33,0.79,0.04,0.77,281.32,0.31,6.91,0.92,0.78,279.67,0.21,2.13,0.96,"['1940-04-24', '1968-09-28', '1975-05-15', '1987-11-17', '2012-06-29']","[278.08, 302.85, 318.38, 312.53, 335.41]"
100645462640,Auckland,ShellyBeach,1940-04-24,2012-06-29,72,5,5,55.92,55.92,0.77,0.04,0.76,279.2,0.31,6.87,0.92,0.76,278.13,0.21,2.09,0.96,"['1940-04-24', '1968-09-28', '1975-05-15', '1987-11-17', '2012-06-29']","[277.52, 297.87, 315.78, 309.78, 333.44]"
100645464340,Auckland,ShellyBeach,1940-04-24,2012-06-29,72,5,5,56.12,56.12,0.78,0.04,0.76,276.45,0.3,6.75,0.92,0.76,275.94,0.22,2.17,0.96,"['1940-04-24', '1968-09-28', '1975-05-15', '1987-11-17', '2012-06-29']","[276.65, 293.84, 311.79, 306.19, 332.77]"
100645465339,Auckland,ShellyBeach,1940-04-24,2012-06-29,72,5,5,56.98,56.98,0.79,0.04,0.76,274.96,0.33,7.52,0.9,0.77,274.33,0.26,2.6,0.94,"['1940-04-24', '1968-09-28', '1975-05-15', '1987-11-17', '2012-06-29']","[275.58, 293.07, 310.12, 302.33, 332.56]"
100645466339,Auckland,ShellyBeach,1940-04-24,2012-06-29,72,5,5,54.76,54.76,0.76,0.04,0.71,274.51,0.33,7.47,0.89,0.73,273.36,0.27,2.72,0.93,"['1940-04-24', '1968-09-28', '1975-05-15', '1987-11-17', '2012-06-29']","[274.22, 294.65, 306.83, 298.19, 328.98]"
100645466995,Auckland,ShellyBeach,1940-04-24,2012-06-29,72,5,5,54.89,54.89,0.76,0.04,0.69,273.0,0.37,8.24,0.87,0.72,271.14,0.3,3.05,0.91,"['1940-04-24', '1968-09-28', '1975-05-15', '1987-11-17', '2012-06-29']","[271.47, 297.98, 301.75, 294.01, 326.36]"
100645467880,Auckland,ShellyBeach,1940-04-24,2012-06-29,72,5,5,53.44,53.44,0.74,0.04,0.65,272.86,0.48,10.79,0.77,0.69,269.77,0.38,3.77,0.86,"['1940-04-24', '1968-09-28', '1975-05-15', '1987-11-17', '2012-06-29']","[268.54, 300.06, 303.06, 289.81, 321.98]"
100645468286,Auckland,ShellyBeach,1940-04-24,2012-06-29,72,5,5,54.35,54.35,0.75,0.04,0.65,270.69,0.54,12.11,0.73,0.69,267.17,0.42,4.22,0.83,"['1940-04-24', '1968-09-28', '1975-05-15', '1987-11-17', '2012-06-29']","[265.66, 299.62, 301.3, 286.16, 320.01]"
100645468834,Auckland,ShellyBeach,1940-04-24,2012-06-29,72,5,5,55.54,55.54,0.77,0.04,0.66,267.94,0.56,12.67,0.72,0.71,264.31,0.44,4.43,0.82,"['1940-04-24', '1968-09-28', '1975-05-15', '1987-11-17', '2012-06-29']","[262.89, 297.55, 299.17, 283.05, 318.43]"
100645469559,Auckland,ShellyBeach,1940-04-24,2012-06-29,72,5,5,56.35,56.35,0.78,0.04,0.67,265.87,0.61,13.62,0.69,0.71,261.89,0.47,4.73,0.81,"['1940-04-24', '1968-09-28', '1975-05-15', '1987-11-17', '2012-06-29']","[260.1, 296.47, 298.22, 280.23, 316.45]"
100645469753,Auckland,ShellyBeach,1940-04-24,2012-06-29,72,5,5,57.73,57.73,0.8,0.04,0.69,262.82,0.6,13.51,0.71,0.73,259.13,0.48,4.77,0.81,"['1940-04-24', '1968-09-28', '1975-05-15', '1987-11-17', '2012-06-29']","[258.0, 292.07, 296.83, 277.6, 315.72]"
100645470657,Auckland,ShellyBeach,1940-04-24,2012-06-29,72,5,5,59.46,59.46,0.82,0.04,0.72,259.11,0.59,13.28,0.73,0.76,256.07,0.48,4.77,0.83,"['1940-04-24', '1968-09-28', '1975-05-15', '1987-11-17', '2012-06-29']","[256.06, 284.87, 296.36, 275.26, 315.52]"
100645475275,Auckland,ShellyBeach,1968-09-28,2012-06-29,44,4,4,25.25,39.23,0.58,0.09,0.73,272.81,0.96,11.01,0.71,0.81,270.91,0.8,3.48,0.81,"['1968-09-28', '1975-05-15', '1987-11-17', '2012-06-29']","[283.48, 269.51, 279.95, 308.74]"
100645475429,Auckland,ShellyBeach,1968-09-28,2012-06-29,44,4,4,27.1,35.11,0.62,0.09,0.72,273.79,0.65,7.42,0.84,0.78,272.55,0.54,2.33,0.9,"['1968-09-28', '1975-05-15', '1987-11-17', '2012-06-29']","[281.0, 272.99, 283.18, 308.1]"
100645475430,Auckland,ShellyBeach,1968-09-28,2012-06-29,44,4,4,31.13,36.36,0.71,0.09,0.79,272.24,0.57,6.49,0.89,0.85,270.98,0.48,2.1,0.93,"['1968-09-28', '1975-05-15', '1987-11-17', '2012-06-29']","[278.43, 273.2, 282.87, 309.56]"
100645476101,Auckland,ShellyBeach,1968-09-28,2012-06-29,44,4,4,38.92,44.15,0.89,0.09,0.97,269.88,0.81,9.31,0.86,1.07,267.51,0.75,3.24,0.9,"['1968-09-28', '1975-05-15', '1987-11-17', '2012-06-29']","[277.9, 272.67, 279.75, 316.82]"
100645476102,Auckland,ShellyBeach,1968-09-28,2012-06-29,44,4,4,31.13,41.27,0.71,0.09,0.83,269.18,0.96,10.95,0.76,0.93,266.66,0.85,3.69,0.84,"['1968-09-28', '1975-05-15', '1987-11-17', '2012-06-29']","[279.15, 269.01, 275.83, 310.28]"
100645476219,Auckland,ShellyBeach,1968-09-28,2012-06-29,44,4,4,27.73,42.52,0.63,0.09,0.78,267.72,1.25,14.35,0.62,0.92,264.35,1.12,4.87,0.74,"['1968-09-28', '1975-05-15', '1987-11-17', '2012-06-29']","[280.65, 265.87, 270.3, 308.39]"
100645476968,Auckland,ShellyBeach,1968-09-28,2012-06-29,44,4,4,25.08,45.75,0.57,0.09,0.78,268.14,1.36,15.51,0.58,0.9,265.31,1.14,4.95,0.73,"['1968-09-28', '1975-05-15', '1987-11-17', '2012-06-29']","[283.07, 262.4, 272.85, 308.15]"
100645476969,Auckland,ShellyBeach,1968-09-28,2012-06-29,44,4,4,24.19,52.24,0.55,0.09,0.82,268.25,1.72,19.74,0.49,0.97,264.8,1.44,6.25,0.66,"['1968-09-28', '1975-05-15', '1987-11-17', '2012-06-29']","[287.35, 259.3, 271.59, 311.54]"
100645477018,Auckland,ShellyBeach,1968-09-28,2012-06-29,44,4,4,19.47,49.91,0.45,0.09,0.72,269.78,1.93,22.08,0.37,0.9,265.39,1.66,7.18,0.56,"['1968-09-28', '1975-05-15', '1987-11-17', '2012-06-29']","[290.75, 260.31, 267.65, 310.22]"
100645477839,Auckland,ShellyBeach,1968-09-28,2012-06-29,44,4,4,17.97,48.79,0.41,0.09,0.64,270.34,2.1,24.05,0.28,0.88,264.38,1.91,8.29,0.47,"['1968-09-28', '1975-05-15', '1987-11-17', '2012-06-29']","[291.44, 264.23, 260.63, 309.41]"
100645477840,Auckland,ShellyBeach,1968-09-28,2012-06-29,44,3,3,12.03,49.73,0.27,0.09,0.36,274.0,7.12,34.99,0.09,0.71,263.44,7.09,12.83,0.28,"['1968-09-28', '1987-11-17', '2012-06-29']","[290.03, 252.33, 302.06]"
100645477990,Auckland,ShellyBeach,1968-09-28,2012-06-29,44,3,3,5.63,51.77,0.13,0.09,0.22,270.35,8.06,39.58,0.03,0.62,258.4,8.03,14.52,0.19,"['1968-09-28', '1987-11-17', '2012-06-29']","[288.48, 242.34, 294.11]"
100645478716,Auckland,ShellyBeach,1968-09-28,2012-06-29,44,3,3,4.15,52.65,0.09,0.09,0.19,266.9,8.34,40.97,0.02,0.6,254.54,8.31,15.03,0.17,"['1968-09-28', '1987-11-17', '2012-06-29']","[285.68, 237.18, 289.83]"
100645572557,Auckland,ShellyBeach,1968-09-28,2022-01-17,53,4,4,28.27,29.39,0.53,0.07,0.58,235.57,0.17,2.62,0.98,0.56,236.59,0.16,1.05,0.98,"['1968-09-28', '1975-05-15', '2012-06-29', '2022-01-17']","[237.8, 236.68, 261.98, 266.07]"
100645572871,Auckland,ShellyBeach,1968-09-28,2022-01-17,53,4,4,27.22,27.22,0.51,0.07,0.54,233.07,0.08,1.28,0.99,0.51,234.58,0.18,1.17,0.97,"['1968-09-28', '1975-05-15', '2012-06-29', '2022-01-17']","[233.46, 235.91, 257.82, 260.69]"
100645573791,Auckland,ShellyBeach,1968-09-28,2022-01-17,53,3,3,29.67,29.67,0.56,0.07,0.53,230.65,0.41,2.7,0.98,0.52,230.63,0.26,0.77,0.99,"['1968-09-28', '1975-05-15', '2022-01-17']","[228.88, 236.17, 258.55]"
100645574268,Auckland,ShellyBeach,1968-09-28,2022-01-17,53,3,3,31.0,31.0,0.58,0.07,0.52,230.38,0.9,5.84,0.93,0.51,230.35,0.56,1.66,0.97,"['1968-09-28', '1975-05-15', '2022-01-17']","[226.55, 238.2, 257.55]"
100645574914,Auckland,ShellyBeach,1968-09-28,2022-01-17,53,5,5,36.13,36.13,0.68,0.07,0.64,229.69,0.28,5.48,0.91,0.67,228.96,0.22,2.0,0.94,"['1968-09-28', '1975-05-15', '1987-11-17', '2012-06-29', '2022-01-17']","[227.79, 240.46, 235.51, 259.27, 263.92]"
100645575682,Auckland,ShellyBeach,1940-04-24,2022-01-17,82,6,6,35.8,35.8,0.44,0.03,0.47,223.4,0.23,7.07,0.83,0.5,224.18,0.16,2.79,0.92,"['1940-04-24', '1968-09-28', '1975-05-15', '1987-11-17', '2012-06-29', '2022-01-17']","[229.53, 229.71, 243.11, 236.77, 260.38, 265.33]"
100645576649,Auckland,ShellyBeach,1940-04-24,2022-01-17,82,6,6,36.99,38.86,0.45,0.03,0.47,224.73,0.26,8.2,0.79,0.51,224.95,0.2,3.46,0.88,"['1940-04-24', '1968-09-28', '1975-05-15', '1987-11-17', '2012-06-29', '2022-01-17']","[232.03, 230.16, 244.76, 236.98, 260.6, 269.02]"
100645577477,Auckland,ShellyBeach,1940-04-24,2022-01-17,82,6,6,36.79,44.22,0.45,0.03,0.46,227.13,0.34,10.63,0.68,0.52,227.01,0.3,5.2,0.77,"['1940-04-24', '1968-09-28', '1975-05-15', '1987-11-17', '2012-06-29', '2022-01-17']","[237.65, 230.22, 245.31, 237.05, 260.98, 274.44]"
100645578477,Auckland,ShellyBeach,1940-04-24,2022-01-17,82,6,6,38.25,47.63,0.47,0.03,0.48,227.14,0.37,11.59,0.66,0.54,226.99,0.34,5.9,0.74,"['1940-04-24', '1968-09-28', '1975-05-15', '1987-11-17', '2012-06-29', '2022-01-17']","[239.0, 229.61, 245.13, 237.64, 261.67, 277.25]"
100645579358,Auckland,ShellyBeach,1940-04-24,2022-01-17,82,6,6,35.9,48.77,0.44,0.03,0.47,228.22,0.4,12.54,0.61,0.53,228.71,0.35,6.11,0.72,"['1940-04-24', '1968-09-28', '1975-05-15', '1987-11-17', '2012-06-29', '2022-01-17']","[241.82, 228.96, 244.23, 237.9, 262.67, 277.73]"
100645580357,Auckland,ShellyBeach,1940-04-24,2022-01-17,82,6,6,33.7,47.37,0.41,0.03,0.45,229.43,0.38,12.09,0.61,0.5,230.37,0.32,5.6,0.73,"['1940-04-24', '1968-09-28', '1975-05-15', '1987-11-17', '2012-06-29', '2022-01-17']","[242.77, 229.1, 244.92, 239.56, 263.21, 276.47]"
100645581357,Auckland,ShellyBeach,1940-04-24,2022-01-17,82,6,6,32.47,45.49,0.4,0.03,0.43,231.78,0.38,12.02,0.59,0.49,232.57,0.32,5.66,0.72,"['1940-04-24', '1968-09-28', '1975-05-15', '1987-11-17', '2012-06-29', '2022-01-17']","[245.08, 232.06, 245.86, 240.32, 264.31, 277.55]"
100645582356,Auckland,ShellyBeach,1940-04-24,2022-01-17,82,6,6,31.3,43.96,0.38,0.03,0.41,233.57,0.37,11.76,0.58,0.47,234.19,0.33,5.69,0.7,"['1940-04-24', '1968-09-28', '1975-05-15', '1987-11-17', '2012-06-29', '2022-01-17']","[246.65, 233.98, 246.53, 241.46, 264.35, 277.94]"
100645583356,Auckland,ShellyBeach,1940-04-24,2022-01-17,82,6,6,30.02,43.73,0.37,0.03,0.4,234.36,0.38,12.08,0.55,0.46,235.1,0.33,5.77,0.68,"['1940-04-24', '1968-09-28', '1975-05-15', '1987-11-17', '2012-06-29', '2022-01-17']","[247.83, 234.12, 246.75, 241.28, 264.53, 277.85]"
100645584355,Auckland,ShellyBeach,1940-04-24,2022-01-17,82,6,6,29.77,42.95,0.36,0.03,0.39,234.96,0.39,12.16,0.54,0.45,235.54,0.34,5.88,0.67,"['1940-04-24', '1968-09-28', '1975-05-15', '1987-11-17', '2012-06-29', '2022-01-17']","[248.42, 235.25, 246.81, 240.91, 264.67, 278.19]"
100645585485,Auckland,ShellyBeach,1940-04-24,2022-01-17,82,6,6,26.57,39.8,0.33,0.03,0.36,236.03,0.37,11.76,0.52,0.42,236.93,0.31,5.37,0.68,"['1940-04-24', '1968-09-28', '1975-05-15', '1987-11-17', '2012-06-29', '2022-01-17']","[249.01, 235.78, 247.11, 240.35, 264.54, 275.58]"
100645593352,Auckland,ShellyBeach,1975-05-15,2022-01-17,47,4,4,7.5,13.13,0.16,0.08,0.2,224.96,0.34,4.3,0.6,0.28,222.05,0.29,1.71,0.8,"['1975-05-15', '1987-11-17', '2012-06-29', '2022-01-17']","[228.46, 222.84, 231.7, 235.97]"
100645594242,Auckland,ShellyBeach,1968-09-28,2022-01-17,53,5,5,6.41,9.72,0.12,0.07,0.11,226.55,0.15,2.88,0.5,0.17,223.97,0.19,1.68,0.61,"['1968-09-28', '1975-05-15', '1987-11-17', '2012-06-29', '2022-01-17']","[228.21, 228.38, 224.91, 229.96, 234.63]"
100645595191,Auckland,ShellyBeach,1940-04-24,2022-01-17,82,6,6,-0.8,8.26,-0.01,0.03,-0.01,232.52,0.11,3.49,0.01,0.01,232.32,0.11,1.92,0.01,"['1940-04-24', '1968-09-28', '1975-05-15', '1987-11-17', '2012-06-29', '2022-01-17']","[236.16, 230.35, 230.99, 227.9, 231.66, 235.36]"
100645596186,Auckland,ShellyBeach,1940-04-24,2022-01-17,82,6,6,-3.63,11.57,-0.04,0.03,-0.04,236.23,0.14,4.32,0.11,-0.02,235.91,0.12,2.15,0.03,"['1940-04-24', '1968-09-28', '1975-05-15', '1987-11-17', '2012-06-29', '2022-01-17']","[240.05, 231.52, 236.02, 228.48, 233.07, 236.42]"
100645597260,Auckland,ShellyBeach,1940-04-24,2022-01-17,82,6,6,-6.85,11.23,-0.08,0.03,-0.09,237.78,0.1,3.27,0.44,-0.07,237.4,0.08,1.36,0.45,"['1940-04-24', '1968-09-28', '1975-05-15', '1987-11-17', '2012-06-29', '2022-01-17']","[239.55, 234.01, 236.94, 228.32, 232.38, 232.69]"
100645598312,Auckland,ShellyBeach,1940-04-24,2022-01-17,82,6,6,-7.35,10.65,-0.09,0.03,-0.09,237.4,0.1,3.25,0.48,-0.07,236.99,0.08,1.36,0.51,"['1940-04-24', '1968-09-28', '1975-05-15', '1987-11-17', '2012-06-29', '2022-01-17']","[237.83, 235.71, 236.19, 227.18, 232.36, 230.48]"
100645599344,Auckland,ShellyBeach,1940-04-24,1987-11-17,48,4,4,-10.16,12.49,-0.21,0.07,-0.15,238.1,0.49,5.81,0.29,-0.16,237.11,0.38,1.9,0.44,"['1940-04-24', '1968-09-28', '1975-05-15', '1987-11-17']","[235.75, 236.22, 238.08, 225.59]"
100645695971,Auckland,ShellyBeach,1940-04-24,2022-01-17,82,3,3,-14.18,14.18,-0.17,0.03,-0.18,334.43,0.36,3.34,0.91,-0.18,333.61,0.19,1.07,0.97,"['1940-04-24', '1968-09-28', '2022-01-17']","[332.68, 331.89, 318.49]"
100645696953,Auckland,ShellyBeach,1940-04-24,2022-01-17,82,3,3,-15.0,17.05,-0.18,0.03,-0.2,333.33,0.63,5.84,0.8,-0.2,331.9,0.34,1.87,0.93,"['1940-04-24', '1968-09-28', '2022-01-17']","[330.26, 332.31, 315.26]"
100645697658,Auckland,ShellyBeach,1940-04-24,2022-01-17,82,4,4,-15.85,23.26,-0.19,0.03,-0.25,330.78,0.34,7.69,0.7,-0.23,327.67,0.21,2.52,0.84,"['1940-04-24', '1968-09-28', '2012-06-29', '2022-01-17']","[325.22, 332.63, 310.23, 309.37]"
100645698279,Auckland,ShellyBeach,1940-04-24,2022-01-17,82,4,4,-15.36,26.92,-0.19,0.03,-0.25,327.76,0.43,9.8,0.59,-0.23,324.3,0.26,3.08,0.77,"['1940-04-24', '1968-09-28', '2012-06-29', '2022-01-17']","[320.54, 332.1, 307.6, 305.18]"
100645698860,Auckland,ShellyBeach,1940-04-24,2022-01-17,82,4,4,-11.87,25.75,-0.15,0.03,-0.22,323.43,0.47,10.64,0.49,-0.2,319.07,0.29,3.52,0.66,"['1940-04-24', '1968-09-28', '2012-06-29', '2022-01-17']","[315.75, 329.44, 303.69, 303.88]"
100645699567,Auckland,ShellyBeach,1940-04-24,2022-01-17,82,4,4,-2.29,24.19,-0.03,0.03,-0.12,316.42,0.53,12.04,0.19,-0.09,311.12,0.36,4.3,0.21,"['1940-04-24', '1968-09-28', '2012-06-29', '2022-01-17']","[307.9, 326.79, 302.6, 305.61]"
100645700534,Auckland,ShellyBeach,1940-04-24,2022-01-17,82,4,4,3.27,23.92,0.04,0.03,-0.06,311.11,0.6,13.66,0.04,-0.03,305.44,0.38,4.57,0.02,"['1940-04-24', '1968-09-28', '2012-06-29', '2022-01-17']","[301.29, 325.21, 301.85, 304.56]"
100645701532,Auckland,ShellyBeach,1940-04-24,2022-01-17,82,5,5,3.87,26.83,0.05,0.03,-0.06,309.56,0.44,12.52,0.04,-0.03,303.76,0.27,4.07,0.03,"['1940-04-24', '1968-09-28', '1975-05-15', '2012-06-29', '2022-01-17']","[296.97, 323.8, 312.05, 300.56, 300.84]"
100645702531,Auckland,ShellyBeach,1940-04-24,2022-01-17,82,4,4,3.98,29.93,0.05,0.03,-0.02,304.3,0.81,16.32,0.0,-0.03,299.83,0.43,5.22,0.02,"['1940-04-24', '1968-09-28', '1975-05-15', '2022-01-17']","[293.01, 322.94, 301.5, 296.99]"
100645703702,Auckland,ShellyBeach,1940-04-24,2022-01-17,82,4,4,5.74,34.39,0.07,0.03,-0.01,301.37,0.92,18.42,0.0,-0.02,295.95,0.49,5.99,0.01,"['1940-04-24', '1968-09-28', '1975-05-15', '2022-01-17']","[287.82, 322.22, 300.78, 293.56]"
100645704700,Auckland,ShellyBeach,1940-04-24,1975-05-15,35,3,3,20.03,38.18,0.57,0.13,0.8,286.2,4.04,16.86,0.61,0.9,284.66,3.16,4.5,0.76,"['1940-04-24', '1968-09-28', '1975-05-15']","[283.75, 321.93, 303.78]"
100645705697,Auckland,ShellyBeach,1940-04-24,1975-05-15,35,3,3,26.16,41.1,0.75,0.13,0.95,282.15,3.66,15.28,0.73,1.04,280.75,2.87,4.08,0.84,"['1940-04-24', '1968-09-28', '1975-05-15']","[279.93, 321.03, 306.09]"
100645706513,Auckland,ShellyBeach,1940-04-24,1975-05-15,35,3,3,29.57,41.25,0.84,0.13,1.02,279.75,3.18,13.27,0.81,1.1,278.53,2.49,3.55,0.89,"['1940-04-24', '1968-09-28', '1975-05-15']","[277.82, 319.07, 307.39]"
100645707245,Auckland,ShellyBeach,1940-04-24,1975-05-15,35,3,3,29.27,39.3,0.83,0.13,1.0,277.63,2.87,11.96,0.83,1.07,276.54,2.24,3.19,0.9,"['1940-04-24', '1968-09-28', '1975-05-15']","[275.9, 315.19, 305.17]"
100645707874,Auckland,ShellyBeach,1940-04-24,1975-05-15,35,3,3,30.6,38.5,0.87,0.13,1.02,273.78,2.52,10.51,0.87,1.08,272.82,1.97,2.81,0.92,"['1940-04-24', '1968-09-28', '1975-05-15']","[272.26, 310.75, 302.86]"
100645708643,Auckland,ShellyBeach,1940-04-24,2022-01-17,82,5,5,25.74,36.95,0.31,0.03,0.23,284.66,0.49,13.97,0.29,0.24,279.76,0.34,5.28,0.47,"['1940-04-24', '1968-09-28', '1975-05-15', '2012-06-29', '2022-01-17']","[270.03, 306.99, 300.54, 299.84, 295.77]"
100645709519,Auckland,ShellyBeach,1940-04-24,2022-01-17,82,6,6,30.21,39.68,0.37,0.03,0.3,283.24,0.4,12.68,0.39,0.27,280.35,0.31,5.36,0.46,"['1940-04-24', '1968-09-28', '1975-05-15', '1987-11-17', '2012-06-29', '2022-01-17']","[267.77, 304.54, 299.91, 307.45, 302.04, 297.98]"
100645710196,Auckland,ShellyBeach,1940-04-24,2022-01-17,82,6,6,33.2,42.03,0.41,0.03,0.33,281.88,0.41,12.85,0.43,0.3,278.66,0.3,5.23,0.52,"['1940-04-24', '1968-09-28', '1975-05-15', '1987-11-17', '2012-06-29', '2022-01-17']","[266.25, 303.92, 299.5, 308.27, 301.61, 299.45]"
100645710877,Auckland,ShellyBeach,1940-04-24,2022-01-17,82,6,6,34.53,42.5,0.42,0.03,0.34,281.35,0.4,12.68,0.45,0.31,277.91,0.29,5.03,0.56,"['1940-04-24', '1968-09-28', '1975-05-15', '1987-11-17', '2012-06-29', '2022-01-17']","[265.98, 303.51, 299.09, 308.48, 301.09, 300.51]"
100645711556,Auckland,ShellyBeach,1940-04-24,2022-01-17,82,6,6,37.54,42.22,0.46,0.03,0.39,279.08,0.4,12.42,0.52,0.36,275.97,0.3,5.13,0.63,"['1940-04-24', '1968-09-28', '1975-05-15', '1987-11-17', '2012-06-29', '2022-01-17']","[263.8, 303.41, 298.68, 306.02, 304.06, 301.33]"
100645712412,Auckland,ShellyBeach,1940-04-24,2022-01-17,82,6,6,39.03,44.73,0.48,0.03,0.41,278.84,0.38,11.98,0.57,0.37,275.91,0.28,4.86,0.67,"['1940-04-24', '1968-09-28', '1975-05-15', '1987-11-17', '2012-06-29', '2022-01-17']","[264.48, 301.72, 298.27, 309.21, 303.98, 303.5]"
100645713174,Auckland,ShellyBeach,1940-04-24,2022-01-17,82,6,6,41.02,44.74,0.5,0.03,0.43,277.84,0.35,10.9,0.64,0.4,274.99,0.25,4.36,0.74,"['1940-04-24', '1968-09-28', '1975-05-15', '1987-11-17', '2012-06-29', '2022-01-17']","[265.01, 298.86, 298.45, 309.75, 304.06, 306.03]"
100645714158,Auckland,ShellyBeach,1940-04-24,2022-01-17,82,6,6,42.41,44.84,0.52,0.03,0.46,276.66,0.32,10.09,0.7,0.43,274.27,0.24,4.08,0.79,"['1940-04-24', '1968-09-28', '1975-05-15', '1987-11-17', '2012-06-29', '2022-01-17']","[265.06, 296.01, 298.92, 309.9, 305.35, 307.47]"
100645714871,Auckland,ShellyBeach,1940-04-24,2022-01-17,82,6,6,39.0,43.17,0.48,0.03,0.43,278.82,0.31,9.71,0.69,0.39,276.96,0.23,4.01,0.77,"['1940-04-24', '1968-09-28', '1975-05-15', '1987-11-17', '2012-06-29', '2022-01-17']","[268.12, 295.95, 299.4, 311.29, 305.71, 307.13]"
100645722951,Auckland,ShellyBeach,1940-04-24,2022-01-17,82,6,6,4.73,12.21,0.06,0.03,0.03,284.87,0.16,4.89,0.05,0.04,284.05,0.09,1.49,0.21,"['1940-04-24', '1968-09-28', '1975-05-15', '1987-11-17', '2012-06-29', '2022-01-17']","[282.04, 294.25, 282.29, 285.19, 287.71, 286.77]"
100645723942,Auckland,ShellyBeach,1940-04-24,2022-01-17,82,6,6,0.71,16.54,0.01,0.03,-0.03,288.19,0.21,6.47,0.02,-0.01,286.88,0.11,1.86,0.01,"['1940-04-24', '1968-09-28', '1975-05-15', '1987-11-17', '2012-06-29', '2022-01-17']","[284.94, 298.51, 281.97, 284.45, 286.26, 285.65]"
100645724656,Auckland,ShellyBeach,1940-04-24,2022-01-17,82,6,6,-3.2,21.08,-0.04,0.03,-0.09,291.75,0.26,8.28,0.11,-0.06,289.97,0.14,2.4,0.19,"['1940-04-24', '1968-09-28', '1975-05-15', '1987-11-17', '2012-06-29', '2022-01-17']","[287.63, 303.52, 282.45, 283.72, 285.68, 284.43]"
100645725651,Auckland,ShellyBeach,1940-04-24,2022-01-17,82,6,6,-7.77,27.42,-0.1,0.03,-0.16,296.27,0.34,10.62,0.21,-0.13,293.6,0.18,3.1,0.37,"['1940-04-24', '1968-09-28', '1975-05-15', '1987-11-17', '2012-06-29', '2022-01-17']","[291.02, 309.9, 283.23, 282.48, 284.27, 283.24]"
100645726449,Auckland,ShellyBeach,1940-04-24,2022-01-17,82,6,6,-11.69,31.45,-0.14,0.03,-0.22,299.56,0.37,11.49,0.29,-0.18,296.46,0.2,3.41,0.48,"['1940-04-24', '1968-09-28', '1975-05-15', '1987-11-17', '2012-06-29', '2022-01-17']","[294.51, 312.79, 284.01, 281.34, 283.12, 282.82]"
100645727439,Auckland,ShellyBeach,1940-04-24,2022-01-17,82,6,6,-15.58,31.74,-0.19,0.03,-0.27,302.61,0.34,10.77,0.42,-0.22,299.33,0.19,3.31,0.6,"['1940-04-24', '1968-09-28', '1975-05-15', '1987-11-17', '2012-06-29', '2022-01-17']","[297.95, 313.02, 286.91, 281.29, 282.35, 282.38]"
100645728355,Auckland,ShellyBeach,1940-04-24,2022-01-17,82,6,6,-18.93,30.59,-0.23,0.03,-0.31,305.38,0.3,9.54,0.54,-0.26,302.01,0.18,3.05,0.72,"['1940-04-24', '1968-09-28', '1975-05-15', '1987-11-17', '2012-06-29', '2022-01-17']","[300.8, 312.46, 290.63, 282.25, 281.87, 281.87]"
100645729223,Auckland,ShellyBeach,1940-04-24,2022-01-17,82,6,6,-21.2,28.83,-0.26,0.03,-0.33,306.77,0.24,7.58,0.68,-0.29,303.64,0.14,2.47,0.82,"['1940-04-24', '1968-09-28', '1975-05-15', '1987-11-17', '2012-06-29', '2022-01-17']","[302.23, 309.86, 294.36, 283.99, 281.72, 281.02]"
100645730221,Auckland,ShellyBeach,1940-04-24,2022-01-17,82,6,6,-20.78,25.45,-0.25,0.03,-0.32,305.66,0.19,6.08,0.75,-0.28,302.73,0.12,2.07,0.87,"['1940-04-24', '1968-09-28', '1975-05-15', '1987-11-17', '2012-06-29', '2022-01-17']","[301.44, 306.11, 295.73, 284.59, 281.19, 280.67]"
100645731111,Auckland,ShellyBeach,1940-04-24,2022-01-17,82,6,6,-16.32,25.07,-0.2,0.03,-0.28,302.81,0.22,7.03,0.64,-0.24,299.18,0.14,2.35,0.78,"['1940-04-24', '1968-09-28', '1975-05-15', '1987-11-17', '2012-06-29', '2022-01-17']","[296.85, 305.58, 296.08, 283.75, 280.51, 280.53]"
100645731990,Auckland,ShellyBeach,1968-09-28,2022-01-17,53,5,5,-26.19,26.19,-0.49,0.07,-0.44,300.12,0.33,6.43,0.77,-0.33,296.2,0.3,2.57,0.7,"['1968-09-28', '1975-05-15', '1987-11-17', '2012-06-29', '2022-01-17']","[306.32, 296.43, 283.16, 280.39, 280.13]"
100645732967,Auckland,ShellyBeach,1968-09-28,2022-01-17,53,5,5,-29.27,29.27,-0.55,0.07,-0.48,300.9,0.28,5.53,0.85,-0.41,298.77,0.22,1.94,0.86,"['1968-09-28', '1975-05-15', '1987-11-17', '2012-06-29', '2022-01-17']","[306.32, 296.79, 284.11, 280.67, 277.05]"
100645733838,Auckland,ShellyBeach,1968-09-28,2022-01-17,53,5,5,-22.98,25.3,-0.43,0.07,-0.41,299.87,0.24,4.74,0.84,-0.31,295.7,0.32,2.81,0.63,"['1968-09-28', '1975-05-15', '1987-11-17', '2012-06-29', '2022-01-17']","[304.74, 295.33, 287.56, 279.45, 281.77]"
100645734838,Auckland,ShellyBeach,1968-09-28,2022-01-17,53,5,5,-20.97,20.97,-0.39,0.07,-0.36,297.74,0.18,3.56,0.88,-0.3,295.28,0.19,1.69,0.81,"['1968-09-28', '1975-05-15', '1987-11-17', '2012-06-29', '2022-01-17']","[301.73, 293.57, 287.28, 280.83, 280.77]"
100645735838,Auckland,ShellyBeach,1968-09-28,2022-01-17,53,5,5,-18.83,18.83,-0.35,0.07,-0.33,295.63,0.1,1.99,0.95,-0.3,294.73,0.09,0.77,0.96,"['1968-09-28', '1975-05-15', '1987-11-17', '2012-06-29', '2022-01-17']","[298.08, 291.83, 287.92, 281.05, 279.25]"
100645890181,Auckland,ShellyBeach,1968-09-28,2022-01-17,53,5,5,-44.12,44.12,-0.83,0.07,-0.83,149.32,0.05,0.9,1.0,-0.82,148.89,0.07,0.6,1.0,"['1968-09-28', '1975-05-15', '1987-11-17', '2012-06-29', '2022-01-17']","[149.78, 142.91, 134.22, 112.34, 105.66]"
100645890592,Auckland,ShellyBeach,1968-09-28,2022-01-17,53,5,5,-44.63,44.63,-0.84,0.07,-0.77,147.69,0.18,3.5,0.97,-0.76,147.31,0.11,1.03,0.99,"['1968-09-28', '1975-05-15', '1987-11-17', '2012-06-29', '2022-01-17']","[151.74, 138.11, 132.67, 113.8, 107.12]"
100645891016,Auckland,ShellyBeach,1968-09-28,2022-01-17,53,5,5,-36.94,36.94,-0.69,0.07,-0.63,138.61,0.17,3.33,0.96,-0.7,141.77,0.25,2.28,0.93,"['1968-09-28', '1975-05-15', '1987-11-17', '2012-06-29', '2022-01-17']","[139.19, 131.11, 129.42, 113.48, 102.26]"
100645891017,Auckland,ShellyBeach,1968-09-28,2022-01-17,53,5,5,-40.51,40.51,-0.76,0.07,-0.7,144.89,0.14,2.75,0.98,-0.7,145.4,0.1,0.9,0.99,"['1968-09-28', '1975-05-15', '1987-11-17', '2012-06-29', '2022-01-17']","[147.9, 136.66, 131.5, 115.11, 107.39]"
100645891353,Auckland,ShellyBeach,1940-04-24,2022-01-17,82,6,6,-31.96,33.61,-0.39,0.03,-0.4,138.09,0.23,7.21,0.77,-0.44,138.15,0.22,3.76,0.83,"['1940-04-24', '1968-09-28', '1975-05-15', '1987-11-17', '2012-06-29', '2022-01-17']","[130.3, 131.96, 125.88, 127.22, 109.11, 98.34]"
100645891873,Auckland,ShellyBeach,1940-04-24,2022-01-17,82,6,6,-30.79,30.79,-0.38,0.03,-0.39,135.09,0.17,5.39,0.86,-0.42,134.84,0.14,2.36,0.92,"['1940-04-24', '1968-09-28', '1975-05-15', '1987-11-17', '2012-06-29', '2022-01-17']","[129.81, 126.69, 122.27, 124.17, 104.86, 99.02]"
100645892037,Auckland,ShellyBeach,1940-04-24,2022-01-17,82,6,6,-31.55,31.55,-0.39,0.03,-0.38,131.97,0.13,4.23,0.9,-0.41,132.66,0.12,2.13,0.93,"['1940-04-24', '1968-09-28', '1975-05-15', '1987-11-17', '2012-06-29', '2022-01-17']","[128.84, 121.48, 119.06, 120.88, 104.44, 97.29]"
100645892775,Auckland,ShellyBeach,1940-04-24,2022-01-17,82,6,6,-32.1,32.1,-0.39,0.03,-0.36,130.25,0.11,3.52,0.92,-0.39,131.8,0.1,1.7,0.95,"['1940-04-24', '1968-09-28', '1975-05-15', '1987-11-17', '2012-06-29', '2022-01-17']","[130.34, 117.52, 115.79, 118.86, 104.93, 98.25]"
100645893120,Auckland,ShellyBeach,1940-04-24,1987-11-17,48,4,4,-12.59,17.85,-0.26,0.07,-0.3,130.45,0.51,6.04,0.61,-0.3,131.76,0.4,1.96,0.71,"['1940-04-24', '1968-09-28', '1975-05-15', '1987-11-17']","[133.35, 115.5, 118.36, 120.76]"
100645893790,Auckland,ShellyBeach,1940-04-24,1987-11-17,48,4,4,-7.96,19.1,-0.17,0.07,-0.2,128.99,0.69,8.28,0.26,-0.2,130.69,0.52,2.58,0.39,"['1940-04-24', '1968-09-28', '1975-05-15', '1987-11-17']","[132.66, 113.56, 123.21, 124.7]"
100645894485,Auckland,ShellyBeach,1940-04-24,1987-11-17,48,4,4,-7.85,23.77,-0.16,0.07,-0.19,131.35,0.95,11.34,0.14,-0.2,133.54,0.7,3.45,0.26,"['1940-04-24', '1968-09-28', '1975-05-15', '1987-11-17']","[135.98, 112.21, 128.34, 128.13]"
100217932182,Auckland,ShoalBay,1940-04-22,1963-04-27,23,3,3,9.19,11.64,0.4,0.13,0.42,268.31,2.08,5.38,0.62,0.42,268.3,2.08,2.46,0.62,"['1940-04-22', '1950-09-19', '1963-04-27']","[270.71, 268.27, 279.9]"
100217934482,Auckland,ShoalBay,1940-04-22,1963-04-27,23,3,3,12.72,15.99,0.55,0.13,0.58,269.84,2.85,7.35,0.62,0.58,269.83,2.84,3.36,0.62,"['1940-04-22', '1950-09-19', '1963-04-27']","[273.12, 269.86, 285.85]"
100217937272,Auckland,ShoalBay,1940-04-22,1986-04-15,46,4,4,31.34,31.35,0.68,0.07,0.74,267.89,0.34,3.99,0.95,0.74,267.89,0.34,1.82,0.95,"['1940-04-22', '1950-09-19', '1963-04-27', '1986-04-15']","[270.97, 270.96, 285.78, 302.31]"
100217940076,Auckland,ShoalBay,1940-04-22,1986-04-15,46,5,5,32.26,32.26,0.7,0.07,0.73,267.32,0.24,3.69,0.95,0.74,267.31,0.23,1.63,0.95,"['1940-04-22', '1950-09-19', '1963-04-27', '1975-07-31', '1986-04-15']","[269.66, 270.45, 287.34, 291.04, 301.92]"
100217942497,Auckland,ShoalBay,1940-04-22,1986-04-15,46,6,6,30.82,31.64,0.67,0.07,0.74,268.08,0.2,3.53,0.94,0.74,267.92,0.2,1.53,0.94,"['1940-04-22', '1950-09-19', '1963-04-27', '1968-09-28', '1975-07-31', '1986-04-15']","[270.95, 270.13, 286.62, 291.51, 292.93, 301.77]"
100217946115,Auckland,ShoalBay,1940-04-22,1986-04-15,46,6,6,31.4,31.41,0.68,0.07,0.74,267.61,0.2,3.5,0.94,0.74,267.39,0.19,1.45,0.95,"['1940-04-22', '1950-09-19', '1963-04-27', '1968-09-28', '1975-07-31', '1986-04-15']","[270.17, 270.15, 285.78, 292.11, 292.09, 301.57]"
100217947634,Auckland,ShoalBay,1940-04-22,1986-04-15,46,6,6,32.33,32.33,0.7,0.07,0.75,265.48,0.21,3.64,0.94,0.75,265.2,0.18,1.4,0.95,"['1940-04-22', '1950-09-19', '1963-04-27', '1968-09-28', '1975-07-31', '1986-04-15']","[267.56, 268.61, 283.8, 290.94, 289.01, 299.89]"
100217950629,Auckland,ShoalBay,1940-04-22,2012-01-01,72,6,6,21.57,27.45,0.3,0.03,0.36,253.04,0.14,4.3,0.88,0.35,252.67,0.1,1.84,0.94,"['1940-04-22', '1950-09-19', '1968-09-28', '1986-04-15', '2003-01-01', '2012-01-01']","[255.94, 250.06, 267.39, 270.86, 275.92, 277.51]"
100217951083,Auckland,ShoalBay,1940-04-22,2017-01-01,77,4,4,28.04,32.87,0.37,0.03,0.42,256.96,0.19,4.61,0.95,0.42,256.97,0.14,2.11,0.98,"['1940-04-22', '1950-09-19', '2012-01-01', '2017-01-01']","[261.2, 256.38, 287.27, 289.24]"
100217951687,Auckland,ShoalBay,1940-04-22,2017-01-01,77,4,4,28.67,29.44,0.37,0.03,0.41,262.03,0.11,2.65,0.98,0.4,262.74,0.16,2.5,0.96,"['1940-04-22', '1950-09-19', '2012-01-01', '2017-01-01']","[264.09, 263.83, 293.28, 292.76]"
100217952005,Auckland,ShoalBay,1940-04-22,2012-01-01,72,3,3,44.99,44.99,0.63,0.03,0.64,260.92,0.27,2.31,1.0,0.65,260.91,0.17,1.06,1.0,"['1940-04-22', '1950-09-19', '2012-01-01']","[262.41, 265.89, 307.41]"
100217952285,Auckland,ShoalBay,1940-04-22,1968-09-28,28,4,4,18.74,18.74,0.66,0.14,0.66,259.6,0.2,1.48,0.98,0.64,259.75,0.2,0.6,0.98,"['1940-04-22', '1950-09-19', '1963-04-27', '1968-09-28']","[260.62, 265.03, 274.25, 279.36]"
100217952878,Auckland,ShoalBay,1940-04-22,1986-04-15,46,5,5,29.42,29.42,0.64,0.07,0.67,256.97,0.11,1.66,0.99,0.67,256.95,0.11,0.75,0.99,"['1940-04-22', '1950-09-19', '1963-04-27', '1968-09-28', '1986-04-15']","[258.4, 261.54, 272.98, 276.41, 287.81]"
100217953021,Auckland,ShoalBay,1940-04-22,1986-04-15,46,6,6,31.6,31.6,0.69,0.07,0.72,254.09,0.08,1.35,0.99,0.72,254.08,0.08,0.61,0.99,"['1940-04-22', '1950-09-19', '1963-04-27', '1968-09-28', '1975-07-31', '1986-04-15']","[255.48, 259.33, 270.98, 274.79, 279.76, 287.07]"
100217953396,Auckland,ShoalBay,1940-04-22,1975-07-31,35,4,4,25.4,25.4,0.72,0.11,0.75,248.58,0.16,1.49,0.99,0.75,248.53,0.19,0.68,0.98,"['1940-04-22', '1950-09-19', '1963-04-27', '1975-07-31']","[249.32, 254.76, 266.92, 274.73]"
100218122992,Auckland,ShoalBay,1940-04-22,1968-09-28,28,4,4,-13.39,13.39,-0.47,0.14,-0.44,157.59,0.34,2.6,0.88,-0.39,157.26,0.32,0.96,0.86,"['1940-04-22', '1950-09-19', '1963-04-27', '1968-09-28']","[156.22, 154.56, 149.5, 142.83]"
100218123561,Auckland,ShoalBay,1950-09-19,1986-04-15,36,5,5,-0.93,3.22,-0.03,0.09,-0.04,152.36,0.11,1.25,0.22,-0.03,152.49,0.09,0.45,0.2,"['1950-09-19', '1963-04-27', '1968-09-28', '1975-07-31', '1986-04-15']","[153.08, 151.86, 150.97, 149.86, 152.15]"
100218123562,Auckland,ShoalBay,1940-04-22,1968-09-28,28,4,4,-12.18,12.18,-0.43,0.14,-0.41,158.52,0.15,1.14,0.97,-0.42,158.58,0.17,0.51,0.96,"['1940-04-22', '1950-09-19', '1963-04-27', '1968-09-28']","[159.34, 152.89, 149.13, 147.16]"
100218123714,Auckland,ShoalBay,1950-09-19,1986-04-15,36,5,5,-1.13,3.01,-0.03,0.09,-0.05,154.57,0.1,1.1,0.32,-0.05,154.62,0.1,0.5,0.3,"['1950-09-19', '1963-04-27', '1968-09-28', '1975-07-31', '1986-04-15']","[153.71, 155.59, 153.48, 153.08, 152.59]"
100218124168,Auckland,ShoalBay,1940-04-22,1986-04-15,46,6,6,-19.23,26.0,-0.42,0.07,-0.49,164.79,0.34,6.04,0.69,-0.45,165.19,0.29,2.27,0.73,"['1940-04-22', '1950-09-19', '1963-04-27', '1968-09-28', '1975-07-31', '1986-04-15']","[168.82, 160.79, 150.61, 142.81, 146.28, 149.58]"
100218124169,Auckland,ShoalBay,1950-09-19,1986-04-15,36,5,5,-3.12,9.03,-0.09,0.09,-0.1,155.49,0.32,3.58,0.16,-0.1,156.24,0.23,1.17,0.24,"['1950-09-19', '1963-04-27', '1968-09-28', '1975-07-31', '1986-04-15']","[157.54, 155.18, 148.5, 152.41, 154.42]"
100218252929,Auckland,ShoalBay,1940-04-22,1986-04-15,46,6,6,-23.15,23.15,-0.5,0.07,-0.53,161.81,0.14,2.46,0.94,-0.51,161.87,0.12,0.96,0.95,"['1940-04-22', '1950-09-19', '1963-04-27', '1968-09-28', '1975-07-31', '1986-04-15']","[163.87, 155.09, 150.01, 145.08, 140.89, 140.71]"
100218252930,Auckland,ShoalBay,1940-04-22,1986-04-15,46,6,6,-22.73,26.05,-0.49,0.07,-0.55,163.15,0.29,5.09,0.8,-0.51,163.4,0.26,2.01,0.82,"['1940-04-22', '1950-09-19', '1963-04-27', '1968-09-28', '1975-07-31', '1986-04-15']","[167.31, 157.1, 148.14, 142.1, 141.27, 144.59]"
100218253192,Auckland,ShoalBay,1940-04-22,1975-07-31,35,4,4,-24.26,24.26,-0.69,0.11,-0.64,165.42,0.27,2.42,0.96,-0.62,165.24,0.3,1.06,0.95,"['1940-04-22', '1950-09-19', '1963-04-27', '1975-07-31']","[165.95, 156.73, 153.13, 141.69]"
100218253638,Auckland,ShoalBay,1940-04-22,1975-07-31,35,3,3,-25.03,25.03,-0.71,0.11,-0.68,165.08,0.72,2.92,0.97,-0.71,165.18,0.9,1.29,0.96,"['1940-04-22', '1950-09-19', '1975-07-31']","[166.72, 155.66, 141.69]"
100218253641,Auckland,ShoalBay,1940-04-22,1975-07-31,35,3,3,-18.37,18.37,-0.52,0.11,-0.49,166.78,0.7,2.85,0.95,-0.52,166.87,0.88,1.26,0.93,"['1940-04-22', '1950-09-19', '1975-07-31']","[168.38, 159.36, 150.0]"
100218301228,Auckland,ShoalBay,1940-04-22,2024-01-01,84,10,10,-69.09,69.09,-0.83,0.03,-0.83,154.97,0.06,2.98,0.99,-0.79,154.26,0.09,2.75,0.97,"['1940-04-22', '1950-09-19', '1963-04-27', '1968-09-28', '1975-07-31', '1986-04-15', '2003-01-01', '2012-01-01', '2017-01-01', '2024-01-01']","[156.92, 149.45, 134.57, 127.41, 126.75, 115.26, 99.67, 94.19, 95.69, 87.84]"
100218302134,Auckland,ShoalBay,1940-04-22,2024-01-01,84,10,10,-61.68,65.83,-0.74,0.03,-0.84,151.79,0.1,4.5,0.97,-0.72,145.35,0.2,6.5,0.85,"['1940-04-22', '1950-09-19', '1963-04-27', '1968-09-28', '1975-07-31', '1986-04-15', '2003-01-01', '2012-01-01', '2017-01-01', '2024-01-01']","[152.27, 144.77, 132.89, 126.29, 124.27, 113.69, 91.64, 88.18, 86.44, 90.59]"
100218303565,Auckland,ShoalBay,1940-04-22,2024-01-01,84,10,10,-53.96,61.21,-0.64,0.03,-0.75,147.9,0.11,5.17,0.95,-0.62,140.41,0.24,7.8,0.74,"['1940-04-22', '1950-09-19', '1963-04-27', '1968-09-28', '1975-07-31', '1986-04-15', '2003-01-01', '2012-01-01', '2017-01-01', '2024-01-01']","[149.07, 139.47, 133.87, 123.96, 124.57, 111.7, 93.13, 90.13, 87.86, 95.12]"
100218304460,Auckland,ShoalBay,1940-04-22,2024-01-01,84,10,10,-52.18,56.29,-0.62,0.03,-0.72,145.74,0.09,4.35,0.96,-0.62,139.97,0.18,5.79,0.83,"['1940-04-22', '1950-09-19', '1963-04-27', '1968-09-28', '1975-07-31', '1986-04-15', '2003-01-01', '2012-01-01', '2017-01-01', '2024-01-01']","[145.52, 138.13, 131.34, 123.23, 125.43, 111.94, 93.89, 91.34, 89.22, 93.33]"
100218305355,Auckland,ShoalBay,1940-04-22,2024-01-01,84,9,9,-49.6,54.68,-0.59,0.03,-0.68,143.76,0.09,4.08,0.97,-0.58,137.97,0.21,5.97,0.8,"['1940-04-22', '1950-09-19', '1968-09-28', '1975-07-31', '1986-04-15', '2003-01-01', '2012-01-01', '2017-01-01', '2024-01-01']","[143.4, 137.53, 123.24, 125.15, 110.85, 96.03, 94.6, 88.72, 93.8]"
100218305817,Auckland,ShoalBay,1940-04-22,2024-01-01,84,10,10,-46.11,50.15,-0.55,0.03,-0.65,144.69,0.09,4.01,0.96,-0.58,140.61,0.16,5.06,0.85,"['1940-04-22', '1950-09-19', '1963-04-27', '1968-09-28', '1975-07-31', '1986-04-15', '2003-01-01', '2012-01-01', '2017-01-01', '2024-01-01']","[142.29, 137.9, 136.12, 123.94, 125.26, 112.39, 99.93, 97.24, 92.14, 96.18]"
100218306046,Auckland,ShoalBay,1940-04-22,2024-01-01,84,10,10,-42.06,47.81,-0.5,0.03,-0.6,144.69,0.1,4.55,0.94,-0.53,140.14,0.18,5.93,0.78,"['1940-04-22', '1950-09-19', '1963-04-27', '1968-09-28', '1975-07-31', '1986-04-15', '2003-01-01', '2012-01-01', '2017-01-01', '2024-01-01']","[142.85, 136.65, 139.6, 124.71, 126.53, 114.14, 106.07, 99.85, 95.04, 100.78]"
100218306496,Auckland,ShoalBay,1940-04-22,2024-01-01,84,8,8,-43.88,44.43,-0.52,0.03,-0.59,143.99,0.11,4.32,0.95,-0.52,140.99,0.13,3.98,0.91,"['1940-04-22', '1950-09-19', '1963-04-27', '1968-09-28', '1975-07-31', '2003-01-01', '2012-01-01', '2024-01-01']","[142.85, 136.75, 136.69, 123.21, 126.04, 102.97, 98.42, 98.97]"
100218306497,Auckland,ShoalBay,1940-04-22,2024-01-01,84,8,8,-45.95,45.95,-0.55,0.03,-0.61,145.51,0.11,4.5,0.95,-0.56,143.41,0.1,3.0,0.95,"['1940-04-22', '1950-09-19', '1963-04-27', '1968-09-28', '1975-07-31', '2003-01-01', '2012-01-01', '2024-01-01']","[143.81, 137.93, 138.08, 124.28, 127.46, 101.61, 100.06, 97.86]"
100218307165,Auckland,ShoalBay,1940-04-22,2024-01-01,84,9,9,-48.5,48.73,-0.58,0.03,-0.67,151.45,0.11,4.73,0.95,-0.64,150.03,0.08,2.62,0.97,"['1940-04-22', '1950-09-19', '1963-04-27', '1968-09-28', '1975-07-31', '1986-04-15', '2003-01-01', '2012-01-01', '2024-01-01']","[146.14, 146.37, 144.06, 128.46, 130.4, 121.09, 103.95, 101.81, 97.63]"
100218307166,Auckland,ShoalBay,1940-04-22,2024-01-01,84,8,8,-49.67,49.67,-0.59,0.03,-0.67,149.48,0.12,5.09,0.95,-0.63,147.61,0.1,3.1,0.96,"['1940-04-22', '1950-09-19', '1963-04-27', '1968-09-28', '1975-07-31', '2003-01-01', '2012-01-01', '2024-01-01']","[145.84, 141.58, 142.8, 126.63, 129.47, 102.38, 99.41, 96.17]"
100218307167,Auckland,ShoalBay,1940-04-22,2024-01-01,84,8,8,-48.49,48.49,-0.58,0.03,-0.65,147.91,0.13,5.26,0.94,-0.6,145.97,0.11,3.22,0.95,"['1940-04-22', '1950-09-19', '1963-04-27', '1968-09-28', '1975-07-31', '2003-01-01', '2012-01-01', '2024-01-01']","[145.39, 139.75, 141.71, 124.76, 128.58, 101.5, 99.6, 96.9]"
100218307876,Auckland,ShoalBay,1940-04-22,2003-01-01,63,7,7,-37.93,44.91,-0.6,0.05,-0.69,152.55,0.24,6.11,0.87,-0.69,152.52,0.24,2.67,0.87,"['1940-04-22', '1950-09-19', '1963-04-27', '1968-09-28', '1975-07-31', '1986-04-15', '2003-01-01']","[144.01, 150.99, 143.22, 129.75, 132.03, 118.75, 106.08]"
100218307877,Auckland,ShoalBay,1940-04-22,2003-01-01,63,7,7,-37.77,44.49,-0.6,0.05,-0.69,151.04,0.21,5.46,0.89,-0.68,150.93,0.22,2.44,0.88,"['1940-04-22', '1950-09-19', '1963-04-27', '1968-09-28', '1975-07-31', '1986-04-15', '2003-01-01']","[142.78, 149.5, 141.03, 130.12, 128.89, 118.77, 105.01]"
100218308018,Auckland,ShoalBay,1940-04-22,2003-01-01,63,7,7,-39.07,39.07,-0.62,0.05,-0.64,147.27,0.13,3.28,0.95,-0.64,147.1,0.13,1.43,0.95,"['1940-04-22', '1950-09-19', '1963-04-27', '1968-09-28', '1975-07-31', '1986-04-15', '2003-01-01']","[143.22, 141.03, 137.39, 128.28, 126.71, 117.68, 104.15]"
100218308593,Auckland,ShoalBay,1940-04-22,2012-01-01,72,7,7,-47.26,47.26,-0.66,0.03,-0.69,144.65,0.11,3.26,0.97,-0.7,145.1,0.07,1.33,0.99,"['1940-04-22', '1963-04-27', '1968-09-28', '1975-07-31', '1986-04-15', '2003-01-01', '2012-01-01']","[142.01, 133.72, 121.64, 122.99, 113.37, 99.71, 94.75]"
100218308594,Auckland,ShoalBay,1940-04-22,2012-01-01,72,8,8,-43.15,43.15,-0.6,0.03,-0.63,143.57,0.12,3.87,0.95,-0.64,143.55,0.07,1.62,0.98,"['1940-04-22', '1950-09-19', '1963-04-27', '1968-09-28', '1975-07-31', '1986-04-15', '2003-01-01', '2012-01-01']","[140.48, 134.14, 135.07, 124.33, 126.12, 114.77, 100.86, 97.33]"
100218309317,Auckland,ShoalBay,1940-04-22,2012-01-01,72,7,7,-50.02,50.02,-0.7,0.03,-0.72,142.64,0.09,2.64,0.98,-0.72,142.97,0.05,0.99,0.99,"['1940-04-22', '1963-04-27', '1968-09-28', '1975-07-31', '1986-04-15', '2003-01-01', '2012-01-01']","[141.25, 129.7, 118.7, 119.86, 109.43, 96.6, 91.23]"
100218309318,Auckland,ShoalBay,1940-04-22,2012-01-01,72,7,7,-45.08,45.08,-0.63,0.03,-0.65,141.72,0.12,3.42,0.96,-0.63,141.71,0.07,1.29,0.99,"['1940-04-22', '1963-04-27', '1968-09-28', '1975-07-31', '1986-04-15', '2003-01-01', '2012-01-01']","[141.59, 130.17, 118.48, 122.54, 108.98, 100.72, 96.52]"
100218309850,Auckland,ShoalBay,1940-04-22,2012-01-01,72,7,7,-49.01,49.01,-0.68,0.03,-0.71,141.87,0.06,1.89,0.99,-0.69,141.35,0.04,0.85,1.0,"['1940-04-22', '1963-04-27', '1968-09-28', '1975-07-31', '1986-04-15', '2003-01-01', '2012-01-01']","[141.11, 127.35, 120.34, 118.73, 107.25, 95.43, 92.1]"
100218310048,Auckland,ShoalBay,1940-04-22,2012-01-01,72,7,7,-52.23,52.23,-0.73,0.03,-0.77,145.07,0.09,2.59,0.98,-0.76,144.72,0.05,1.07,0.99,"['1940-04-22', '1963-04-27', '1968-09-28', '1975-07-31', '1986-04-15', '2003-01-01', '2012-01-01']","[142.28, 130.61, 122.6, 120.98, 108.63, 94.72, 90.05]"
100218310250,Auckland,ShoalBay,1940-04-22,1986-04-15,46,5,5,-28.63,28.63,-0.62,0.07,-0.62,143.77,0.21,3.0,0.94,-0.62,143.96,0.2,1.3,0.95,"['1940-04-22', '1963-04-27', '1968-09-28', '1975-07-31', '1986-04-15']","[142.14, 133.54, 124.52, 123.47, 113.5]"
100218310787,Auckland,ShoalBay,1940-04-22,1986-04-15,46,6,6,-31.53,31.53,-0.69,0.07,-0.66,147.62,0.19,3.37,0.93,-0.66,147.7,0.2,1.54,0.93,"['1940-04-22', '1950-09-19', '1963-04-27', '1968-09-28', '1975-07-31', '1986-04-15']","[146.28, 138.93, 138.16, 128.26, 125.25, 114.75]"
100218310788,Auckland,ShoalBay,1940-04-22,1986-04-15,46,6,6,-30.29,30.29,-0.66,0.07,-0.63,145.41,0.17,2.99,0.94,-0.64,145.47,0.18,1.37,0.94,"['1940-04-22', '1950-09-19', '1963-04-27', '1968-09-28', '1975-07-31', '1986-04-15']","[144.28, 137.07, 135.89, 126.92, 123.63, 114.0]"
100218311455,Auckland,ShoalBay,1940-04-22,1986-04-15,46,6,6,-29.77,29.77,-0.65,0.07,-0.64,148.79,0.13,2.28,0.96,-0.63,148.8,0.13,1.02,0.96,"['1940-04-22', '1950-09-19', '1963-04-27', '1968-09-28', '1975-07-31', '1986-04-15']","[148.74, 140.13, 138.01, 130.46, 125.17, 118.97]"
100218311572,Auckland,ShoalBay,1940-04-22,2003-01-01,63,7,7,-45.34,45.34,-0.72,0.05,-0.71,152.77,0.13,3.35,0.96,-0.7,152.66,0.13,1.49,0.96,"['1940-04-22', '1950-09-19', '1963-04-27', '1968-09-28', '1975-07-31', '1986-04-15', '2003-01-01']","[152.06, 141.71, 142.33, 133.78, 125.88, 120.5, 106.71]"
100218311808,Auckland,ShoalBay,1940-04-22,2003-01-01,63,7,7,-47.18,47.18,-0.75,0.05,-0.76,156.29,0.1,2.44,0.98,-0.75,156.18,0.1,1.09,0.98,"['1940-04-22', '1950-09-19', '1963-04-27', '1968-09-28', '1975-07-31', '1986-04-15', '2003-01-01']","[153.94, 147.64, 143.21, 135.06, 129.04, 122.02, 106.75]"
100218312369,Auckland,ShoalBay,1940-04-22,1986-04-15,46,6,6,-35.03,35.03,-0.76,0.07,-0.72,156.97,0.11,1.94,0.98,-0.73,156.86,0.1,0.79,0.98,"['1940-04-22', '1950-09-19', '1963-04-27', '1968-09-28', '1975-07-31', '1986-04-15']","[157.26, 147.05, 141.87, 138.55, 131.44, 122.23]"
100218312370,Auckland,ShoalBay,1940-04-22,1986-04-15,46,6,6,-34.79,34.79,-0.76,0.07,-0.72,155.52,0.11,1.92,0.98,-0.72,155.45,0.11,0.83,0.98,"['1940-04-22', '1950-09-19', '1963-04-27', '1968-09-28', '1975-07-31', '1986-04-15']","[155.84, 145.59, 140.96, 136.65, 130.67, 121.05]"
100218313179,Auckland,ShoalBay,1940-04-22,2017-01-01,77,9,9,-67.81,67.81,-0.88,0.03,-0.85,161.93,0.08,3.19,0.98,-0.91,163.52,0.11,3.1,0.97,"['1940-04-22', '1950-09-19', '1963-04-27', '1968-09-28', '1975-07-31', '1986-04-15', '2003-01-01', '2012-01-01', '2017-01-01']","[159.57, 150.15, 143.12, 139.68, 135.32, 126.7, 109.71, 102.0, 91.76]"
100218313180,Auckland,ShoalBay,1940-04-22,1986-04-15,46,6,6,-34.4,34.4,-0.75,0.07,-0.7,157.86,0.1,1.73,0.98,-0.71,157.77,0.09,0.69,0.99,"['1940-04-22', '1950-09-19', '1963-04-27', '1968-09-28', '1975-07-31', '1986-04-15']","[158.38, 148.26, 142.39, 139.71, 133.57, 123.98]"
100218313746,Auckland,ShoalBay,1940-04-22,2024-01-01,84,9,9,-73.47,73.47,-0.88,0.03,-0.87,163.99,0.08,3.67,0.98,-0.94,167.49,0.14,4.2,0.96,"['1940-04-22', '1950-09-19', '1963-04-27', '1968-09-28', '1975-07-31', '2003-01-01', '2012-01-01', '2017-01-01', '2024-01-01']","[159.72, 152.87, 147.84, 140.24, 136.92, 110.05, 105.59, 95.73, 86.25]"
100218338103,Auckland,ShoalBay,1940-04-22,2024-01-01,84,10,10,46.97,49.71,0.56,0.03,0.69,236.42,0.1,4.67,0.95,0.64,240.59,0.14,4.6,0.9,"['1940-04-22', '1950-09-19', '1963-04-27', '1968-09-28', '1975-07-31', '1986-04-15', '2003-01-01', '2012-01-01', '2017-01-01', '2024-01-01']","[243.95, 242.66, 248.28, 255.07, 255.9, 263.44, 282.79, 290.84, 292.37, 290.92]"
100218338159,Auckland,ShoalBay,1940-04-22,2024-01-01,84,10,10,33.36,45.92,0.4,0.03,0.57,241.55,0.14,6.39,0.88,0.53,245.55,0.14,4.56,0.86,"['1940-04-22', '1950-09-19', '1963-04-27', '1968-09-28', '1975-07-31', '1986-04-15', '2003-01-01', '2012-01-01', '2017-01-01', '2024-01-01']","[254.37, 243.28, 250.1, 254.62, 255.72, 263.6, 280.22, 289.21, 287.51, 287.73]"
100218338896,Auckland,ShoalBay,1940-04-22,2024-01-01,84,10,10,24.06,50.55,0.29,0.03,0.54,242.04,0.22,10.43,0.72,0.54,244.4,0.16,5.16,0.83,"['1940-04-22', '1950-09-19', '1963-04-27', '1968-09-28', '1975-07-31', '1986-04-15', '2003-01-01', '2012-01-01', '2017-01-01', '2024-01-01']","[264.67, 238.18, 246.55, 253.46, 252.27, 260.36, 280.28, 287.25, 285.83, 288.73]"
100218338897,Auckland,ShoalBay,1940-04-22,2024-01-01,84,9,9,16.2,42.57,0.19,0.03,0.41,248.1,0.31,13.12,0.47,0.46,248.74,0.22,6.07,0.69,"['1940-04-22', '1963-04-27', '1968-09-28', '1975-07-31', '1986-04-15', '2003-01-01', '2012-01-01', '2017-01-01', '2024-01-01']","[272.61, 246.24, 250.93, 248.69, 256.55, 277.04, 283.54, 282.69, 288.81]"
100218339651,Auckland,ShoalBay,1940-04-22,2024-01-01,84,9,9,8.64,44.8,0.1,0.03,0.36,247.89,0.37,15.76,0.32,0.44,247.88,0.27,7.29,0.58,"['1940-04-22', '1963-04-27', '1968-09-28', '1975-07-31', '1986-04-15', '2003-01-01', '2012-01-01', '2017-01-01', '2024-01-01']","[277.68, 241.52, 246.98, 245.56, 252.42, 274.18, 280.03, 279.79, 286.32]"
100218339738,Auckland,ShoalBay,1940-04-22,2024-01-01,84,8,8,5.84,39.76,0.07,0.03,0.16,260.25,0.34,13.92,0.12,0.28,256.64,0.29,7.56,0.37,"['1940-04-22', '1963-04-27', '1968-09-28', '1986-04-15', '2003-01-01', '2012-01-01', '2017-01-01', '2024-01-01']","[278.19, 267.55, 244.27, 250.78, 269.97, 273.59, 275.95, 284.04]"
100218340508,Auckland,ShoalBay,1940-04-22,2024-01-01,84,8,8,1.55,36.38,0.02,0.03,0.09,260.88,0.34,13.58,0.04,0.21,257.54,0.29,7.44,0.25,"['1940-04-22', '1963-04-27', '1968-09-28', '1986-04-15', '2003-01-01', '2012-01-01', '2017-01-01', '2024-01-01']","[277.35, 268.64, 242.52, 249.78, 263.98, 269.94, 270.8, 278.9]"
100218340583,Auckland,ShoalBay,1940-04-22,2024-01-01,84,9,9,5.21,26.57,0.06,0.03,-0.03,270.06,0.19,8.55,0.01,0.1,263.99,0.2,6.06,0.12,"['1940-04-22', '1950-09-19', '1963-04-27', '1968-09-28', '1986-04-15', '2003-01-01', '2012-01-01', '2017-01-01', '2024-01-01']","[271.3, 275.26, 268.96, 274.4, 249.94, 263.91, 268.44, 269.28, 276.51]"
100218341432,Auckland,ShoalBay,1940-04-22,2024-01-01,84,8,8,3.55,27.69,0.04,0.03,-0.03,269.65,0.21,9.19,0.01,0.07,264.84,0.19,5.62,0.09,"['1940-04-22', '1950-09-19', '1963-04-27', '1968-09-28', '1986-04-15', '2012-01-01', '2017-01-01', '2024-01-01']","[270.36, 271.37, 271.34, 276.05, 248.36, 268.54, 268.11, 273.91]"
100218341780,Auckland,ShoalBay,1940-04-22,2017-01-01,77,6,6,6.12,29.84,0.08,0.03,-0.04,266.8,0.39,11.19,0.01,0.05,263.9,0.2,4.86,0.07,"['1940-04-22', '1950-09-19', '1963-04-27', '1968-09-28', '1986-04-15', '2017-01-01']","[261.97, 267.46, 270.46, 277.74, 247.9, 268.09]"
100218342283,Auckland,ShoalBay,1940-04-22,2024-01-01,84,9,9,31.55,43.77,0.38,0.03,0.29,255.18,0.31,13.76,0.32,0.37,253.14,0.17,5.38,0.71,"['1940-04-22', '1950-09-19', '1963-04-27', '1968-09-28', '1975-07-31', '1986-04-15', '2012-01-01', '2017-01-01', '2024-01-01']","[254.06, 264.74, 270.6, 279.45, 241.84, 250.4, 279.03, 281.57, 285.61]"
100218343035,Auckland,ShoalBay,1950-09-19,2024-01-01,73,8,8,27.1,47.77,0.37,0.03,0.36,258.97,0.33,12.5,0.43,0.43,257.11,0.2,4.9,0.74,"['1950-09-19', '1963-04-27', '1968-09-28', '1975-07-31', '2003-01-01', '2012-01-01', '2017-01-01', '2024-01-01']","[262.41, 268.66, 278.77, 241.75, 275.3, 279.3, 286.17, 289.51]"
100218343277,Auckland,ShoalBay,1940-04-22,2024-01-01,84,10,10,16.32,49.28,0.19,0.03,0.29,261.18,0.28,12.92,0.32,0.4,258.86,0.19,6.07,0.66,"['1940-04-22', '1950-09-19', '1963-04-27', '1968-09-28', '1975-07-31', '1986-04-15', '2003-01-01', '2012-01-01', '2017-01-01', '2024-01-01']","[276.85, 263.35, 267.11, 278.4, 243.89, 263.45, 278.39, 282.13, 291.61, 293.17]"
100218350109,Auckland,ShoalBay,1975-07-31,2024-01-01,48,5,5,0.35,26.72,0.01,0.07,-0.26,274.33,0.56,9.94,0.28,0.24,253.44,1.06,11.7,0.08,"['1975-07-31', '1986-04-15', '2012-01-01', '2017-01-01', '2024-01-01']","[268.92, 282.1, 255.38, 260.57, 269.27]"
100218350413,Auckland,ShoalBay,1963-04-27,2024-01-01,61,7,7,8.62,28.0,0.14,0.04,-0.1,267.5,0.33,10.1,0.07,0.06,257.33,0.44,8.42,0.02,"['1963-04-27', '1968-09-28', '1975-07-31', '1986-04-15', '2012-01-01', '2017-01-01', '2024-01-01']","[256.57, 267.04, 270.0, 281.5, 253.5, 258.45, 265.19]"
100218350702,Auckland,ShoalBay,1950-09-19,2024-01-01,73,9,9,11.3,28.87,0.15,0.03,0.02,261.15,0.24,9.52,0.0,0.02,257.35,0.22,5.78,0.01,"['1950-09-19', '1963-04-27', '1968-09-28', '1975-07-31', '1986-04-15', '2003-01-01', '2012-01-01', '2017-01-01', '2024-01-01']","[250.51, 254.52, 266.29, 270.08, 279.38, 258.58, 259.23, 255.4, 261.82]"
100218351300,Auckland,ShoalBay,1950-09-19,2024-01-01,73,9,9,11.39,26.44,0.16,0.03,0.01,259.77,0.25,9.87,0.0,0.07,251.77,0.3,7.9,0.03,"['1950-09-19', '1963-04-27', '1968-09-28', '1975-07-31', '1986-04-15', '2003-01-01', '2012-01-01', '2017-01-01', '2024-01-01']","[250.21, 253.33, 263.83, 266.82, 275.58, 268.4, 249.14, 253.06, 261.6]"
100218351454,Auckland,ShoalBay,1950-09-19,2024-01-01,73,9,9,10.59,27.11,0.14,0.03,0.04,257.51,0.28,10.78,0.01,0.06,251.02,0.29,7.63,0.02,"['1950-09-19', '1963-04-27', '1968-09-28', '1975-07-31', '1986-04-15', '2003-01-01', '2012-01-01', '2017-01-01', '2024-01-01']","[248.8, 251.0, 262.04, 263.2, 272.42, 275.91, 248.8, 251.31, 259.39]"
100218351983,Auckland,ShoalBay,1940-04-22,2024-01-01,84,10,10,14.02,32.32,0.17,0.03,0.18,248.67,0.19,8.73,0.29,0.08,250.02,0.13,4.2,0.12,"['1940-04-22', '1950-09-19', '1963-04-27', '1968-09-28', '1975-07-31', '1986-04-15', '2003-01-01', '2012-01-01', '2017-01-01', '2024-01-01']","[241.66, 245.97, 249.04, 259.5, 259.47, 268.39, 273.98, 256.31, 255.21, 255.68]"
100218352197,Auckland,ShoalBay,1940-04-22,2024-01-01,84,10,10,14.59,33.04,0.17,0.03,0.24,244.56,0.16,7.4,0.5,0.08,250.74,0.21,6.61,0.07,"['1940-04-22', '1950-09-19', '1963-04-27', '1968-09-28', '1975-07-31', '1986-04-15', '2003-01-01', '2012-01-01', '2017-01-01', '2024-01-01']","[238.19, 244.76, 246.47, 255.6, 256.9, 263.23, 271.23, 262.72, 259.68, 252.78]"
100218352674,Auckland,ShoalBay,1940-04-22,2024-01-01,84,10,10,21.17,34.93,0.25,0.03,0.34,240.41,0.14,6.65,0.72,0.17,248.51,0.26,8.22,0.17,"['1940-04-22', '1950-09-19', '1963-04-27', '1968-09-28', '1975-07-31', '1986-04-15', '2003-01-01', '2012-01-01', '2017-01-01', '2024-01-01']","[235.65, 243.82, 243.18, 254.66, 252.88, 262.66, 269.32, 270.58, 264.55, 256.81]"
100218352935,Auckland,ShoalBay,1940-04-22,2024-01-01,84,10,10,26.75,33.39,0.32,0.03,0.35,242.05,0.1,4.79,0.84,0.24,246.52,0.15,4.97,0.52,"['1940-04-22', '1950-09-19', '1963-04-27', '1968-09-28', '1975-07-31', '1986-04-15', '2003-01-01', '2012-01-01', '2017-01-01', '2024-01-01']","[236.68, 244.88, 247.84, 256.13, 258.01, 261.44, 269.57, 270.07, 266.42, 263.43]"
100218353374,Auckland,ShoalBay,1940-04-22,2024-01-01,84,10,10,23.68,30.14,0.28,0.03,0.33,244.28,0.1,4.72,0.82,0.23,248.16,0.14,4.56,0.53,"['1940-04-22', '1950-09-19', '1963-04-27', '1968-09-28', '1975-07-31', '1986-04-15', '2003-01-01', '2012-01-01', '2017-01-01', '2024-01-01']","[240.76, 247.01, 247.21, 256.55, 261.02, 261.03, 270.89, 270.58, 266.5, 264.44]"
100218353665,Auckland,ShoalBay,1940-04-22,2017-01-01,77,9,9,30.21,36.83,0.39,0.03,0.42,242.56,0.11,4.59,0.87,0.32,244.7,0.15,4.1,0.72,"['1940-04-22', '1950-09-19', '1963-04-27', '1968-09-28', '1975-07-31', '1986-04-15', '2003-01-01', '2012-01-01', '2017-01-01']","[236.84, 247.71, 251.09, 258.61, 260.19, 264.19, 273.67, 272.68, 267.04]"
100218825960,Auckland,ShoalBay,1940-04-22,1968-09-28,28,3,3,-11.47,11.47,-0.4,0.14,-0.38,145.52,1.1,3.54,0.82,-0.43,145.73,1.38,1.52,0.79,"['1940-04-22', '1950-09-19', '1968-09-28']","[147.33, 138.74, 135.86]"
100218827958,Auckland,ShoalBay,1940-04-22,1968-09-28,28,3,3,-9.89,9.89,-0.35,0.14,-0.32,149.27,1.03,3.31,0.8,-0.37,149.47,1.29,1.42,0.77,"['1940-04-22', '1950-09-19', '1968-09-28']","[150.96, 143.23, 141.07]"
100218828957,Auckland,ShoalBay,1940-04-22,1968-09-28,28,3,3,-11.45,11.45,-0.4,0.14,-0.38,147.84,1.02,3.29,0.85,-0.43,148.04,1.28,1.41,0.82,"['1940-04-22', '1950-09-19', '1968-09-28']","[149.53, 141.26, 138.07]"
100218829957,Auckland,ShoalBay,1940-04-22,2012-01-01,72,5,5,-17.9,18.32,-0.25,0.03,-0.23,145.5,0.11,2.87,0.89,-0.21,145.39,0.08,1.36,0.93,"['1940-04-22', '1950-09-19', '1968-09-28', '2003-01-01', '2012-01-01']","[148.72, 139.85, 138.61, 130.4, 130.82]"
100218830957,Auckland,ShoalBay,1940-04-22,2012-01-01,72,6,6,-24.47,24.47,-0.34,0.03,-0.3,148.63,0.1,2.98,0.91,-0.3,148.24,0.07,1.27,0.96,"['1940-04-22', '1950-09-19', '1968-09-28', '1975-07-31', '2003-01-01', '2012-01-01']","[150.92, 140.76, 140.79, 140.6, 129.2, 126.44]"
100218831957,Auckland,ShoalBay,1940-04-22,2003-01-01,63,6,6,-26.95,26.95,-0.43,0.05,-0.41,150.98,0.16,3.91,0.88,-0.41,150.26,0.14,1.5,0.9,"['1940-04-22', '1950-09-19', '1968-09-28', '1975-07-31', '1986-04-15', '2003-01-01']","[152.16, 142.31, 142.81, 140.31, 128.43, 125.21]"
100218832956,Auckland,ShoalBay,1940-04-22,1986-04-15,46,5,5,-23.73,23.73,-0.52,0.07,-0.42,152.82,0.26,4.16,0.83,-0.45,152.4,0.22,1.51,0.89,"['1940-04-22', '1950-09-19', '1968-09-28', '1975-07-31', '1986-04-15']","[153.58, 144.6, 145.23, 140.05, 129.85]"
100218833949,Auckland,ShoalBay,1940-04-22,1986-04-15,46,5,5,-23.76,23.76,-0.52,0.07,-0.42,153.36,0.26,4.05,0.84,-0.45,152.97,0.21,1.5,0.89,"['1940-04-22', '1950-09-19', '1968-09-28', '1975-07-31', '1986-04-15']","[154.43, 144.9, 145.53, 140.27, 130.67]"
100218834937,Auckland,ShoalBay,1940-04-22,1986-04-15,46,5,5,-22.68,22.68,-0.49,0.07,-0.42,156.4,0.27,4.21,0.82,-0.43,155.99,0.23,1.62,0.86,"['1940-04-22', '1950-09-19', '1968-09-28', '1975-07-31', '1986-04-15']","[158.5, 147.16, 149.31, 141.36, 135.82]"
100218835925,Auckland,ShoalBay,1940-04-22,2012-01-01,72,7,7,-27.87,28.22,-0.39,0.03,-0.4,154.25,0.09,2.78,0.94,-0.37,153.09,0.05,1.08,0.98,"['1940-04-22', '1950-09-19', '1968-09-28', '1975-07-31', '1986-04-15', '2003-01-01', '2012-01-01']","[154.43, 146.93, 146.29, 142.45, 134.39, 126.21, 126.55]"
100218836913,Auckland,ShoalBay,1940-04-22,2003-01-01,63,6,6,-22.76,22.76,-0.36,0.05,-0.37,152.86,0.16,3.76,0.86,-0.37,152.01,0.13,1.32,0.91,"['1940-04-22', '1950-09-19', '1968-09-28', '1975-07-31', '1986-04-15', '2003-01-01']","[152.36, 146.33, 147.67, 142.08, 131.89, 129.6]"
100218837901,Auckland,ShoalBay,1940-04-22,2012-01-01,72,7,7,-14.7,17.85,-0.2,0.03,-0.24,147.82,0.14,4.3,0.73,-0.23,146.29,0.07,1.44,0.9,"['1940-04-22', '1950-09-19', '1968-09-28', '1975-07-31', '1986-04-15', '2003-01-01', '2012-01-01']","[144.65, 143.85, 147.8, 142.78, 132.54, 130.82, 129.95]"
100218838889,Auckland,ShoalBay,1950-09-19,2012-01-01,61,6,6,-19.43,20.91,-0.32,0.04,-0.4,149.69,0.2,4.75,0.82,-0.36,147.49,0.11,1.64,0.92,"['1950-09-19', '1968-09-28', '1975-07-31', '1986-04-15', '2003-01-01', '2012-01-01']","[144.72, 146.1, 146.2, 133.28, 126.29, 125.3]"
100220516847,Auckland,SoldiersBay,1940-04-22,2012-01-01,72,5,5,15.13,16.48,0.21,0.03,0.22,137.13,0.17,3.92,0.76,0.18,138.08,0.13,1.95,0.76,"['1940-04-22', '1978-10-17', '1987-11-12', '2003-01-01', '2012-01-01']","[135.29, 150.96, 144.89, 151.77, 150.42]"
100220517244,Auckland,SoldiersBay,1940-04-22,1987-11-12,48,4,4,17.14,32.91,0.36,0.07,0.47,119.73,1.16,14.27,0.41,0.48,119.71,1.22,6.56,0.39,"['1940-04-22', '1966-05-18', '1978-10-17', '1987-11-12']","[124.93, 115.85, 148.76, 142.07]"
100220579125,Auckland,SoldiersBay,1966-05-18,2024-01-01,58,3,3,62.73,62.73,1.09,0.04,1.12,85.02,0.43,3.05,1.0,1.02,90.57,1.49,6.38,0.95,"['1966-05-18', '2017-01-01', '2024-01-01']","[84.75, 143.93, 147.47]"
100220579216,Auckland,SoldiersBay,1940-04-22,2024-01-01,84,7,7,43.65,43.65,0.52,0.03,0.51,107.51,0.09,3.42,0.97,0.47,108.12,0.06,1.65,0.98,"['1940-04-22', '1950-09-19', '1966-05-18', '1987-11-12', '2003-01-01', '2017-01-01', '2024-01-01']","[103.67, 112.65, 123.13, 136.86, 140.13, 144.67, 147.32]"
100220579307,Auckland,SoldiersBay,1966-05-18,2024-01-01,58,6,6,19.57,19.57,0.34,0.04,0.34,129.22,0.09,2.21,0.94,0.3,130.22,0.1,1.7,0.91,"['1966-05-18', '1978-10-17', '2003-01-01', '2012-01-01', '2017-01-01', '2024-01-01']","[128.18, 133.22, 145.48, 145.69, 144.99, 147.75]"
100220579399,Auckland,SoldiersBay,1966-05-18,2024-01-01,58,7,7,13.68,13.68,0.24,0.04,0.24,136.32,0.09,2.41,0.84,0.24,135.14,0.09,1.62,0.86,"['1966-05-18', '1978-10-17', '1987-11-12', '2003-01-01', '2012-01-01', '2017-01-01', '2024-01-01']","[136.13, 136.44, 143.98, 148.25, 146.5, 146.46, 149.81]"
100220579490,Auckland,SoldiersBay,1978-10-17,2024-01-01,45,6,6,10.54,10.54,0.23,0.05,0.18,145.52,0.1,1.86,0.78,0.21,143.91,0.16,2.1,0.66,"['1978-10-17', '1987-11-12', '2003-01-01', '2012-01-01', '2017-01-01', '2024-01-01']","[143.5, 149.41, 150.76, 151.8, 150.48, 154.05]"
100228432750,Auckland,TeAtatu,2003-01-01,2024-01-01,21,4,4,-19.82,19.82,-0.94,0.12,-0.96,90.56,0.59,3.11,0.92,-1.29,95.93,0.4,2.36,0.98,"['2003-01-01', '2012-01-01', '2017-01-01', '2024-01-01']","[88.45, 85.29, 77.73, 68.63]"
100228432751,Auckland,TeAtatu,1950-09-19,2024-01-01,73,8,8,-39.42,39.42,-0.54,0.03,-0.45,108.44,0.12,4.21,0.9,-0.62,118.05,0.29,6.63,0.74,"['1950-09-19', '1968-09-28', '1972-04-14', '1980-10-24', '2003-01-01', '2012-01-01', '2017-01-01', '2024-01-01']","[107.47, 99.3, 98.47, 94.56, 88.99, 86.59, 78.82, 68.05]"
100228432752,Auckland,TeAtatu,1950-09-19,2024-01-01,73,8,8,-45.33,45.33,-0.62,0.03,-0.51,114.45,0.14,5.0,0.9,-0.71,125.55,0.33,7.57,0.74,"['1950-09-19', '1968-09-28', '1972-04-14', '1980-10-24', '2003-01-01', '2012-01-01', '2017-01-01', '2024-01-01']","[113.8, 103.42, 103.97, 97.3, 92.6, 89.94, 80.24, 68.47]"
100228433063,Auckland,TeAtatu,1950-09-19,2024-01-01,73,8,8,-42.28,42.28,-0.58,0.03,-0.51,118.38,0.17,6.16,0.85,-0.72,128.82,0.34,7.68,0.74,"['1950-09-19', '1968-09-28', '1972-04-14', '1980-10-24', '2003-01-01', '2012-01-01', '2017-01-01', '2024-01-01']","[114.26, 109.63, 109.34, 101.98, 100.43, 93.77, 82.54, 71.98]"
100228433374,Auckland,TeAtatu,1972-04-14,2024-01-01,52,6,6,-42.23,42.23,-0.82,0.05,-0.7,117.7,0.36,7.72,0.81,-1.1,132.8,0.58,7.84,0.8,"['1972-04-14', '1980-10-24', '2003-01-01', '2012-01-01', '2017-01-01', '2024-01-01']","[115.51, 108.01, 106.58, 96.25, 84.35, 73.28]"
100228433685,Auckland,TeAtatu,2003-01-01,2024-01-01,21,4,4,-26.86,26.86,-1.28,0.12,-1.37,109.74,0.78,4.1,0.93,-1.26,107.38,1.37,8.21,0.78,"['2003-01-01', '2012-01-01', '2017-01-01', '2024-01-01']","[109.34, 100.7, 86.05, 82.48]"
100228433997,Auckland,TeAtatu,2003-01-01,2024-01-01,21,4,4,-29.64,29.64,-1.41,0.12,-1.52,113.69,0.93,4.88,0.92,-1.48,112.42,1.58,9.41,0.79,"['2003-01-01', '2012-01-01', '2017-01-01', '2024-01-01']","[112.7, 104.6, 87.51, 83.06]"
100228434308,Auckland,TeAtatu,2003-01-01,2024-01-01,21,4,4,-28.18,28.18,-1.34,0.12,-1.44,113.84,0.94,4.9,0.91,-1.56,115.17,1.41,8.4,0.84,"['2003-01-01', '2012-01-01', '2017-01-01', '2024-01-01']","[112.04, 106.29, 89.75, 83.86]"
100228434619,Auckland,TeAtatu,2003-01-01,2024-01-01,21,4,4,-28.7,28.7,-1.37,0.12,-1.42,114.05,0.45,2.35,0.98,-1.33,112.28,0.8,4.77,0.92,"['2003-01-01', '2012-01-01', '2017-01-01', '2024-01-01']","[113.97, 102.96, 91.5, 85.27]"
100228434930,Auckland,TeAtatu,1968-09-28,2024-01-01,55,7,7,-49.39,50.65,-0.89,0.06,-0.93,143.06,0.16,4.51,0.96,-0.94,141.23,0.44,7.05,0.79,"['1968-09-28', '1972-04-14', '1980-10-24', '2003-01-01', '2012-01-01', '2017-01-01', '2024-01-01']","[141.45, 137.04, 135.38, 115.14, 105.82, 90.81, 92.06]"
100228435242,Auckland,TeAtatu,1968-09-28,2024-01-01,55,8,8,-56.69,56.69,-1.03,0.06,-1.08,149.88,0.11,3.05,0.98,-1.11,149.83,0.27,4.68,0.92,"['1968-09-28', '1972-04-14', '1980-10-24', '1988-03-20', '2003-01-01', '2012-01-01', '2017-01-01', '2024-01-01']","[147.03, 145.08, 139.63, 130.55, 114.08, 106.09, 92.67, 90.33]"
100228435553,Auckland,TeAtatu,1950-09-19,2024-01-01,73,9,9,-66.47,68.6,-0.91,0.03,-0.97,162.89,0.1,3.66,0.98,-0.95,159.99,0.25,5.98,0.88,"['1950-09-19', '1968-09-28', '1972-04-14', '1980-10-24', '1988-03-20', '2003-01-01', '2012-01-01', '2017-01-01', '2024-01-01']","[160.33, 145.26, 141.09, 135.91, 131.7, 113.12, 105.17, 91.72, 93.85]"
100228435864,Auckland,TeAtatu,1950-09-19,2017-01-01,66,8,8,-70.67,70.67,-1.07,0.03,-0.99,162.43,0.12,3.68,0.98,-1.11,166.04,0.21,4.27,0.95,"['1950-09-19', '1968-09-28', '1972-04-14', '1980-10-24', '1988-03-20', '2003-01-01', '2012-01-01', '2017-01-01']","[161.03, 143.78, 138.53, 134.74, 129.1, 113.57, 103.54, 90.35]"
100228436175,Auckland,TeAtatu,1968-09-28,2017-01-01,48,7,7,75.12,127.3,1.56,0.07,0.28,95.56,1.99,46.47,0.02,-0.58,120.38,1.17,16.09,0.17,"['1968-09-28', '1972-04-14', '1980-10-24', '1988-03-20', '2003-01-01', '2012-01-01', '2017-01-01']","[13.96, 141.26, 132.74, 124.2, 110.55, 102.11, 89.07]"
100228436486,Auckland,TeAtatu,1980-10-24,2017-01-01,36,5,5,-43.31,43.31,-1.2,0.07,-1.15,132.19,0.19,2.52,0.99,-1.31,136.6,0.5,3.92,0.93,"['1980-10-24', '1988-03-20', '2003-01-01', '2012-01-01', '2017-01-01']","[131.28, 124.55, 106.05, 99.53, 87.97]"
100228436798,Auckland,TeAtatu,1950-09-19,2017-01-01,66,6,6,-88.19,88.19,-1.33,0.03,-1.27,172.51,0.21,5.46,0.98,-1.4,177.57,0.44,7.05,0.92,"['1950-09-19', '1980-10-24', '1988-03-20', '2003-01-01', '2012-01-01', '2017-01-01']","[169.84, 133.75, 131.59, 104.99, 99.25, 81.65]"
100228843345,Auckland,TeAtatu,1950-09-19,1972-04-14,22,3,3,5.08,5.08,0.24,0.16,0.24,252.57,0.07,0.18,1.0,0.24,252.55,0.05,0.06,1.0,"['1950-09-19', '1968-09-28', '1972-04-14']","[252.54, 257.02, 257.62]"
100228843346,Auckland,TeAtatu,1950-09-19,1972-04-14,22,3,3,8.93,8.93,0.41,0.16,0.4,249.79,0.16,0.41,1.0,0.41,249.82,0.12,0.13,1.0,"['1950-09-19', '1968-09-28', '1972-04-14']","[249.84, 256.76, 258.77]"
100228843347,Auckland,TeAtatu,1950-09-19,1972-04-14,22,3,3,6.36,6.36,0.29,0.16,0.31,248.9,0.29,0.76,0.98,0.31,248.85,0.23,0.24,0.99,"['1950-09-19', '1968-09-28', '1972-04-14']","[248.81, 255.12, 255.17]"
100228843675,Auckland,TeAtatu,1950-09-19,1972-04-14,22,3,3,6.18,6.18,0.29,0.16,0.27,252.54,0.24,0.62,0.98,0.28,252.58,0.19,0.2,0.99,"['1950-09-19', '1968-09-28', '1972-04-14']","[252.62, 256.97, 258.8]"
100228844064,Auckland,TeAtatu,1950-09-19,1972-04-14,22,3,3,0.35,2.82,0.02,0.16,-0.03,259.46,0.81,2.1,0.06,-0.02,259.59,0.63,0.68,0.04,"['1950-09-19', '1968-09-28', '1972-04-14']","[259.72, 257.25, 260.07]"
100228844065,Auckland,TeAtatu,1950-09-19,1972-04-14,22,3,3,3.73,3.73,0.17,0.16,0.18,253.83,0.12,0.3,0.99,0.18,253.81,0.09,0.1,0.99,"['1950-09-19', '1968-09-28', '1972-04-14']","[253.79, 257.3, 257.52]"
100228845727,Auckland,TeAtatu,1950-09-19,1972-04-14,22,3,3,15.27,15.27,0.71,0.16,0.72,247.18,0.11,0.29,1.0,0.71,247.16,0.09,0.09,1.0,"['1950-09-19', '1968-09-28', '1972-04-14']","[247.15, 260.29, 262.42]"
100228845728,Auckland,TeAtatu,1950-09-19,1972-04-14,22,3,3,15.54,15.54,0.72,0.16,0.67,247.49,0.88,2.27,0.96,0.68,247.63,0.68,0.73,0.98,"['1950-09-19', '1968-09-28', '1972-04-14']","[247.77, 257.78, 263.32]"
100231306170,Auckland,TeAtatu,1950-09-19,1980-10-24,30,4,4,-49.73,49.73,-1.65,0.11,-1.72,128.95,0.62,4.65,0.97,-1.74,129.76,0.54,1.72,0.98,"['1950-09-19', '1968-09-28', '1972-04-14', '1980-10-24']","[131.12, 94.88, 88.49, 81.4]"
100231306171,Auckland,TeAtatu,1950-09-19,1980-10-24,30,4,4,-50.83,50.83,-1.69,0.11,-1.77,130.01,0.83,6.27,0.95,-1.8,131.23,0.7,2.24,0.97,"['1950-09-19', '1968-09-28', '1972-04-14', '1980-10-24']","[133.05, 92.87, 88.37, 82.22]"
100231306231,Auckland,TeAtatu,1950-09-19,1980-10-24,30,4,4,-41.32,41.32,-1.37,0.11,-1.44,124.84,0.58,4.36,0.96,-1.46,125.58,0.51,1.64,0.97,"['1950-09-19', '1968-09-28', '1972-04-14', '1980-10-24']","[126.84, 96.33, 90.42, 85.52]"
100231306669,Auckland,TeAtatu,1950-09-19,1980-10-24,30,4,4,-39.88,39.88,-1.33,0.11,-1.39,122.83,0.62,4.66,0.96,-1.41,123.67,0.54,1.72,0.97,"['1950-09-19', '1968-09-28', '1972-04-14', '1980-10-24']","[125.03, 94.54, 89.56, 85.15]"
100231307245,Auckland,TeAtatu,1950-09-19,1980-10-24,30,4,4,-33.47,33.47,-1.11,0.11,-1.14,105.23,0.2,1.5,0.99,-1.14,105.46,0.18,0.57,0.99,"['1950-09-19', '1968-09-28', '1972-04-14', '1980-10-24']","[105.88, 84.08, 79.41, 72.41]"
100231307622,Auckland,TeAtatu,1950-09-19,1980-10-24,30,4,4,-35.05,35.05,-1.16,0.11,-1.21,103.13,0.35,2.63,0.98,-1.22,103.39,0.32,1.03,0.98,"['1950-09-19', '1968-09-28', '1972-04-14', '1980-10-24']","[104.04, 81.12, 74.25, 68.99]"
100231307623,Auckland,TeAtatu,1950-09-19,1980-10-24,30,4,4,-35.65,35.65,-1.18,0.11,-1.21,104.23,0.21,1.6,0.99,-1.21,104.23,0.19,0.61,0.99,"['1950-09-19', '1968-09-28', '1972-04-14', '1980-10-24']","[104.49, 83.17, 76.27, 68.84]"
100231308370,Auckland,TeAtatu,1950-09-19,1980-10-24,30,4,4,-32.64,32.64,-1.08,0.11,-1.13,102.21,0.35,2.61,0.98,-1.14,102.56,0.31,1.01,0.98,"['1950-09-19', '1968-09-28', '1972-04-14', '1980-10-24']","[103.27, 81.03, 75.41, 70.63]"
100231309187,Auckland,TeAtatu,1950-09-19,1980-10-24,30,4,4,-30.57,30.57,-1.02,0.11,-1.09,100.6,0.61,4.56,0.93,-1.11,101.06,0.56,1.79,0.94,"['1950-09-19', '1968-09-28', '1972-04-14', '1980-10-24']","[102.21, 80.41, 72.19, 71.63]"
100231309352,Auckland,TeAtatu,1950-09-19,1980-10-24,30,4,4,-29.35,29.35,-0.98,0.11,-1.03,99.54,0.43,3.26,0.96,-1.04,99.83,0.4,1.28,0.97,"['1950-09-19', '1968-09-28', '1972-04-14', '1980-10-24']","[100.63, 80.81, 73.78, 71.29]"
100231310187,Auckland,TeAtatu,1950-09-19,1980-10-24,30,4,4,-29.82,29.82,-0.99,0.11,-1.03,101.19,0.32,2.42,0.98,-1.04,101.4,0.3,0.95,0.98,"['1950-09-19', '1968-09-28', '1972-04-14', '1980-10-24']","[101.99, 82.55, 76.3, 72.17]"
100231310427,Auckland,TeAtatu,1950-09-19,1980-10-24,30,4,4,-31.3,31.3,-1.04,0.11,-1.02,102.8,0.16,1.23,0.99,-1.02,102.86,0.14,0.45,1.0,"['1950-09-19', '1968-09-28', '1972-04-14', '1980-10-24']","[102.73, 83.5, 82.13, 71.43]"
100231311271,Auckland,TeAtatu,1950-09-19,1980-10-24,30,4,4,-28.95,28.95,-0.96,0.11,-0.93,104.25,0.34,2.52,0.97,-0.92,104.31,0.29,0.94,0.98,"['1950-09-19', '1968-09-28', '1972-04-14', '1980-10-24']","[103.99, 86.08, 87.22, 75.04]"
100231312162,Auckland,TeAtatu,1950-09-19,1988-03-20,38,5,5,-10.19,12.7,-0.27,0.09,-0.26,94.57,0.31,3.69,0.57,-0.29,95.8,0.23,1.19,0.74,"['1950-09-19', '1968-09-28', '1972-04-14', '1980-10-24', '1988-03-20']","[97.31, 84.61, 88.74, 87.2, 87.12]"
100231312477,Auckland,TeAtatu,1950-09-19,1988-03-20,38,5,5,-6.88,14.15,-0.18,0.09,-0.16,93.68,0.44,5.35,0.19,-0.2,95.45,0.35,1.8,0.37,"['1950-09-19', '1968-09-28', '1972-04-14', '1980-10-24', '1988-03-20']","[97.93, 83.77, 88.13, 90.5, 91.05]"
100231313309,Auckland,TeAtatu,1950-09-19,1988-03-20,38,5,5,-8.49,16.54,-0.23,0.09,-0.19,97.34,0.5,6.0,0.22,-0.24,99.34,0.38,1.94,0.42,"['1950-09-19', '1968-09-28', '1972-04-14', '1980-10-24', '1988-03-20']","[101.86, 85.32, 92.15, 93.2, 93.37]"
100231313839,Auckland,TeAtatu,1950-09-19,1988-03-20,38,5,5,-11.71,15.76,-0.31,0.09,-0.28,103.48,0.44,5.31,0.44,-0.32,105.18,0.36,1.85,0.6,"['1950-09-19', '1968-09-28', '1972-04-14', '1980-10-24', '1988-03-20']","[107.75, 91.99, 94.06, 97.04, 96.04]"
100681805872,Northland,FrenchmansBay,1966-06-17,1982-09-02,16,3,3,1.51,3.98,0.09,0.6,0.05,171.26,1.51,2.78,0.05,0.31,167.95,2.2,0.68,0.44,"['1966-06-17', '1976-12-16', '1982-09-02']","[172.05, 169.57, 173.56]"
100681806794,Northland,FrenchmansBay,1966-06-17,1982-09-02,16,3,3,0.06,3.26,0.0,0.6,-0.03,171.13,1.42,2.61,0.02,0.2,168.02,2.06,0.64,0.28,"['1966-06-17', '1976-12-16', '1982-09-02']","[171.87, 168.66, 171.92]"
100681807794,Northland,FrenchmansBay,1966-06-17,1982-09-02,16,3,3,0.43,3.76,0.03,0.6,-0.02,170.23,1.58,2.91,0.0,0.25,166.77,2.3,0.72,0.32,"['1966-06-17', '1976-12-16', '1982-09-02']","[171.05, 167.73, 171.49]"
100681808794,Northland,FrenchmansBay,1966-06-17,1982-09-02,16,3,3,1.8,4.7,0.11,0.6,0.06,168.74,1.78,3.27,0.05,0.36,164.83,2.59,0.81,0.44,"['1966-06-17', '1976-12-16', '1982-09-02']","[169.66, 166.76, 171.46]"
100681809794,Northland,FrenchmansBay,1966-06-17,1982-09-02,16,3,3,0.73,4.45,0.04,0.6,-0.0,169.73,1.83,3.37,0.0,0.3,165.7,2.66,0.83,0.34,"['1966-06-17', '1976-12-16', '1982-09-02']","[170.68, 166.97, 171.41]"
100681810794,Northland,FrenchmansBay,1966-06-17,1982-09-02,16,3,3,-0.03,2.75,-0.0,0.6,-0.03,170.77,1.19,2.19,0.03,0.17,168.15,1.73,0.54,0.27,"['1966-06-17', '1976-12-16', '1982-09-02']","[171.39, 168.65, 171.36]"
100681811848,Northland,FrenchmansBay,1966-06-17,1982-09-02,16,3,3,0.07,3.35,0.0,0.6,-0.04,171.19,1.45,2.67,0.02,0.21,168.0,2.11,0.66,0.28,"['1966-06-17', '1976-12-16', '1982-09-02']","[171.94, 168.67, 172.01]"
100681812909,Northland,FrenchmansBay,1966-06-17,1982-09-02,16,3,3,0.59,3.94,0.04,0.6,-0.01,171.23,1.63,3.0,0.0,0.27,167.65,2.37,0.74,0.33,"['1966-06-17', '1976-12-16', '1982-09-02']","[172.08, 168.73, 172.67]"
100681813996,Northland,FrenchmansBay,1966-06-17,1982-09-02,16,3,3,1.4,4.08,0.09,0.6,0.04,171.14,1.57,2.88,0.03,0.31,167.71,2.28,0.71,0.42,"['1966-06-17', '1976-12-16', '1982-09-02']","[171.96, 169.29, 173.36]"
100681815100,Northland,FrenchmansBay,1966-06-17,1982-09-02,16,3,3,2.51,4.58,0.15,0.6,0.11,170.95,1.62,2.98,0.16,0.38,167.4,2.35,0.73,0.51,"['1966-06-17', '1976-12-16', '1982-09-02']","[171.8, 169.72, 174.31]"
100681816194,Northland,FrenchmansBay,1966-06-17,1982-09-02,16,3,3,4.07,4.4,0.25,0.6,0.22,169.32,1.3,2.39,0.53,0.43,166.47,1.89,0.59,0.68,"['1966-06-17', '1976-12-16', '1982-09-02']","[170.0, 169.67, 174.06]"
100681817398,Northland,FrenchmansBay,1966-06-17,1982-09-02,16,3,3,1.95,3.67,0.12,0.6,0.08,170.81,1.3,2.4,0.14,0.3,167.94,1.9,0.59,0.51,"['1966-06-17', '1976-12-16', '1982-09-02']","[171.49, 169.76, 173.43]"
100681818496,Northland,FrenchmansBay,1966-06-17,1982-09-02,16,3,3,0.42,4.06,0.03,0.6,-0.02,172.95,1.71,3.15,0.01,0.27,169.19,2.49,0.78,0.31,"['1966-06-17', '1976-12-16', '1982-09-02']","[173.84, 170.2, 174.26]"
100681834915,Northland,FrenchmansBay,1976-12-16,1992-02-29,15,3,3,2.2,3.26,0.14,0.29,0.12,143.08,1.15,1.97,0.3,0.09,143.45,1.17,0.68,0.19,"['1976-12-16', '1982-09-02', '1992-02-29']","[142.09, 145.35, 144.29]"
100681836158,Northland,FrenchmansBay,1976-12-16,1992-02-29,15,3,3,0.21,3.36,0.01,0.29,-0.02,141.11,1.54,2.65,0.01,-0.06,141.61,1.58,0.91,0.06,"['1976-12-16', '1982-09-02', '1992-02-29']","[139.77, 143.13, 139.99]"
100681837573,Northland,FrenchmansBay,1976-12-16,1992-02-29,15,3,3,-1.52,2.97,-0.1,0.29,-0.12,139.85,0.95,1.64,0.39,-0.15,140.15,0.97,0.56,0.47,"['1976-12-16', '1982-09-02', '1992-02-29']","[139.02, 140.47, 137.5]"
100681838715,Northland,FrenchmansBay,1976-12-16,1992-02-29,15,3,3,-4.15,4.15,-0.27,0.29,-0.29,140.43,0.66,1.13,0.88,-0.3,140.64,0.68,0.39,0.89,"['1976-12-16', '1982-09-02', '1992-02-29']","[139.86, 139.71, 135.71]"
100681839871,Northland,FrenchmansBay,1976-12-16,1992-02-29,15,3,3,-3.19,3.24,-0.21,0.29,-0.22,140.45,0.59,1.01,0.85,-0.24,140.64,0.6,0.35,0.86,"['1976-12-16', '1982-09-02', '1992-02-29']","[139.94, 139.99, 136.75]"
100681841012,Northland,FrenchmansBay,1976-12-16,1992-02-29,15,3,3,-2.17,2.98,-0.14,0.29,-0.16,140.69,0.76,1.31,0.64,-0.18,140.93,0.78,0.45,0.68,"['1976-12-16', '1982-09-02', '1992-02-29']","[140.03, 140.83, 137.85]"
100681842011,Northland,FrenchmansBay,1976-12-16,1992-02-29,15,3,3,-3.15,4.47,-0.21,0.29,-0.23,143.36,1.18,2.03,0.61,-0.26,143.75,1.21,0.7,0.66,"['1976-12-16', '1982-09-02', '1992-02-29']","[142.34, 143.67, 139.19]"
100681843130,Northland,FrenchmansBay,1976-12-16,1992-02-29,15,3,3,-2.66,5.14,-0.18,0.29,-0.21,144.43,1.63,2.81,0.4,-0.25,144.96,1.67,0.96,0.48,"['1976-12-16', '1982-09-02', '1992-02-29']","[143.01, 145.48, 140.35]"
100681844128,Northland,FrenchmansBay,1976-12-16,1992-02-29,15,3,3,-1.52,4.93,-0.1,0.29,-0.14,144.51,1.87,3.22,0.19,-0.19,145.11,1.92,1.1,0.28,"['1976-12-16', '1982-09-02', '1992-02-29']","[142.88, 146.29, 141.36]"
100682086073,Northland,FrenchmansBay,1976-12-16,1992-02-29,15,3,3,1.99,4.09,0.13,0.29,0.1,157.17,1.57,2.7,0.13,0.05,157.68,1.61,0.93,0.04,"['1976-12-16', '1982-09-02', '1992-02-29']","[155.8, 159.9, 157.8]"
100682086948,Northland,FrenchmansBay,1976-12-16,1992-02-29,15,3,3,0.86,0.86,0.06,0.29,0.05,154.19,0.25,0.43,0.62,0.04,154.27,0.26,0.15,0.54,"['1976-12-16', '1982-09-02', '1992-02-29']","[153.97, 154.83, 154.83]"
100682087923,Northland,FrenchmansBay,1976-12-16,1992-02-29,15,3,3,-0.03,1.91,-0.0,0.29,-0.02,152.69,0.89,1.53,0.02,-0.05,152.98,0.91,0.53,0.09,"['1976-12-16', '1982-09-02', '1992-02-29']","[151.92, 153.8, 151.89]"
100682088979,Northland,FrenchmansBay,1976-12-16,1992-02-29,15,3,3,1.03,1.66,0.07,0.29,0.05,150.25,0.6,1.03,0.25,0.04,150.44,0.61,0.35,0.14,"['1976-12-16', '1982-09-02', '1992-02-29']","[149.73, 151.39, 150.77]"
100682089958,Northland,FrenchmansBay,1976-12-16,1992-02-29,15,3,3,4.36,4.36,0.29,0.29,0.26,145.19,1.1,1.9,0.69,0.23,145.55,1.13,0.65,0.63,"['1976-12-16', '1982-09-02', '1992-02-29']","[144.24, 148.22, 148.59]"
100682091088,Northland,FrenchmansBay,1976-12-16,1992-02-29,15,3,3,1.42,1.87,0.09,0.29,0.08,146.27,0.63,1.08,0.39,0.06,146.47,0.64,0.37,0.28,"['1976-12-16', '1982-09-02', '1992-02-29']","[145.73, 147.59, 147.14]"
100682092072,Northland,FrenchmansBay,1976-12-16,1992-02-29,15,3,3,2.7,2.7,0.18,0.29,0.17,144.29,0.19,0.32,0.97,0.17,144.35,0.19,0.11,0.97,"['1976-12-16', '1982-09-02', '1992-02-29']","[144.12, 145.54, 146.83]"
100682093252,Northland,FrenchmansBay,1976-12-16,1992-02-29,15,3,3,3.79,3.79,0.25,0.29,0.23,142.04,0.68,1.17,0.82,0.22,142.26,0.7,0.4,0.79,"['1976-12-16', '1982-09-02', '1992-02-29']","[141.45, 144.33, 145.24]"
100682094442,Northland,FrenchmansBay,1976-12-16,1992-02-29,15,3,3,2.71,2.71,0.18,0.29,0.17,141.76,0.45,0.77,0.85,0.16,141.9,0.46,0.26,0.82,"['1976-12-16', '1982-09-02', '1992-02-29']","[141.37, 143.33, 144.07]"
100682095604,Northland,FrenchmansBay,1976-12-16,1992-02-29,15,3,3,2.85,3.01,0.19,0.29,0.17,141.02,0.91,1.56,0.57,0.14,141.31,0.93,0.54,0.49,"['1976-12-16', '1982-09-02', '1992-02-29']","[140.23, 143.23, 143.08]"
100682096831,Northland,FrenchmansBay,1976-12-16,1992-02-29,15,3,3,1.84,3.13,0.12,0.29,0.1,140.44,1.15,1.97,0.22,0.07,140.81,1.17,0.68,0.11,"['1976-12-16', '1982-09-02', '1992-02-29']","[139.45, 142.58, 141.29]"
100682097830,Northland,FrenchmansBay,1976-12-16,1992-02-29,15,3,3,2.21,3.2,0.15,0.29,0.12,138.8,1.11,1.91,0.32,0.09,139.16,1.14,0.66,0.2,"['1976-12-16', '1982-09-02', '1992-02-29']","[137.84, 141.03, 140.05]"
100682098829,Northland,FrenchmansBay,1976-12-16,1992-02-29,15,3,3,2.68,3.98,0.18,0.29,0.14,137.3,1.4,2.4,0.3,0.11,137.75,1.43,0.82,0.19,"['1976-12-16', '1982-09-02', '1992-02-29']","[136.09, 140.07, 138.77]"
100682099829,Northland,FrenchmansBay,1976-12-16,1992-02-29,15,3,3,3.03,4.27,0.2,0.29,0.17,135.62,1.47,2.53,0.34,0.13,136.1,1.51,0.87,0.22,"['1976-12-16', '1982-09-02', '1992-02-29']","[134.35, 138.61, 137.37]"
100682100828,Northland,FrenchmansBay,1976-12-16,1992-02-29,15,3,3,2.29,2.72,0.15,0.29,0.13,134.91,0.88,1.51,0.47,0.11,135.19,0.9,0.52,0.37,"['1976-12-16', '1982-09-02', '1992-02-29']","[134.15, 136.87, 136.43]"
100682101827,Northland,FrenchmansBay,1976-12-16,1992-02-29,15,3,3,1.6,1.99,0.11,0.29,0.09,134.6,0.65,1.13,0.43,0.07,134.81,0.67,0.39,0.32,"['1976-12-16', '1982-09-02', '1992-02-29']","[134.03, 136.02, 135.63]"
100682102899,Northland,FrenchmansBay,1976-12-16,1992-02-29,15,3,3,2.09,2.83,0.14,0.29,0.12,134.03,0.96,1.65,0.37,0.09,134.34,0.98,0.57,0.25,"['1976-12-16', '1982-09-02', '1992-02-29']","[133.19, 136.02, 135.28]"
100682103898,Northland,FrenchmansBay,1976-12-16,1992-02-29,15,3,3,2.53,3.29,0.17,0.29,0.14,133.82,1.1,1.89,0.4,0.11,134.17,1.12,0.65,0.29,"['1976-12-16', '1982-09-02', '1992-02-29']","[132.87, 136.15, 135.4]"
100682104898,Northland,FrenchmansBay,1976-12-16,1992-02-29,15,3,3,2.83,3.59,0.19,0.29,0.16,134.49,1.19,2.04,0.42,0.13,134.87,1.22,0.7,0.31,"['1976-12-16', '1982-09-02', '1992-02-29']","[133.46, 137.04, 136.28]"
100682109044,Northland,FrenchmansBay,1976-12-16,1992-02-29,15,3,3,2.55,2.55,0.17,0.29,0.16,134.49,0.51,0.87,0.79,0.14,134.66,0.52,0.3,0.75,"['1976-12-16', '1982-09-02', '1992-02-29']","[134.05, 136.09, 136.61]"
100682110044,Northland,FrenchmansBay,1976-12-16,1992-02-29,15,3,3,2.41,2.41,0.16,0.29,0.15,133.89,0.51,0.89,0.76,0.13,134.06,0.53,0.3,0.72,"['1976-12-16', '1982-09-02', '1992-02-29']","[133.44, 135.45, 135.85]"
100682111168,Northland,FrenchmansBay,1976-12-16,1992-02-29,15,3,3,3.35,3.35,0.22,0.29,0.2,133.4,0.91,1.56,0.66,0.18,133.69,0.93,0.53,0.59,"['1976-12-16', '1982-09-02', '1992-02-29']","[132.61, 135.8, 135.96]"
100682112389,Northland,FrenchmansBay,1976-12-16,1992-02-29,15,3,3,3.62,5.76,0.24,0.29,0.19,134.48,2.07,3.56,0.25,0.14,135.14,2.12,1.22,0.14,"['1976-12-16', '1982-09-02', '1992-02-29']","[132.68, 138.44, 136.3]"
100682113387,Northland,FrenchmansBay,1976-12-16,1992-02-29,15,3,3,4.03,4.62,0.27,0.29,0.23,134.39,1.46,2.51,0.5,0.19,134.86,1.5,0.86,0.4,"['1976-12-16', '1982-09-02', '1992-02-29']","[133.12, 137.75, 137.15]"
100682114854,Northland,FrenchmansBay,1976-12-16,1992-02-29,15,3,3,4.88,4.88,0.32,0.29,0.31,134.53,0.6,1.04,0.91,0.29,134.72,0.62,0.36,0.9,"['1976-12-16', '1982-09-02', '1992-02-29']","[134.0, 137.12, 138.88]"
100682116077,Northland,FrenchmansBay,1976-12-16,1992-02-29,15,3,3,4.88,4.88,0.32,0.29,0.31,135.54,0.43,0.74,0.95,0.3,135.68,0.44,0.25,0.95,"['1976-12-16', '1982-09-02', '1992-02-29']","[135.16, 137.92, 140.04]"
100682300516,Northland,FrenchmansBay,1966-06-17,1982-09-02,16,3,3,1.8,2.04,0.11,0.28,0.09,226.01,0.62,1.13,0.48,0.11,225.94,0.61,0.35,0.56,"['1966-06-17', '1976-12-16', '1982-09-02']","[226.33, 226.09, 228.13]"
100682301582,Northland,FrenchmansBay,1966-06-17,1982-09-02,16,4,4,-166.98,169.89,-10.3,0.28,-5.66,308.03,18.17,86.8,0.29,-5.37,307.2,16.05,24.3,0.32,"['1966-06-17', '1966-06-17', '1976-12-16', '1982-09-02']","[396.62, 226.74, 227.82, 229.64]"
100682302688,Northland,FrenchmansBay,1966-06-17,1982-09-02,16,5,5,-165.66,171.1,-10.22,0.28,-3.4,321.06,16.85,102.85,0.07,-4.1,324.44,15.8,29.95,0.11,"['1966-06-17', '1966-06-17', '1976-12-16', '1976-12-16', '1982-09-02']","[396.03, 226.73, 397.83, 227.88, 230.37]"
100682304035,Northland,FrenchmansBay,1966-06-17,1982-09-02,16,6,6,-159.0,167.99,-9.81,0.28,0.25,306.47,12.87,99.29,0.0,0.42,306.31,13.18,31.62,0.0,"['1966-06-17', '1966-06-17', '1976-12-16', '1976-12-16', '1982-09-02', '1982-09-02']","[388.74, 225.44, 386.97, 227.63, 393.43, 229.74]"
100682305202,Northland,FrenchmansBay,1966-06-17,1992-02-29,26,7,7,13.27,167.56,0.52,0.17,2.64,287.25,7.82,87.8,0.08,3.1,281.56,7.76,28.09,0.12,"['1966-06-17', '1966-06-17', '1976-12-16', '1976-12-16', '1982-09-02', '1982-09-02', '1992-02-29']","[379.64, 225.36, 379.04, 227.16, 384.97, 230.48, 392.91]"
100682306518,Northland,FrenchmansBay,1966-06-17,1992-02-29,26,7,7,13.78,157.77,0.54,0.17,2.5,283.81,7.38,82.9,0.09,2.94,278.4,7.33,26.53,0.12,"['1966-06-17', '1966-06-17', '1976-12-16', '1976-12-16', '1982-09-02', '1982-09-02', '1992-02-29']","[370.17, 226.19, 371.67, 226.57, 375.7, 230.03, 383.95]"
100682307648,Northland,FrenchmansBay,1966-06-17,1992-02-29,26,7,7,14.53,151.82,0.57,0.17,2.39,280.15,7.03,78.96,0.09,2.82,274.82,6.98,25.27,0.12,"['1966-06-17', '1966-06-17', '1976-12-16', '1976-12-16', '1982-09-02', '1982-09-02', '1992-02-29']","[362.31, 226.23, 364.0, 225.01, 366.66, 228.86, 376.83]"
100682378473,Northland,FrenchmansBay,1966-06-17,1992-02-29,26,7,7,5.96,116.27,0.23,0.17,1.74,60.02,5.5,61.78,0.08,2.07,56.11,5.44,19.7,0.11,"['1966-06-17', '1966-06-17', '1976-12-16', '1976-12-16', '1982-09-02', '1982-09-02', '1992-02-29']","[125.05, 16.68, 123.85, 14.74, 126.97, 19.88, 131.01]"
100682378967,Northland,FrenchmansBay,1966-06-17,1992-02-29,26,7,7,3.68,120.73,0.14,0.17,1.78,54.05,5.8,65.17,0.07,2.12,50.03,5.74,20.77,0.1,"['1966-06-17', '1966-06-17', '1976-12-16', '1976-12-16', '1982-09-02', '1982-09-02', '1992-02-29']","[123.1, 7.55, 120.3, 6.05, 124.26, 11.06, 126.78]"
100682379594,Northland,FrenchmansBay,1966-06-17,1992-02-29,26,5,5,4.3,123.76,0.17,0.17,-0.67,106.2,7.71,61.68,0.01,-0.1,95.47,8.81,22.45,0.0,"['1966-06-17', '1976-12-16', '1982-09-02', '1982-09-02', '1992-02-29']","[120.39, 118.14, 121.11, 0.93, 124.68]"
100682380344,Northland,FrenchmansBay,1966-06-17,1992-02-29,26,4,4,5.92,6.87,0.23,0.17,0.23,115.34,0.35,2.26,0.64,0.26,114.86,0.36,0.74,0.69,"['1966-06-17', '1976-12-16', '1982-09-02', '1992-02-29']","[116.92, 115.97, 117.65, 122.84]"
100682381228,Northland,FrenchmansBay,1966-06-17,1992-02-29,26,4,4,5.69,7.11,0.22,0.17,0.22,112.85,0.38,2.42,0.59,0.26,112.35,0.38,0.78,0.66,"['1966-06-17', '1976-12-16', '1982-09-02', '1992-02-29']","[114.56, 113.14, 115.11, 120.25]"
100682382849,Northland,FrenchmansBay,1966-06-17,1992-02-29,26,4,4,5.53,7.46,0.22,0.17,0.23,110.36,0.39,2.49,0.59,0.26,109.93,0.38,0.77,0.67,"['1966-06-17', '1976-12-16', '1982-09-02', '1992-02-29']","[112.13, 110.2, 113.25, 117.66]"
100682386961,Northland,FrenchmansBay,1966-06-17,1992-02-29,26,4,4,6.14,8.36,0.24,0.17,0.26,107.22,0.43,2.74,0.6,0.29,106.8,0.41,0.83,0.68,"['1966-06-17', '1976-12-16', '1982-09-02', '1992-02-29']","[109.14, 106.92, 110.92, 115.28]"
100682388531,Northland,FrenchmansBay,1966-06-17,1992-02-29,26,4,4,7.13,9.34,0.28,0.17,0.29,104.47,0.49,3.1,0.6,0.33,103.89,0.47,0.97,0.67,"['1966-06-17', '1976-12-16', '1982-09-02', '1992-02-29']","[106.68, 104.47, 107.93, 113.81]"
100682389738,Northland,FrenchmansBay,1966-06-17,1992-02-29,26,4,4,6.26,8.7,0.24,0.17,0.25,103.82,0.5,3.19,0.51,0.29,103.17,0.5,1.02,0.59,"['1966-06-17', '1976-12-16', '1982-09-02', '1992-02-29']","[106.08, 103.64, 106.14, 112.34]"
100682390927,Northland,FrenchmansBay,1966-06-17,1992-02-29,26,4,4,8.23,8.23,0.32,0.17,0.32,100.06,0.24,1.54,0.88,0.34,99.74,0.24,0.5,0.89,"['1966-06-17', '1976-12-16', '1982-09-02', '1992-02-29']","[101.15, 102.12, 104.43, 109.39]"
100682391912,Northland,FrenchmansBay,1966-06-17,1992-02-29,26,4,4,9.48,9.48,0.37,0.17,0.37,96.49,0.08,0.5,0.99,0.37,96.37,0.09,0.18,0.99,"['1966-06-17', '1976-12-16', '1982-09-02', '1992-02-29']","[96.78, 100.14, 101.92, 106.26]"
100682392896,Northland,FrenchmansBay,1966-06-17,1992-02-29,26,4,4,9.58,9.58,0.37,0.17,0.38,94.64,0.22,1.43,0.92,0.4,94.37,0.22,0.45,0.93,"['1966-06-17', '1976-12-16', '1982-09-02', '1992-02-29']","[95.66, 97.24, 100.14, 105.24]"
100682394134,Northland,FrenchmansBay,1966-06-17,1992-02-29,26,4,4,11.84,11.84,0.46,0.17,0.45,91.21,0.4,2.55,0.84,0.49,90.61,0.43,0.87,0.85,"['1966-06-17', '1976-12-16', '1982-09-02', '1992-02-29']","[92.87, 94.45, 96.41, 104.7]"
100682395123,Northland,FrenchmansBay,1966-06-17,1992-02-29,26,4,4,11.16,11.16,0.43,0.17,0.44,89.52,0.37,2.39,0.85,0.47,89.03,0.37,0.77,0.87,"['1966-06-17', '1976-12-16', '1982-09-02', '1992-02-29']","[91.2, 92.07, 95.27, 102.37]"
100682396305,Northland,FrenchmansBay,1966-06-17,1992-02-29,26,4,4,9.64,10.15,0.37,0.17,0.39,88.03,0.41,2.6,0.79,0.42,87.61,0.39,0.8,0.83,"['1966-06-17', '1976-12-16', '1982-09-02', '1992-02-29']","[89.87, 89.37, 93.74, 99.51]"
100682397297,Northland,FrenchmansBay,1966-06-17,1992-02-29,26,4,4,9.59,11.5,0.37,0.17,0.4,86.25,0.53,3.36,0.71,0.43,85.78,0.49,1.01,0.77,"['1966-06-17', '1976-12-16', '1982-09-02', '1992-02-29']","[88.59, 86.68, 92.32, 98.18]"
100682398290,Northland,FrenchmansBay,1966-06-17,1992-02-29,26,4,4,11.58,11.58,0.45,0.17,0.45,84.18,0.42,2.66,0.83,0.49,83.63,0.42,0.85,0.85,"['1966-06-17', '1976-12-16', '1982-09-02', '1992-02-29']","[86.06, 86.62, 90.12, 97.64]"
100682399282,Northland,FrenchmansBay,1966-06-17,1992-02-29,26,4,4,15.99,15.99,0.62,0.17,0.63,79.6,0.33,2.12,0.94,0.66,79.26,0.32,0.65,0.95,"['1966-06-17', '1976-12-16', '1982-09-02', '1992-02-29']","[81.1, 84.01, 89.41, 97.1]"
100682400275,Northland,FrenchmansBay,1966-06-17,1992-02-29,26,4,4,14.48,17.0,0.56,0.17,0.61,78.49,0.77,4.88,0.73,0.66,78.02,0.71,1.46,0.79,"['1966-06-17', '1976-12-16', '1982-09-02', '1992-02-29']","[81.65, 79.12, 89.16, 96.12]"
100682401051,Northland,FrenchmansBay,1966-06-17,1992-02-29,26,4,4,11.1,18.28,0.43,0.17,0.48,78.74,1.06,6.74,0.47,0.56,77.84,0.99,2.03,0.57,"['1966-06-17', '1976-12-16', '1982-09-02', '1992-02-29']","[83.39, 76.21, 86.13, 94.49]"
100682402040,Northland,FrenchmansBay,1966-06-17,1992-02-29,26,4,4,16.42,16.42,0.64,0.17,0.65,74.06,0.47,2.99,0.89,0.69,73.49,0.46,0.94,0.9,"['1966-06-17', '1976-12-16', '1982-09-02', '1992-02-29']","[76.19, 78.02, 83.27, 92.61]"
100682402737,Northland,FrenchmansBay,1966-06-17,1992-02-29,26,4,4,15.24,15.39,0.59,0.17,0.61,73.44,0.59,3.79,0.82,0.66,72.78,0.57,1.17,0.85,"['1966-06-17', '1976-12-16', '1982-09-02', '1992-02-29']","[76.14, 76.0, 82.12, 91.38]"
100682403457,Northland,FrenchmansBay,1966-06-17,1992-02-29,26,4,4,12.33,17.06,0.48,0.17,0.49,74.08,0.95,6.07,0.53,0.57,72.88,0.94,1.92,0.61,"['1966-06-17', '1976-12-16', '1982-09-02', '1992-02-29']","[78.4, 73.67, 79.24, 90.73]"
100682404370,Northland,FrenchmansBay,1966-06-17,1992-02-29,26,4,4,13.0,14.37,0.51,0.17,0.51,73.49,0.67,4.26,0.71,0.57,72.61,0.67,1.37,0.76,"['1966-06-17', '1976-12-16', '1982-09-02', '1992-02-29']","[76.5, 75.14, 79.51, 89.51]"
100682405203,Northland,FrenchmansBay,1966-06-17,1992-02-29,26,4,4,11.92,12.77,0.46,0.17,0.47,73.63,0.56,3.55,0.75,0.52,72.93,0.55,1.13,0.79,"['1966-06-17', '1976-12-16', '1982-09-02', '1992-02-29']","[76.16, 75.31, 79.62, 88.08]"
100682406031,Northland,FrenchmansBay,1966-06-17,1992-02-29,26,4,4,13.82,13.82,0.54,0.17,0.54,71.13,0.33,2.12,0.92,0.57,70.69,0.33,0.68,0.93,"['1966-06-17', '1976-12-16', '1982-09-02', '1992-02-29']","[72.62, 74.97, 78.72, 86.44]"
100682407003,Northland,FrenchmansBay,1966-06-17,1992-02-29,26,4,4,9.8,10.05,0.38,0.17,0.39,73.03,0.41,2.62,0.79,0.42,72.53,0.4,0.83,0.82,"['1966-06-17', '1976-12-16', '1982-09-02', '1992-02-29']","[74.9, 74.65, 78.18, 84.7]"
100682407974,Northland,FrenchmansBay,1966-06-17,1992-02-29,26,4,4,11.68,11.68,0.45,0.17,0.46,71.49,0.37,2.35,0.87,0.49,71.04,0.36,0.74,0.89,"['1966-06-17', '1976-12-16', '1982-09-02', '1992-02-29']","[73.17, 74.14, 77.89, 84.85]"
100682408945,Northland,FrenchmansBay,1966-06-17,1992-02-29,26,4,4,9.67,13.33,0.38,0.17,0.39,72.54,0.71,4.55,0.56,0.45,71.73,0.69,1.41,0.65,"['1966-06-17', '1976-12-16', '1982-09-02', '1992-02-29']","[75.79, 72.14, 77.39, 85.46]"
100682410471,Northland,FrenchmansBay,1966-06-17,1992-02-29,26,4,4,9.32,15.6,0.36,0.17,0.38,72.18,0.95,6.04,0.41,0.46,71.1,0.92,1.88,0.52,"['1966-06-17', '1976-12-16', '1982-09-02', '1992-02-29']","[76.49, 70.22, 76.35, 85.82]"
100682411836,Northland,FrenchmansBay,1966-06-17,1992-02-29,26,4,4,13.18,14.06,0.51,0.17,0.52,68.61,0.61,3.87,0.76,0.57,67.86,0.6,1.22,0.8,"['1966-06-17', '1976-12-16', '1982-09-02', '1992-02-29']","[71.37, 70.48, 75.36, 84.55]"
100682413394,Northland,FrenchmansBay,1966-06-17,1992-02-29,26,4,4,10.79,11.91,0.42,0.17,0.43,69.63,0.52,3.29,0.75,0.47,69.05,0.5,1.02,0.8,"['1966-06-17', '1976-12-16', '1982-09-02', '1992-02-29']","[71.98, 70.86, 75.61, 82.77]"
100682414661,Northland,FrenchmansBay,1966-06-17,1992-02-29,26,4,4,10.52,10.52,0.41,0.17,0.41,68.85,0.28,1.81,0.9,0.43,68.47,0.29,0.59,0.91,"['1966-06-17', '1976-12-16', '1982-09-02', '1992-02-29']","[70.12, 71.67, 74.4, 80.63]"
100682415658,Northland,FrenchmansBay,1966-06-17,1992-02-29,26,4,4,7.77,7.77,0.3,0.17,0.29,70.04,0.29,1.87,0.8,0.31,69.57,0.33,0.67,0.8,"['1966-06-17', '1976-12-16', '1982-09-02', '1992-02-29']","[71.07, 72.48, 72.79, 78.84]"
100682416934,Northland,FrenchmansBay,1966-06-17,1992-02-29,26,4,4,8.31,8.31,0.32,0.17,0.31,69.7,0.23,1.44,0.89,0.33,69.34,0.25,0.51,0.88,"['1966-06-17', '1976-12-16', '1982-09-02', '1992-02-29']","[70.5, 72.51, 73.32, 78.81]"
100682418209,Northland,FrenchmansBay,1966-06-17,1992-02-29,26,4,4,8.31,8.31,0.32,0.17,0.31,69.5,0.22,1.42,0.89,0.33,69.15,0.25,0.51,0.88,"['1966-06-17', '1976-12-16', '1982-09-02', '1992-02-29']","[70.22, 72.46, 73.02, 78.54]"
100682419209,Northland,FrenchmansBay,1966-06-17,1992-02-29,26,4,4,6.55,6.55,0.25,0.17,0.25,70.57,0.21,1.32,0.86,0.27,70.27,0.21,0.44,0.87,"['1966-06-17', '1976-12-16', '1982-09-02', '1992-02-29']","[71.46, 72.32, 73.68, 78.01]"
100682420789,Northland,FrenchmansBay,1966-06-17,1992-02-29,26,4,4,5.66,5.66,0.22,0.17,0.22,70.62,0.21,1.37,0.82,0.24,70.35,0.21,0.43,0.85,"['1966-06-17', '1976-12-16', '1982-09-02', '1992-02-29']","[71.59, 71.72, 73.58, 77.25]"
100682421788,Northland,FrenchmansBay,1966-06-17,1992-02-29,26,4,4,3.8,5.82,0.15,0.17,0.15,71.57,0.34,2.19,0.46,0.18,71.15,0.34,0.69,0.55,"['1966-06-17', '1976-12-16', '1982-09-02', '1992-02-29']","[73.14, 71.12, 73.12, 76.94]"
100682423240,Northland,FrenchmansBay,1966-06-17,1992-02-29,26,4,4,5.81,6.46,0.23,0.17,0.23,69.9,0.3,1.89,0.72,0.25,69.52,0.29,0.6,0.76,"['1966-06-17', '1976-12-16', '1982-09-02', '1992-02-29']","[71.24, 70.59, 72.72, 77.05]"
100682424238,Northland,FrenchmansBay,1966-06-17,1992-02-29,26,4,4,4.05,5.3,0.16,0.17,0.17,70.76,0.27,1.7,0.63,0.19,70.49,0.25,0.52,0.7,"['1966-06-17', '1976-12-16', '1982-09-02', '1992-02-29']","[71.96, 70.72, 73.1, 76.02]"
100682425517,Northland,FrenchmansBay,1966-06-17,1992-02-29,26,4,4,7.03,7.03,0.27,0.17,0.27,68.84,0.23,1.44,0.86,0.29,68.5,0.24,0.49,0.86,"['1966-06-17', '1976-12-16', '1982-09-02', '1992-02-29']","[69.77, 70.81, 71.99, 76.8]"
100682426515,Northland,FrenchmansBay,1966-06-17,1992-02-29,26,4,4,7.64,7.64,0.3,0.17,0.3,69.23,0.25,1.61,0.86,0.32,68.92,0.25,0.51,0.88,"['1966-06-17', '1976-12-16', '1982-09-02', '1992-02-29']","[70.38, 70.86, 73.46, 78.02]"
100682427952,Northland,FrenchmansBay,1966-06-17,1992-02-29,26,4,4,8.02,8.02,0.31,0.17,0.31,69.22,0.33,2.13,0.78,0.34,68.74,0.35,0.71,0.8,"['1966-06-17', '1976-12-16', '1982-09-02', '1992-02-29']","[70.65, 70.97, 72.66, 78.67]"
100682428945,Northland,FrenchmansBay,1966-06-17,1992-02-29,26,4,4,6.97,7.92,0.27,0.17,0.28,70.53,0.37,2.37,0.7,0.31,70.07,0.37,0.75,0.75,"['1966-06-17', '1976-12-16', '1982-09-02', '1992-02-29']","[72.22, 71.26, 73.9, 79.19]"
100682430107,Northland,FrenchmansBay,1966-06-17,1992-02-29,26,4,4,4.77,7.59,0.19,0.17,0.19,72.23,0.46,2.91,0.43,0.23,71.68,0.45,0.91,0.54,"['1966-06-17', '1976-12-16', '1982-09-02', '1992-02-29']","[74.3, 71.49, 74.18, 79.08]"
100682431099,Northland,FrenchmansBay,1966-06-17,1992-02-29,26,4,4,4.28,7.41,0.17,0.17,0.18,72.41,0.45,2.85,0.41,0.22,71.95,0.42,0.87,0.53,"['1966-06-17', '1976-12-16', '1982-09-02', '1992-02-29']","[74.42, 71.29, 74.73, 78.7]"
100682432091,Northland,FrenchmansBay,1966-06-17,1992-02-29,26,4,4,4.6,7.23,0.18,0.17,0.19,71.77,0.43,2.74,0.44,0.22,71.26,0.42,0.86,0.54,"['1966-06-17', '1976-12-16', '1982-09-02', '1992-02-29']","[73.73, 71.1, 73.7, 78.33]"
100682433082,Northland,FrenchmansBay,1966-06-17,1992-02-29,26,4,4,5.68,6.81,0.22,0.17,0.23,71.27,0.32,2.07,0.68,0.25,70.9,0.31,0.64,0.74,"['1966-06-17', '1976-12-16', '1982-09-02', '1992-02-29']","[72.75, 71.61, 74.27, 78.43]"
100682434160,Northland,FrenchmansBay,1966-06-17,1992-02-29,26,4,4,5.76,6.4,0.22,0.17,0.23,71.77,0.28,1.81,0.74,0.25,71.44,0.28,0.57,0.78,"['1966-06-17', '1976-12-16', '1982-09-02', '1992-02-29']","[73.07, 72.42, 74.8, 78.82]"
100682435151,Northland,FrenchmansBay,1966-06-17,1992-02-29,26,4,4,4.62,5.77,0.18,0.17,0.2,73.5,0.28,1.8,0.68,0.22,73.38,0.26,0.54,0.74,"['1966-06-17', '1976-12-16', '1982-09-02', '1992-02-29']","[74.6, 73.44, 77.26, 79.21]"
100682436141,Northland,FrenchmansBay,1966-06-17,1992-02-29,26,4,4,3.64,4.91,0.14,0.17,0.15,74.97,0.25,1.58,0.62,0.17,74.77,0.23,0.47,0.7,"['1966-06-17', '1976-12-16', '1982-09-02', '1992-02-29']","[76.04, 74.77, 77.49, 79.68]"
100682437132,Northland,FrenchmansBay,1966-06-17,1992-02-29,26,4,4,2.41,4.65,0.09,0.17,0.1,76.3,0.32,2.04,0.28,0.12,75.89,0.32,0.65,0.39,"['1966-06-17', '1976-12-16', '1982-09-02', '1992-02-29']","[77.75, 75.51, 76.85, 80.16]"
100682438278,Northland,FrenchmansBay,1966-06-17,1992-02-29,26,4,4,1.81,4.74,0.07,0.17,0.08,77.26,0.34,2.19,0.18,0.11,76.87,0.33,0.68,0.3,"['1966-06-17', '1976-12-16', '1982-09-02', '1992-02-29']","[78.82, 75.9, 77.79, 80.63]"
100682439266,Northland,FrenchmansBay,1966-06-17,1992-02-29,26,4,4,2.83,5.46,0.11,0.17,0.11,77.83,0.37,2.36,0.29,0.15,77.36,0.37,0.75,0.4,"['1966-06-17', '1976-12-16', '1982-09-02', '1992-02-29']","[79.51, 76.89, 78.55, 82.34]"
100682440428,Northland,FrenchmansBay,1966-06-17,1992-02-29,26,4,4,3.98,5.82,0.15,0.17,0.16,78.51,0.35,2.21,0.47,0.19,78.06,0.34,0.71,0.56,"['1966-06-17', '1976-12-16', '1982-09-02', '1992-02-29']","[80.07, 78.23, 79.91, 84.05]"
100682441598,Northland,FrenchmansBay,1966-06-17,1992-02-29,26,4,4,4.45,5.66,0.17,0.17,0.17,79.11,0.35,2.26,0.48,0.2,78.58,0.37,0.76,0.54,"['1966-06-17', '1976-12-16', '1982-09-02', '1992-02-29']","[80.61, 79.39, 80.05, 85.05]"
100682443191,Northland,FrenchmansBay,1966-06-17,1992-02-29,26,4,4,3.97,5.25,0.15,0.17,0.16,80.43,0.28,1.78,0.58,0.18,80.09,0.27,0.56,0.65,"['1966-06-17', '1976-12-16', '1982-09-02', '1992-02-29']","[81.7, 80.43, 82.25, 85.68]"
100682484294,Northland,FrenchmansBay,1976-12-16,1992-02-29,15,3,3,5.82,5.82,0.38,0.29,0.38,166.72,0.09,0.15,1.0,0.39,166.7,0.09,0.05,1.0,"['1976-12-16', '1982-09-02', '1992-02-29']","[166.8, 168.8, 172.62]"
100682485226,Northland,FrenchmansBay,1976-12-16,1992-02-29,15,3,3,7.48,7.48,0.49,0.29,0.46,164.75,1.24,2.13,0.85,0.43,165.15,1.27,0.73,0.82,"['1976-12-16', '1982-09-02', '1992-02-29']","[163.68, 169.12, 171.16]"
100682486157,Northland,FrenchmansBay,1976-12-16,1992-02-29,15,3,3,9.33,9.33,0.61,0.29,0.58,163.9,1.58,2.72,0.84,0.54,164.41,1.62,0.93,0.81,"['1976-12-16', '1982-09-02', '1992-02-29']","[162.53, 169.4, 171.86]"
100682487150,Northland,FrenchmansBay,1976-12-16,1992-02-29,15,3,3,7.69,7.69,0.51,0.29,0.53,161.55,0.83,1.44,0.94,0.55,161.28,0.86,0.49,0.94,"['1976-12-16', '1982-09-02', '1992-02-29']","[162.27, 163.39, 169.97]"
100682488183,Northland,FrenchmansBay,1976-12-16,1992-02-29,15,3,3,5.85,5.85,0.38,0.29,0.39,161.51,0.04,0.06,1.0,0.39,161.5,0.04,0.02,1.0,"['1976-12-16', '1982-09-02', '1992-02-29']","[161.54, 163.66, 167.39]"
100682489367,Northland,FrenchmansBay,1976-12-16,1992-02-29,15,3,3,7.57,7.57,0.5,0.29,0.48,160.69,0.79,1.36,0.94,0.46,160.95,0.81,0.47,0.93,"['1976-12-16', '1982-09-02', '1992-02-29']","[160.0, 164.53, 167.57]"
100682490490,Northland,FrenchmansBay,1976-12-16,1992-02-29,15,3,3,7.37,7.37,0.48,0.29,0.46,158.68,1.12,1.92,0.87,0.43,159.04,1.14,0.66,0.85,"['1976-12-16', '1982-09-02', '1992-02-29']","[157.71, 162.85, 165.08]"
100682491800,Northland,FrenchmansBay,1976-12-16,1992-02-29,15,3,3,2.93,2.93,0.19,0.29,0.18,158.02,0.64,1.1,0.76,0.16,158.22,0.65,0.38,0.71,"['1976-12-16', '1982-09-02', '1992-02-29']","[157.46, 159.92, 160.4]"
100682525182,Northland,FrenchmansBay,1966-06-17,1992-02-29,26,3,3,11.37,11.37,0.44,0.18,0.41,167.93,1.74,5.04,0.69,0.38,168.22,1.6,1.49,0.69,"['1966-06-17', '1976-12-16', '1992-02-29']","[165.51, 176.36, 176.88]"
100682526180,Northland,FrenchmansBay,1966-06-17,1992-02-29,26,3,3,8.78,8.78,0.34,0.18,0.32,169.33,1.08,3.13,0.78,0.3,169.52,0.99,0.92,0.79,"['1966-06-17', '1976-12-16', '1992-02-29']","[167.83, 175.27, 176.61]"
100682527227,Northland,FrenchmansBay,1966-06-17,1992-02-29,26,4,4,6.27,6.27,0.24,0.18,0.25,169.87,0.05,0.32,0.99,0.25,169.9,0.05,0.11,0.99,"['1966-06-17', '1976-12-16', '1982-09-02', '1992-02-29']","[169.94, 172.17, 174.22, 176.21]"
100682528226,Northland,FrenchmansBay,1966-06-17,1992-02-29,26,4,4,9.44,9.44,0.37,0.18,0.32,165.97,0.45,2.9,0.68,0.33,165.57,0.49,0.99,0.66,"['1966-06-17', '1976-12-16', '1982-09-02', '1992-02-29']","[165.75, 171.66, 167.93, 175.19]"
100682529270,Northland,FrenchmansBay,1966-06-17,1992-02-29,26,4,4,9.54,9.54,0.37,0.18,0.35,164.12,0.21,1.36,0.92,0.35,163.91,0.23,0.47,0.91,"['1966-06-17', '1976-12-16', '1982-09-02', '1992-02-29']","[164.11, 168.76, 168.21, 173.64]"
100682530309,Northland,FrenchmansBay,1966-06-17,1992-02-29,26,4,4,8.17,8.17,0.32,0.18,0.32,164.18,0.07,0.46,0.99,0.31,164.28,0.08,0.16,0.99,"['1966-06-17', '1976-12-16', '1982-09-02', '1992-02-29']","[163.89, 167.8, 169.77, 172.06]"
100682531359,Northland,FrenchmansBay,1966-06-17,1992-02-29,26,4,4,8.72,8.72,0.34,0.18,0.35,162.75,0.2,1.28,0.93,0.33,163.02,0.22,0.44,0.91,"['1966-06-17', '1976-12-16', '1982-09-02', '1992-02-29']","[161.99, 166.92, 169.61, 170.71]"
100682532499,Northland,FrenchmansBay,1966-06-17,1992-02-29,26,4,4,10.94,10.94,0.43,0.18,0.43,160.41,0.39,2.5,0.84,0.4,160.92,0.41,0.83,0.8,"['1966-06-17', '1976-12-16', '1982-09-02', '1992-02-29']","[158.77, 166.5, 169.45, 169.7]"
100682533593,Northland,FrenchmansBay,1966-06-17,1992-02-29,26,4,4,11.7,11.7,0.46,0.18,0.46,159.17,0.4,2.54,0.85,0.43,159.66,0.41,0.83,0.82,"['1966-06-17', '1976-12-16', '1982-09-02', '1992-02-29']","[157.44, 165.81, 168.41, 169.14]"
100682534704,Northland,FrenchmansBay,1966-06-17,1992-02-29,26,4,4,12.85,12.85,0.5,0.18,0.5,158.24,0.4,2.56,0.87,0.47,158.72,0.41,0.83,0.85,"['1966-06-17', '1976-12-16', '1982-09-02', '1992-02-29']","[156.47, 165.47, 168.06, 169.32]"
100682535988,Northland,FrenchmansBay,1976-12-16,1992-02-29,15,3,3,4.38,4.38,0.29,0.29,0.28,166.23,0.35,0.61,0.96,0.27,166.35,0.36,0.21,0.96,"['1976-12-16', '1982-09-02', '1992-02-29']","[165.93, 168.32, 170.31]"
100682537022,Northland,FrenchmansBay,1976-12-16,1992-02-29,15,3,3,3.61,3.61,0.24,0.29,0.24,167.46,0.21,0.37,0.98,0.25,167.39,0.22,0.13,0.98,"['1976-12-16', '1982-09-02', '1992-02-29']","[167.64, 168.54, 171.26]"
100682549180,Northland,FrenchmansBay,1966-06-17,1992-02-29,26,4,4,6.38,6.66,0.25,0.18,0.27,166.23,0.24,1.56,0.84,0.26,166.54,0.28,0.56,0.79,"['1966-06-17', '1976-12-16', '1982-09-02', '1992-02-29']","[165.84, 168.58, 172.49, 172.22]"
100682550265,Northland,FrenchmansBay,1966-06-17,1992-02-29,26,4,4,7.02,8.03,0.27,0.18,0.3,164.03,0.33,2.13,0.78,0.29,164.45,0.38,0.76,0.71,"['1966-06-17', '1976-12-16', '1982-09-02', '1992-02-29']","[163.48, 166.54, 171.51, 170.51]"
100682551406,Northland,FrenchmansBay,1966-06-17,1992-02-29,26,4,4,1.54,2.62,0.06,0.18,0.07,169.72,0.15,0.97,0.5,0.06,169.91,0.17,0.35,0.38,"['1966-06-17', '1976-12-16', '1982-09-02', '1992-02-29']","[169.44, 170.22, 172.07, 170.98]"
100682552679,Northland,FrenchmansBay,1966-06-17,1992-02-29,26,3,3,-0.68,4.24,-0.03,0.18,0.0,172.26,1.11,3.22,0.0,-0.03,172.87,1.27,1.15,0.02,"['1966-06-17', '1982-09-02', '1992-02-29']","[171.3, 174.86, 170.63]"
100682553791,Northland,FrenchmansBay,1966-06-17,1992-02-29,26,3,3,-0.47,0.54,-0.02,0.18,-0.02,169.5,0.07,0.2,0.77,-0.02,169.46,0.08,0.07,0.68,"['1966-06-17', '1982-09-02', '1992-02-29']","[169.56, 169.02, 169.09]"
100682554891,Northland,FrenchmansBay,1966-06-17,1992-02-29,26,4,4,-0.29,2.65,-0.01,0.18,-0.01,167.54,0.24,1.55,0.0,0.01,167.29,0.24,0.48,0.01,"['1966-06-17', '1976-12-16', '1982-09-02', '1992-02-29']","[168.65, 166.0, 166.78, 168.36]"
100682556083,Northland,FrenchmansBay,1976-12-16,1992-02-29,15,3,3,4.57,4.57,0.3,0.29,0.28,166.93,1.03,1.78,0.74,0.25,167.27,1.06,0.61,0.69,"['1976-12-16', '1982-09-02', '1992-02-29']","[166.04, 169.95, 170.6]"
100682662951,Northland,FrenchmansBay,1966-06-17,1992-02-29,26,3,3,-1.61,7.11,-0.06,0.19,-0.03,165.69,1.81,5.24,0.01,-0.02,165.46,1.79,1.52,0.0,"['1966-06-17', '1976-12-16', '1992-02-29']","[168.2, 161.09, 166.59]"
100682664795,Northland,FrenchmansBay,1966-06-17,1992-02-29,26,3,3,-1.64,3.71,-0.06,0.19,-0.05,166.06,0.85,2.47,0.12,-0.04,165.96,0.85,0.72,0.09,"['1966-06-17', '1976-12-16', '1992-02-29']","[167.25, 163.54, 165.61]"
100682666804,Northland,FrenchmansBay,1966-06-17,1992-02-29,26,3,3,-3.8,4.91,-0.15,0.19,-0.13,167.65,0.94,2.73,0.44,-0.12,167.53,0.93,0.79,0.41,"['1966-06-17', '1976-12-16', '1992-02-29']","[168.96, 164.05, 165.16]"
100682667813,Northland,FrenchmansBay,1966-06-17,1992-02-29,26,3,3,-4.08,9.87,-0.16,0.19,-0.12,166.61,2.3,6.66,0.1,-0.1,166.33,2.28,1.94,0.07,"['1966-06-17', '1976-12-16', '1992-02-29']","[169.81, 159.94, 165.74]"
100682668284,Northland,FrenchmansBay,1966-06-17,1992-02-29,26,3,3,-6.29,8.1,-0.24,0.19,-0.22,169.22,1.55,4.49,0.44,-0.21,169.03,1.54,1.3,0.42,"['1966-06-17', '1976-12-16', '1992-02-29']","[171.38, 163.28, 165.09]"
100682668582,Northland,FrenchmansBay,1966-06-17,1992-02-29,26,3,3,-8.17,8.17,-0.32,0.19,-0.3,173.67,1.15,3.32,0.73,-0.29,173.53,1.14,0.97,0.72,"['1966-06-17', '1976-12-16', '1992-02-29']","[175.27, 167.83, 167.1]"
100682776200,Northland,FrenchmansBay,1953-10-24,1992-02-29,38,3,3,1.25,3.17,0.03,0.25,0.04,153.08,0.45,1.96,0.25,-0.02,155.14,0.62,0.46,0.05,"['1953-10-24', '1976-12-16', '1992-02-29']","[152.45, 155.62, 153.7]"
100682777225,Northland,FrenchmansBay,1953-10-24,1992-02-29,38,4,4,1.43,9.5,0.04,0.25,-0.03,154.37,0.55,5.27,0.02,-0.16,158.07,0.6,1.25,0.23,"['1953-10-24', '1966-06-17', '1976-12-16', '1992-02-29']","[151.43, 160.11, 150.61, 152.86]"
100682778263,Northland,FrenchmansBay,1953-10-24,1992-02-29,38,4,4,-1.67,5.63,-0.04,0.25,-0.08,152.34,0.26,2.5,0.28,-0.11,153.25,0.33,0.68,0.32,"['1953-10-24', '1966-06-17', '1976-12-16', '1992-02-29']","[151.53, 153.89, 148.26, 149.86]"
100682779344,Northland,FrenchmansBay,1953-10-24,1992-02-29,38,4,4,-0.9,5.45,-0.02,0.25,-0.06,149.78,0.26,2.51,0.17,-0.08,150.46,0.34,0.7,0.2,"['1953-10-24', '1966-06-17', '1976-12-16', '1992-02-29']","[149.13, 151.45, 146.0, 148.24]"
100682780486,Northland,FrenchmansBay,1953-10-24,1992-02-29,38,4,4,2.09,4.62,0.05,0.25,0.02,146.38,0.26,2.53,0.02,-0.02,147.46,0.33,0.68,0.01,"['1953-10-24', '1966-06-17', '1976-12-16', '1992-02-29']","[145.46, 149.29, 144.66, 147.56]"
100682781685,Northland,FrenchmansBay,1953-10-24,1992-02-29,38,4,4,2.27,5.21,0.06,0.25,0.02,145.2,0.3,2.91,0.02,0.02,145.21,0.41,0.84,0.01,"['1953-10-24', '1966-06-17', '1976-12-16', '1992-02-29']","[145.02, 147.67, 142.46, 147.29]"
100682783022,Northland,FrenchmansBay,1953-10-24,1992-02-29,38,4,4,2.47,10.47,0.06,0.25,-0.01,145.66,0.56,5.42,0.0,-0.03,146.47,0.75,1.55,0.01,"['1953-10-24', '1966-06-17', '1976-12-16', '1992-02-29']","[144.75, 150.28, 139.81, 147.22]"
100682784154,Northland,FrenchmansBay,1953-10-24,1992-02-29,38,4,4,0.34,9.39,0.01,0.25,-0.06,149.85,0.49,4.73,0.05,-0.14,152.39,0.59,1.22,0.2,"['1953-10-24', '1966-06-17', '1976-12-16', '1992-02-29']","[147.75, 154.37, 144.98, 148.08]"
100682785281,Northland,FrenchmansBay,1953-10-24,1992-02-29,38,4,4,0.63,7.96,0.02,0.25,-0.04,150.69,0.43,4.12,0.04,-0.12,153.13,0.5,1.04,0.21,"['1953-10-24', '1966-06-17', '1976-12-16', '1992-02-29']","[148.71, 154.85, 146.89, 149.33]"
100682786414,Northland,FrenchmansBay,1953-10-24,1992-02-29,38,4,4,0.72,7.76,0.02,0.25,-0.04,150.78,0.4,3.86,0.03,-0.09,152.35,0.5,1.04,0.12,"['1953-10-24', '1966-06-17', '1976-12-16', '1992-02-29']","[149.43, 154.36, 146.6, 150.15]"
100682787564,Northland,FrenchmansBay,1953-10-24,1992-02-29,38,4,4,1.31,8.68,0.03,0.25,-0.03,150.76,0.45,4.36,0.01,-0.07,152.17,0.58,1.2,0.07,"['1953-10-24', '1966-06-17', '1976-12-16', '1992-02-29']","[149.47, 154.76, 146.07, 150.78]"
100682788858,Northland,FrenchmansBay,1953-10-24,1992-02-29,38,4,4,0.41,7.07,0.01,0.25,-0.04,150.97,0.37,3.58,0.04,-0.03,150.98,0.5,1.04,0.02,"['1953-10-24', '1966-06-17', '1976-12-16', '1992-02-29']","[150.74, 153.23, 146.16, 151.15]"
100682790005,Northland,FrenchmansBay,1953-10-24,1992-02-29,38,4,4,-1.02,3.52,-0.03,0.25,-0.03,151.27,0.19,1.8,0.09,0.03,149.55,0.19,0.39,0.11,"['1953-10-24', '1966-06-17', '1976-12-16', '1992-02-29']","[152.47, 150.1, 148.95, 151.45]"
100682790994,Northland,FrenchmansBay,1953-10-24,1992-02-29,38,4,4,-1.56,7.89,-0.04,0.11,-0.09,155.38,0.38,3.65,0.2,-0.07,154.68,0.31,1.06,0.17,"['1953-10-24', '1966-06-17', '1976-12-16', '1992-02-29']","[153.96, 158.13, 150.23, 152.4]"
100682792116,Northland,FrenchmansBay,1953-10-24,1992-02-29,38,4,4,-1.78,3.69,-0.05,0.11,-0.07,153.11,0.17,1.63,0.4,-0.06,153.07,0.14,0.47,0.47,"['1953-10-24', '1966-06-17', '1976-12-16', '1992-02-29']","[153.08, 153.4, 149.71, 151.3]"
100682793213,Northland,FrenchmansBay,1953-10-24,1992-02-29,38,4,4,-0.94,3.08,-0.02,0.11,-0.04,152.05,0.15,1.41,0.25,-0.03,151.6,0.13,0.43,0.17,"['1953-10-24', '1966-06-17', '1976-12-16', '1992-02-29']","[151.06, 153.2, 150.75, 150.13]"
100682794358,Northland,FrenchmansBay,1953-10-24,1992-02-29,38,3,3,-1.67,4.36,-0.04,0.11,-0.03,151.42,0.69,3.0,0.07,-0.02,150.96,0.59,0.91,0.04,"['1953-10-24', '1976-12-16', '1992-02-29']","[150.46, 153.15, 148.79]"
100682796460,Northland,FrenchmansBay,1953-10-24,1992-02-29,38,3,3,6.16,7.76,0.16,0.11,0.17,139.44,0.76,3.28,0.68,0.19,138.94,0.64,1.0,0.77,"['1953-10-24', '1976-12-16', '1992-02-29']","[138.39, 146.15, 144.55]"
100682797459,Northland,FrenchmansBay,1953-10-24,1992-02-29,38,4,4,-1.77,8.55,-0.05,0.11,-0.1,145.87,0.41,3.93,0.21,-0.08,145.16,0.34,1.14,0.19,"['1953-10-24', '1966-06-17', '1976-12-16', '1992-02-29']","[144.45, 148.71, 140.15, 142.67]"
100682798458,Northland,FrenchmansBay,1953-10-24,1992-02-29,38,4,4,-2.85,6.65,-0.07,0.11,-0.11,147.49,0.29,2.82,0.37,-0.08,146.64,0.25,0.85,0.32,"['1953-10-24', '1966-06-17', '1976-12-16', '1992-02-29']","[145.66, 149.46, 143.9, 142.81]"
100682799457,Northland,FrenchmansBay,1953-10-24,1992-02-29,38,4,4,-2.86,6.22,-0.07,0.11,-0.08,148.93,0.32,3.06,0.22,-0.05,147.93,0.29,0.97,0.12,"['1953-10-24', '1966-06-17', '1976-12-16', '1992-02-29']","[146.64, 150.0, 149.28, 143.78]"
100682800329,Northland,FrenchmansBay,1953-10-24,1992-02-29,38,4,4,-4.41,10.15,-0.12,0.11,-0.17,147.16,0.45,4.33,0.39,-0.16,146.69,0.37,1.25,0.44,"['1953-10-24', '1966-06-17', '1976-12-16', '1992-02-29']","[146.29, 148.88, 138.73, 141.88]"
100682801327,Northland,FrenchmansBay,1953-10-24,1992-02-29,38,4,4,-2.77,8.29,-0.07,0.11,-0.12,145.44,0.38,3.64,0.31,-0.11,144.9,0.31,1.05,0.33,"['1953-10-24', '1966-06-17', '1976-12-16', '1992-02-29']","[144.37, 147.5, 139.2, 141.6]"
100682802168,Northland,FrenchmansBay,1953-10-24,1992-02-29,38,4,4,-1.85,7.05,-0.05,0.11,-0.09,144.34,0.35,3.37,0.24,-0.07,143.52,0.29,0.99,0.19,"['1953-10-24', '1966-06-17', '1976-12-16', '1992-02-29']","[142.61, 147.02, 139.96, 140.75]"
100682803007,Northland,FrenchmansBay,1953-10-24,1992-02-29,38,4,4,-3.57,15.17,-0.09,0.11,-0.19,142.65,0.71,6.84,0.23,-0.16,141.69,0.59,1.98,0.23,"['1953-10-24', '1966-06-17', '1976-12-16', '1992-02-29']","[140.77, 146.94, 131.77, 137.2]"
100682803818,Northland,FrenchmansBay,1953-10-24,1992-02-29,38,4,4,-2.66,11.69,-0.07,0.11,-0.14,136.49,0.56,5.38,0.21,-0.13,136.09,0.46,1.55,0.24,"['1953-10-24', '1966-06-17', '1976-12-16', '1992-02-29']","[135.83, 139.13, 127.44, 133.17]"
100682804662,Northland,FrenchmansBay,1966-06-17,1992-02-29,26,3,3,-8.93,13.56,-0.35,0.19,-0.3,135.04,2.78,8.04,0.32,-0.28,134.7,2.76,2.34,0.29,"['1966-06-17', '1976-12-16', '1992-02-29']","[138.91, 125.35, 129.98]"
100682805510,Northland,FrenchmansBay,1953-10-24,1992-02-29,38,4,4,-2.95,10.47,-0.08,0.11,-0.14,132.66,0.5,4.84,0.24,-0.13,132.46,0.42,1.4,0.29,"['1953-10-24', '1966-06-17', '1976-12-16', '1992-02-29']","[132.42, 134.49, 124.03, 129.47]"
100682806486,Northland,FrenchmansBay,1953-10-24,1992-02-29,38,4,4,-1.11,6.45,-0.03,0.11,-0.07,130.57,0.31,3.02,0.17,-0.06,130.35,0.26,0.87,0.19,"['1953-10-24', '1966-06-17', '1976-12-16', '1992-02-29']","[130.21, 132.17, 125.72, 129.11]"
100682811155,Northland,FrenchmansBay,1953-10-24,1992-02-29,38,4,4,-2.38,6.85,-0.06,0.11,-0.1,130.94,0.31,3.0,0.32,-0.09,130.47,0.26,0.87,0.34,"['1953-10-24', '1966-06-17', '1976-12-16', '1992-02-29']","[130.0, 132.64, 125.79, 127.62]"
100682812382,Northland,FrenchmansBay,1953-10-24,1992-02-29,38,4,4,-8.53,12.21,-0.22,0.11,-0.29,132.56,0.5,4.77,0.59,-0.27,132.02,0.41,1.38,0.65,"['1953-10-24', '1966-06-17', '1976-12-16', '1992-02-29']","[131.55, 133.3, 121.09, 123.02]"
100682813967,Northland,FrenchmansBay,1953-10-24,1992-02-29,38,4,4,-8.9,10.08,-0.23,0.11,-0.28,130.43,0.36,3.44,0.72,-0.27,130.29,0.3,1.0,0.78,"['1953-10-24', '1966-06-17', '1976-12-16', '1992-02-29']","[130.26, 129.48, 120.19, 121.36]"
100682815536,Northland,FrenchmansBay,1953-10-24,1992-02-29,38,4,4,-7.25,9.98,-0.19,0.11,-0.23,130.11,0.34,3.27,0.67,-0.21,129.24,0.29,0.96,0.69,"['1953-10-24', '1966-06-17', '1976-12-16', '1992-02-29']","[128.26, 130.99, 122.91, 121.01]"
100682817058,Northland,FrenchmansBay,1953-10-24,1992-02-29,38,4,4,-6.94,10.49,-0.18,0.11,-0.24,129.07,0.43,4.17,0.57,-0.22,128.36,0.36,1.21,0.61,"['1953-10-24', '1966-06-17', '1976-12-16', '1992-02-29']","[127.66, 130.34, 119.84, 120.72]"
100711983454,Northland,Tinopai,1953-10-24,2024-03-18,70,6,6,0.85,9.36,0.01,0.04,-0.02,163.91,0.11,3.76,0.05,-0.01,162.79,0.08,1.18,0.01,"['1953-10-24', '1966-06-17', '1976-12-16', '2019-07-20', '2023-03-24', '2024-03-18']","[160.92, 169.67, 160.31, 163.29, 161.64, 161.76]"
100711984789,Northland,Tinopai,1953-10-24,2024-03-18,70,6,6,-0.64,7.59,-0.01,0.04,-0.05,163.09,0.08,2.65,0.27,-0.03,162.09,0.06,0.86,0.26,"['1953-10-24', '1966-06-17', '1976-12-16', '2019-07-20', '2023-03-24', '2024-03-18']","[160.34, 166.81, 160.86, 160.6, 159.22, 159.69]"
100711985945,Northland,Tinopai,1953-10-24,2024-03-18,70,6,6,-1.01,7.27,-0.01,0.04,-0.05,162.76,0.07,2.3,0.38,-0.04,161.71,0.05,0.8,0.36,"['1953-10-24', '1966-06-17', '1976-12-16', '2019-07-20', '2023-03-24', '2024-03-18']","[160.03, 165.6, 161.49, 158.33, 159.8, 159.02]"
100711987103,Northland,Tinopai,1953-10-24,2024-03-18,70,6,6,-0.11,7.07,-0.0,0.04,-0.04,161.97,0.07,2.36,0.29,-0.03,160.85,0.06,0.95,0.19,"['1953-10-24', '1966-06-17', '1976-12-16', '2019-07-20', '2023-03-24', '2024-03-18']","[159.08, 164.39, 161.87, 157.32, 159.99, 158.97]"
100711988335,Northland,Tinopai,1953-10-24,2024-03-18,70,6,6,-1.64,6.89,-0.02,0.04,-0.06,162.17,0.06,2.07,0.49,-0.05,161.24,0.06,0.94,0.38,"['1953-10-24', '1966-06-17', '1976-12-16', '2019-07-20', '2023-03-24', '2024-03-18']","[159.76, 163.2, 162.46, 156.31, 159.35, 158.13]"
100711989448,Northland,Tinopai,1953-10-24,2024-03-18,70,6,6,-0.3,7.36,-0.0,0.04,-0.05,161.11,0.08,2.65,0.35,-0.04,159.91,0.07,0.99,0.31,"['1953-10-24', '1966-06-17', '1976-12-16', '2019-07-20', '2023-03-24', '2024-03-18']","[157.71, 162.02, 163.14, 155.79, 157.42, 157.41]"
100711990448,Northland,Tinopai,1953-10-24,2024-03-18,70,6,6,0.99,9.04,0.01,0.04,-0.05,160.75,0.11,3.56,0.2,-0.03,159.21,0.09,1.28,0.15,"['1953-10-24', '1966-06-17', '1976-12-16', '2019-07-20', '2023-03-24', '2024-03-18']","[156.29, 161.66, 164.55, 155.51, 157.19, 157.27]"
100711991564,Northland,Tinopai,1953-10-24,2024-03-18,70,7,7,2.58,13.0,0.04,0.04,-0.04,161.29,0.15,5.43,0.06,-0.04,159.4,0.12,1.88,0.08,"['1953-10-24', '1966-06-17', '1976-12-16', '1995-12-03', '2019-07-20', '2023-03-24', '2024-03-18']","[154.58, 161.56, 164.78, 167.58, 156.11, 155.26, 157.17]"
100711992564,Northland,Tinopai,1953-10-24,2024-03-18,70,7,7,1.32,11.21,0.02,0.04,-0.02,159.66,0.12,4.25,0.03,-0.02,158.46,0.09,1.4,0.05,"['1953-10-24', '1966-06-17', '1976-12-16', '1995-12-03', '2019-07-20', '2023-03-24', '2024-03-18']","[155.32, 160.68, 159.57, 166.53, 156.71, 156.0, 156.64]"
100711993717,Northland,Tinopai,1953-10-24,2024-03-18,70,7,7,0.51,9.0,0.01,0.04,-0.0,157.7,0.09,3.29,0.0,-0.01,157.26,0.07,1.03,0.01,"['1953-10-24', '1966-06-17', '1976-12-16', '1995-12-03', '2019-07-20', '2023-03-24', '2024-03-18']","[156.02, 159.36, 154.61, 163.61, 157.3, 156.08, 156.53]"
100711994714,Northland,Tinopai,1953-10-24,2024-03-18,70,7,7,2.6,9.93,0.04,0.04,0.01,157.93,0.1,3.41,0.0,0.01,156.91,0.07,1.16,0.01,"['1953-10-24', '1966-06-17', '1976-12-16', '1995-12-03', '2019-07-20', '2023-03-24', '2024-03-18']","[154.15, 159.5, 158.43, 164.08, 157.9, 156.37, 156.75]"
100711995812,Northland,Tinopai,1953-10-24,2024-03-18,70,7,7,2.27,10.92,0.03,0.04,-0.0,158.95,0.11,3.96,0.0,-0.0,157.77,0.09,1.38,0.0,"['1953-10-24', '1966-06-17', '1976-12-16', '1995-12-03', '2019-07-20', '2023-03-24', '2024-03-18']","[154.33, 159.4, 161.57, 165.25, 158.5, 156.84, 156.61]"
100711996806,Northland,Tinopai,1953-10-24,2024-03-18,70,7,7,0.6,3.89,0.01,0.04,-0.02,159.27,0.04,1.59,0.12,-0.01,158.62,0.04,0.63,0.09,"['1953-10-24', '1966-06-17', '1976-12-16', '1995-12-03', '2019-07-20', '2023-03-24', '2024-03-18']","[156.93, 159.98, 160.48, 159.62, 158.45, 156.59, 157.53]"
100711997900,Northland,Tinopai,1953-10-24,2024-03-18,70,7,7,0.75,5.24,0.01,0.04,-0.03,159.65,0.05,1.66,0.21,-0.02,158.94,0.05,0.72,0.13,"['1953-10-24', '1966-06-17', '1976-12-16', '1995-12-03', '2019-07-20', '2023-03-24', '2024-03-18']","[157.31, 161.17, 159.74, 159.32, 158.38, 155.94, 158.06]"
100711998984,Northland,Tinopai,1953-10-24,2024-03-18,70,7,7,2.72,5.68,0.04,0.04,-0.01,159.71,0.06,2.04,0.02,0.0,158.67,0.05,0.74,0.0,"['1953-10-24', '1966-06-17', '1976-12-16', '1995-12-03', '2019-07-20', '2023-03-24', '2024-03-18']","[156.48, 162.16, 160.72, 160.14, 158.81, 157.83, 159.2]"
100712000255,Northland,Tinopai,1953-10-24,2024-03-18,70,7,7,0.75,4.53,0.01,0.04,-0.01,161.11,0.06,1.96,0.05,-0.01,160.23,0.04,0.7,0.03,"['1953-10-24', '1966-06-17', '1976-12-16', '1995-12-03', '2019-07-20', '2023-03-24', '2024-03-18']","[158.2, 162.66, 161.75, 162.72, 159.52, 159.96, 158.95]"
100712001417,Northland,Tinopai,1953-10-24,2023-03-24,69,6,6,1.89,7.35,0.03,0.04,0.03,161.85,0.09,2.63,0.12,0.02,161.57,0.06,0.85,0.1,"['1953-10-24', '1966-06-17', '1976-12-16', '1995-12-03', '2019-07-20', '2023-03-24']","[160.39, 162.35, 161.94, 167.74, 162.79, 162.28]"
100712002533,Northland,Tinopai,1953-10-24,2023-03-24,69,6,6,1.93,9.95,0.03,0.04,0.0,163.03,0.12,3.72,0.0,-0.01,162.87,0.11,1.57,0.01,"['1953-10-24', '1966-06-17', '1976-12-16', '1995-12-03', '2019-07-20', '2023-03-24']","[162.41, 162.47, 161.68, 168.92, 158.97, 164.34]"
100712003591,Northland,Tinopai,1953-10-24,2023-03-24,69,6,6,4.37,10.15,0.06,0.04,0.02,160.15,0.12,3.71,0.04,0.02,158.92,0.09,1.28,0.07,"['1953-10-24', '1966-06-17', '1976-12-16', '1995-12-03', '2019-07-20', '2023-03-24']","[155.81, 162.81, 161.7, 165.96, 159.73, 160.18]"
100712084909,Northland,Tinopai,1976-12-16,2024-03-18,47,3,3,0.42,0.89,0.01,0.08,0.01,218.65,0.06,0.34,0.71,0.01,218.66,0.1,0.21,0.42,"['1976-12-16', '2023-03-24', '2024-03-18']","[218.64, 219.53, 219.06]"
100712085740,Northland,Tinopai,1976-12-16,2024-03-18,47,3,3,-0.99,1.96,-0.02,0.08,-0.0,222.37,0.23,1.38,0.0,-0.0,222.44,0.41,0.86,0.0,"['1976-12-16', '2023-03-24', '2024-03-18']","[222.35, 223.31, 221.36]"
100712086552,Northland,Tinopai,1976-12-16,2024-03-18,47,4,4,-0.77,2.83,-0.02,0.08,0.01,223.39,0.11,1.43,0.05,0.01,223.47,0.18,0.89,0.01,"['1976-12-16', '1995-12-03', '2023-03-24', '2024-03-18']","[223.3, 223.73, 225.36, 222.53]"
100712087466,Northland,Tinopai,1976-12-16,2024-03-18,47,4,4,-2.95,3.33,-0.06,0.08,-0.07,224.42,0.02,0.26,0.98,-0.07,224.4,0.03,0.15,0.96,"['1976-12-16', '1995-12-03', '2023-03-24', '2024-03-18']","[224.32, 223.29, 220.99, 221.37]"
100712305038,Northland,Tinopai,1953-10-24,2024-03-18,70,5,5,4.14,4.51,0.06,0.13,0.04,227.66,0.05,1.57,0.51,0.03,227.91,0.04,0.21,0.58,"['1953-10-24', '1966-06-17', '2019-07-20', '2023-03-24', '2024-03-18']","[228.13, 227.76, 228.36, 230.62, 232.27]"
100712305883,Northland,Tinopai,1953-10-24,2024-03-18,70,5,5,4.29,4.37,0.06,0.13,0.05,231.34,0.03,0.99,0.77,0.06,230.91,0.05,0.28,0.69,"['1953-10-24', '1966-06-17', '2019-07-20', '2023-03-24', '2024-03-18']","[230.39, 233.12, 233.63, 234.75, 234.68]"
100712306731,Northland,Tinopai,1953-10-24,2024-03-18,70,5,5,6.67,7.07,0.09,0.13,0.07,231.63,0.05,1.42,0.81,0.09,231.02,0.08,0.4,0.73,"['1953-10-24', '1966-06-17', '2019-07-20', '2023-03-24', '2024-03-18']","[230.27, 234.3, 235.56, 237.34, 236.94]"
100712307699,Northland,Tinopai,1953-10-24,2024-03-18,70,5,5,8.64,9.62,0.12,0.13,0.11,230.65,0.04,1.12,0.94,0.13,230.22,0.06,0.29,0.91,"['1953-10-24', '1966-06-17', '2019-07-20', '2023-03-24', '2024-03-18']","[229.69, 233.31, 237.33, 239.31, 238.32]"
100712308989,Northland,Tinopai,1953-10-24,2024-03-18,70,8,8,11.1,17.63,0.16,0.13,0.16,231.08,0.11,4.12,0.57,0.26,229.3,0.13,0.99,0.74,"['1953-10-24', '1966-06-17', '1976-12-16', '1987-09-02', '1995-12-03', '2019-07-20', '2023-03-24', '2024-03-18']","[229.11, 231.16, 233.71, 238.54, 246.74, 239.46, 241.52, 240.21]"
100712310483,Northland,Tinopai,1953-10-24,2024-03-18,70,8,8,16.04,23.08,0.23,0.13,0.24,226.98,0.13,4.91,0.67,0.33,225.1,0.16,1.29,0.72,"['1953-10-24', '1966-06-17', '1976-12-16', '1987-09-02', '1995-12-03', '2019-07-20', '2023-03-24', '2024-03-18']","[225.05, 229.29, 230.75, 233.73, 248.12, 240.7, 242.47, 241.09]"
100712311985,Northland,Tinopai,1953-10-24,2024-03-18,70,8,8,28.07,28.07,0.4,0.13,0.35,222.15,0.13,4.68,0.83,0.4,221.11,0.16,1.25,0.8,"['1953-10-24', '1966-06-17', '1976-12-16', '1987-09-02', '1995-12-03', '2019-07-20', '2023-03-24', '2024-03-18']","[221.37, 224.04, 232.98, 230.12, 245.47, 241.04, 244.34, 249.45]"
100712313378,Northland,Tinopai,1953-10-24,2024-03-18,70,8,8,20.29,25.77,0.29,0.13,0.28,227.27,0.14,5.14,0.72,0.26,228.15,0.19,1.48,0.55,"['1953-10-24', '1966-06-17', '1976-12-16', '1987-09-02', '1995-12-03', '2019-07-20', '2023-03-24', '2024-03-18']","[230.61, 225.13, 235.31, 231.93, 246.74, 243.86, 243.22, 250.9]"
100712314555,Northland,Tinopai,1953-10-24,2024-03-18,70,8,8,20.81,26.81,0.3,0.13,0.29,228.45,0.14,5.19,0.72,0.26,229.58,0.19,1.47,0.54,"['1953-10-24', '1966-06-17', '1976-12-16', '1987-09-02', '1995-12-03', '2019-07-20', '2023-03-24', '2024-03-18']","[232.23, 226.23, 236.46, 233.35, 247.56, 246.01, 244.13, 253.04]"
100712315828,Northland,Tinopai,1953-10-24,2024-03-18,70,8,8,14.8,26.99,0.21,0.13,0.25,232.11,0.17,6.12,0.59,0.14,235.17,0.24,1.84,0.19,"['1953-10-24', '1966-06-17', '1976-12-16', '1987-09-02', '1995-12-03', '2019-07-20', '2023-03-24', '2024-03-18']","[239.89, 227.71, 236.69, 234.71, 248.24, 248.14, 245.65, 254.7]"
100712316899,Northland,Tinopai,1953-10-24,2024-03-18,70,8,8,14.23,27.98,0.2,0.13,0.24,234.01,0.18,6.68,0.52,0.1,237.82,0.25,1.98,0.1,"['1953-10-24', '1966-06-17', '1976-12-16', '1987-09-02', '1995-12-03', '2019-07-20', '2023-03-24', '2024-03-18']","[243.21, 229.46, 236.95, 235.95, 248.9, 247.83, 247.32, 257.44]"
100712317951,Northland,Tinopai,1953-10-24,2024-03-18,70,8,8,14.59,26.99,0.21,0.13,0.24,235.89,0.18,6.63,0.53,0.08,240.11,0.25,1.97,0.06,"['1953-10-24', '1966-06-17', '1976-12-16', '1987-09-02', '1995-12-03', '2019-07-20', '2023-03-24', '2024-03-18']","[245.5, 233.11, 238.42, 236.58, 249.57, 249.11, 251.88, 260.1]"
100712319018,Northland,Tinopai,1953-10-24,2024-03-18,70,8,8,12.09,23.2,0.17,0.13,0.21,238.78,0.17,6.37,0.49,0.05,243.01,0.24,1.87,0.02,"['1953-10-24', '1966-06-17', '1976-12-16', '1987-09-02', '1995-12-03', '2019-07-20', '2023-03-24', '2024-03-18']","[248.15, 237.04, 240.02, 238.38, 250.28, 249.06, 255.16, 260.24]"
100712320004,Northland,Tinopai,1953-10-24,2024-03-18,70,8,8,9.72,20.79,0.14,0.13,0.18,241.82,0.18,6.47,0.39,0.01,245.92,0.24,1.84,0.0,"['1953-10-24', '1966-06-17', '1976-12-16', '1987-09-02', '1995-12-03', '2019-07-20', '2023-03-24', '2024-03-18']","[250.8, 240.86, 241.53, 239.74, 251.68, 248.51, 256.63, 260.53]"
100712321103,Northland,Tinopai,1953-10-24,2024-03-18,70,8,8,6.71,20.26,0.1,0.13,0.13,245.28,0.18,6.68,0.24,-0.05,249.33,0.24,1.86,0.02,"['1953-10-24', '1966-06-17', '1976-12-16', '1987-09-02', '1995-12-03', '2019-07-20', '2023-03-24', '2024-03-18']","[253.93, 244.69, 244.55, 240.38, 252.7, 248.25, 258.11, 260.64]"
100712322093,Northland,Tinopai,1953-10-24,2024-03-18,70,8,8,2.67,19.59,0.04,0.13,0.06,249.83,0.19,7.1,0.06,-0.12,253.79,0.25,1.92,0.13,"['1953-10-24', '1966-06-17', '1976-12-16', '1987-09-02', '1995-12-03', '2019-07-20', '2023-03-24', '2024-03-18']","[257.94, 249.66, 248.75, 241.02, 253.67, 247.72, 259.58, 260.61]"
100712323203,Northland,Tinopai,1966-06-17,2024-03-18,58,7,7,7.15,20.19,0.12,0.16,0.13,249.29,0.25,7.03,0.17,0.05,249.24,0.37,1.83,0.01,"['1966-06-17', '1976-12-16', '1987-09-02', '1995-12-03', '2019-07-20', '2023-03-24', '2024-03-18']","[253.86, 252.62, 241.53, 254.84, 248.06, 261.71, 261.01]"
100712324315,Northland,Tinopai,1966-06-17,2024-03-18,58,7,7,4.96,19.35,0.09,0.16,0.09,251.79,0.24,6.95,0.09,-0.0,251.91,0.37,1.84,0.0,"['1966-06-17', '1976-12-16', '1987-09-02', '1995-12-03', '2019-07-20', '2023-03-24', '2024-03-18']","[255.85, 256.11, 243.04, 255.04, 249.17, 262.39, 260.81]"
100712325474,Northland,Tinopai,1953-10-24,2024-03-18,70,8,8,-21.07,37.81,-0.3,0.13,-0.16,263.94,0.29,10.86,0.16,-0.52,272.27,0.4,3.16,0.51,"['1953-10-24', '1966-06-17', '1976-12-16', '1987-09-02', '1995-12-03', '2019-07-20', '2023-03-24', '2024-03-18']","[280.94, 256.12, 255.36, 243.13, 255.04, 249.86, 260.31, 259.87]"
100712326836,Northland,Tinopai,1953-10-24,2024-03-18,70,8,8,-23.18,37.1,-0.33,0.13,-0.16,262.59,0.28,10.44,0.17,-0.52,270.68,0.4,3.12,0.51,"['1953-10-24', '1966-06-17', '1976-12-16', '1987-09-02', '1995-12-03', '2019-07-20', '2023-03-24', '2024-03-18']","[279.31, 256.38, 251.04, 242.22, 254.55, 250.88, 258.2, 256.14]"
100712327994,Northland,Tinopai,1953-10-24,2024-03-18,70,8,8,-23.92,36.72,-0.34,0.13,-0.16,261.93,0.28,10.49,0.17,-0.52,270.33,0.41,3.18,0.51,"['1953-10-24', '1966-06-17', '1976-12-16', '1987-09-02', '1995-12-03', '2019-07-20', '2023-03-24', '2024-03-18']","[279.48, 255.06, 248.96, 242.76, 254.08, 252.15, 256.09, 255.55]"
100712328993,Northland,Tinopai,1953-10-24,2024-03-18,70,8,8,-22.1,38.35,-0.31,0.13,-0.13,260.56,0.31,11.33,0.1,-0.52,269.64,0.44,3.46,0.46,"['1953-10-24', '1966-06-17', '1976-12-16', '1987-09-02', '1995-12-03', '2019-07-20', '2023-03-24', '2024-03-18']","[279.65, 253.19, 247.65, 241.3, 254.12, 253.96, 254.98, 257.55]"
100712330123,Northland,Tinopai,1953-10-24,2024-03-18,70,8,8,-18.53,38.37,-0.26,0.13,-0.09,259.24,0.33,12.16,0.04,-0.5,269.16,0.47,3.67,0.42,"['1953-10-24', '1966-06-17', '1976-12-16', '1987-09-02', '1995-12-03', '2019-07-20', '2023-03-24', '2024-03-18']","[280.01, 251.43, 246.63, 241.64, 253.91, 255.89, 255.63, 261.48]"
100712331120,Northland,Tinopai,1953-10-24,2024-03-18,70,8,8,-22.54,39.55,-0.32,0.13,-0.1,259.35,0.33,12.3,0.06,-0.53,269.52,0.47,3.69,0.45,"['1953-10-24', '1966-06-17', '1976-12-16', '1987-09-02', '1995-12-03', '2019-07-20', '2023-03-24', '2024-03-18']","[280.38, 252.36, 245.61, 240.83, 251.92, 256.62, 256.65, 257.84]"
100712332116,Northland,Tinopai,1953-10-24,2024-03-18,70,8,8,-22.97,42.41,-0.33,0.13,-0.1,259.0,0.37,13.63,0.04,-0.6,270.48,0.5,3.91,0.47,"['1953-10-24', '1966-06-17', '1976-12-16', '1987-09-02', '1995-12-03', '2019-07-20', '2023-03-24', '2024-03-18']","[281.83, 253.3, 244.87, 239.42, 247.15, 256.51, 259.11, 258.86]"
100712333162,Northland,Tinopai,1953-10-24,2024-03-18,70,8,8,-21.16,45.07,-0.3,0.13,-0.06,258.3,0.41,15.02,0.01,-0.61,270.95,0.55,4.28,0.44,"['1953-10-24', '1966-06-17', '1976-12-16', '1987-09-02', '1995-12-03', '2019-07-20', '2023-03-24', '2024-03-18']","[283.31, 252.86, 244.36, 238.24, 246.59, 260.1, 260.59, 262.15]"
100712334158,Northland,Tinopai,1953-10-24,2024-03-18,70,8,8,-19.18,47.18,-0.27,0.13,-0.0,256.92,0.45,16.74,0.0,-0.62,271.19,0.6,4.69,0.4,"['1953-10-24', '1966-06-17', '1976-12-16', '1987-09-02', '1995-12-03', '2019-07-20', '2023-03-24', '2024-03-18']","[284.83, 251.3, 243.75, 237.65, 244.59, 262.13, 265.29, 265.65]"
100712335153,Northland,Tinopai,1953-10-24,2024-03-18,70,8,8,-23.63,50.15,-0.34,0.13,-0.04,257.41,0.46,17.06,0.0,-0.66,271.92,0.62,4.9,0.41,"['1953-10-24', '1966-06-17', '1976-12-16', '1987-09-02', '1995-12-03', '2019-07-20', '2023-03-24', '2024-03-18']","[286.37, 249.81, 242.63, 236.22, 246.07, 258.45, 264.53, 262.74]"
100712336149,Northland,Tinopai,1953-10-24,2024-03-18,70,8,8,-26.51,52.12,-0.38,0.13,-0.06,257.84,0.48,17.57,0.01,-0.7,272.89,0.65,5.12,0.42,"['1953-10-24', '1966-06-17', '1976-12-16', '1987-09-02', '1995-12-03', '2019-07-20', '2023-03-24', '2024-03-18']","[288.25, 248.37, 241.51, 236.13, 246.42, 257.88, 262.6, 261.74]"
100712337145,Northland,Tinopai,1953-10-24,2024-03-18,70,8,8,-30.26,55.66,-0.43,0.13,-0.09,257.83,0.5,18.53,0.02,-0.75,273.74,0.69,5.44,0.43,"['1953-10-24', '1966-06-17', '1976-12-16', '1987-09-02', '1995-12-03', '2019-07-20', '2023-03-24', '2024-03-18']","[290.15, 246.91, 239.95, 234.5, 245.35, 258.94, 259.58, 259.89]"
100712338140,Northland,Tinopai,1953-10-24,2024-03-18,70,8,8,-34.21,58.99,-0.49,0.13,-0.13,258.2,0.53,19.41,0.04,-0.83,274.93,0.72,5.66,0.46,"['1953-10-24', '1966-06-17', '1976-12-16', '1987-09-02', '1995-12-03', '2019-07-20', '2023-03-24', '2024-03-18']","[292.07, 246.43, 238.28, 233.07, 242.51, 257.14, 256.73, 257.85]"
100712339086,Northland,Tinopai,1953-10-24,2024-03-18,70,8,8,-41.01,63.05,-0.58,0.13,-0.18,259.46,0.55,20.42,0.06,-0.91,277.01,0.77,6.01,0.47,"['1953-10-24', '1966-06-17', '1976-12-16', '1987-09-02', '1995-12-03', '2019-07-20', '2023-03-24', '2024-03-18']","[295.31, 246.14, 236.24, 232.26, 242.43, 255.74, 255.66, 254.3]"
100712340083,Northland,Tinopai,1953-10-24,2024-03-18,70,8,8,-43.3,67.77,-0.62,0.13,-0.19,259.35,0.61,22.56,0.06,-1.01,278.96,0.83,6.48,0.49,"['1953-10-24', '1966-06-17', '1976-12-16', '1987-09-02', '1995-12-03', '2019-07-20', '2023-03-24', '2024-03-18']","[298.65, 245.97, 234.17, 230.88, 236.83, 255.63, 255.99, 255.35]"
100712341016,Northland,Tinopai,1953-10-24,2024-03-18,70,8,8,-47.66,71.68,-0.68,0.13,-0.23,259.7,0.63,23.3,0.08,-1.08,279.85,0.86,6.71,0.5,"['1953-10-24', '1966-06-17', '1976-12-16', '1987-09-02', '1995-12-03', '2019-07-20', '2023-03-24', '2024-03-18']","[300.16, 245.62, 233.19, 228.48, 235.73, 254.69, 254.17, 252.5]"
100712341942,Northland,Tinopai,1953-10-24,2024-03-18,70,8,8,-51.24,73.91,-0.73,0.13,-0.27,260.2,0.64,23.62,0.1,-1.12,280.61,0.87,6.82,0.51,"['1953-10-24', '1966-06-17', '1976-12-16', '1987-09-02', '1995-12-03', '2019-07-20', '2023-03-24', '2024-03-18']","[301.33, 245.12, 232.21, 227.42, 234.93, 253.34, 251.33, 250.08]"
100712342831,Northland,Tinopai,1953-10-24,2024-03-18,70,8,8,-53.84,74.81,-0.76,0.13,-0.31,260.32,0.64,23.5,0.13,-1.16,280.68,0.87,6.85,0.52,"['1953-10-24', '1966-06-17', '1976-12-16', '1987-09-02', '1995-12-03', '2019-07-20', '2023-03-24', '2024-03-18']","[301.61, 243.84, 231.13, 226.8, 234.46, 249.47, 248.54, 247.77]"
100712343658,Northland,Tinopai,1953-10-24,2024-03-18,70,8,8,-57.94,75.3,-0.82,0.13,-0.38,260.75,0.62,22.86,0.19,-1.19,280.52,0.86,6.75,0.55,"['1953-10-24', '1966-06-17', '1976-12-16', '1987-09-02', '1995-12-03', '2019-07-20', '2023-03-24', '2024-03-18']","[301.3, 242.52, 230.04, 226.01, 234.26, 244.61, 243.12, 243.37]"
100712344374,Northland,Tinopai,1953-10-24,2024-03-18,70,8,8,-64.4,75.99,-0.91,0.13,-0.47,261.72,0.6,22.06,0.28,-1.23,280.65,0.85,6.63,0.57,"['1953-10-24', '1966-06-17', '1976-12-16', '1987-09-02', '1995-12-03', '2019-07-20', '2023-03-24', '2024-03-18']","[301.19, 241.21, 228.96, 225.21, 234.67, 238.44, 237.4, 236.8]"
100712345058,Northland,Tinopai,1953-10-24,2024-03-18,70,8,8,-66.48,77.11,-0.94,0.13,-0.54,262.5,0.59,21.58,0.35,-1.27,280.96,0.84,6.56,0.59,"['1953-10-24', '1966-06-17', '1976-12-16', '1987-09-02', '1995-12-03', '2019-07-20', '2023-03-24', '2024-03-18']","[301.4, 239.28, 229.99, 224.29, 234.57, 232.13, 232.17, 234.92]"
100712345524,Northland,Tinopai,1953-10-24,2024-03-18,70,8,8,-70.96,79.17,-1.01,0.13,-0.62,264.04,0.59,21.85,0.41,-1.32,282.38,0.86,6.74,0.6,"['1953-10-24', '1966-06-17', '1976-12-16', '1987-09-02', '1995-12-03', '2019-07-20', '2023-03-24', '2024-03-18']","[303.45, 236.69, 230.12, 224.28, 236.07, 224.76, 227.58, 232.5]"
100712345941,Northland,Tinopai,1953-10-24,2024-03-18,70,8,8,-75.45,81.58,-1.07,0.13,-0.66,268.27,0.65,24.11,0.39,-1.18,283.14,1.0,7.87,0.46,"['1953-10-24', '1966-06-17', '1976-12-16', '1987-09-02', '1995-12-03', '2019-07-20', '2023-03-24', '2024-03-18']","[305.06, 236.31, 230.06, 224.53, 263.39, 223.48, 224.62, 229.61]"
100712385874,Northland,Tinopai,1987-09-02,2024-03-18,37,3,3,5.65,5.65,0.15,0.09,0.16,227.7,0.07,0.31,0.99,0.16,227.74,0.05,0.1,1.0,"['1987-09-02', '1995-12-03', '2024-03-18']","[227.88, 228.76, 233.52]"
100712386763,Northland,Tinopai,1976-12-16,2024-03-18,47,4,4,-7.44,9.98,-0.16,0.08,-0.1,232.59,0.39,4.69,0.21,-0.05,231.56,0.29,1.58,0.13,"['1976-12-16', '1987-09-02', '1995-12-03', '2024-03-18']","[236.92, 226.94, 229.4, 229.48]"
100712387669,Northland,Tinopai,1976-12-16,2024-03-18,47,4,4,-7.72,11.8,-0.16,0.08,-0.09,230.6,0.48,5.74,0.14,-0.05,229.3,0.36,1.97,0.09,"['1976-12-16', '1987-09-02', '1995-12-03', '2024-03-18']","[234.69, 222.89, 230.69, 226.97]"
100712388585,Northland,Tinopai,1966-06-17,2024-03-18,58,5,5,8.14,17.37,0.14,0.07,0.06,226.31,0.45,8.36,0.03,0.03,226.44,0.31,2.57,0.01,"['1966-06-17', '1976-12-16', '1987-09-02', '1995-12-03', '2024-03-18']","[219.43, 236.81, 221.77, 233.21, 227.57]"
100712389495,Northland,Tinopai,1966-06-17,2024-03-18,58,6,6,6.99,14.81,0.12,0.07,0.02,230.26,0.24,5.86,0.01,0.0,230.42,0.18,1.75,0.0,"['1966-06-17', '1976-12-16', '1987-09-02', '1995-12-03', '2019-07-20', '2024-03-18']","[223.62, 238.44, 227.85, 234.85, 229.05, 230.61]"
100712390383,Northland,Tinopai,1966-06-17,2024-03-18,58,6,6,4.21,16.32,0.07,0.07,0.02,230.42,0.27,6.43,0.01,0.03,229.54,0.22,2.11,0.02,"['1966-06-17', '1976-12-16', '1987-09-02', '1995-12-03', '2019-07-20', '2024-03-18']","[227.19, 238.7, 222.37, 235.28, 231.45, 231.39]"
100712394187,Northland,Tinopai,1953-10-24,2024-03-18,70,8,8,1.34,16.91,0.02,0.04,-0.01,173.65,0.15,5.47,0.01,-0.0,172.94,0.1,1.68,0.0,"['1953-10-24', '1966-06-17', '1976-12-16', '1987-09-02', '1995-12-03', '2019-07-20', '2023-03-24', '2024-03-18']","[170.82, 182.05, 165.13, 177.78, 170.16, 173.69, 172.93, 172.16]"
100712395135,Northland,Tinopai,1953-10-24,2024-03-18,70,8,8,-0.78,17.81,-0.01,0.04,-0.0,176.36,0.17,6.14,0.0,-0.0,176.98,0.12,1.92,0.0,"['1953-10-24', '1966-06-17', '1976-12-16', '1987-09-02', '1995-12-03', '2019-07-20', '2023-03-24', '2024-03-18']","[177.95, 181.66, 165.06, 182.87, 171.51, 177.54, 176.48, 177.16]"
100712396098,Northland,Tinopai,1953-10-24,2024-03-18,70,8,8,6.09,14.13,0.09,0.04,0.05,175.22,0.15,5.44,0.07,0.06,174.88,0.1,1.68,0.2,"['1953-10-24', '1966-06-17', '1976-12-16', '1987-09-02', '1995-12-03', '2019-07-20', '2023-03-24', '2024-03-18']","[173.72, 182.99, 168.86, 182.73, 171.66, 179.5, 178.99, 179.81]"
100712397071,Northland,Tinopai,1953-10-24,2024-03-18,70,8,8,5.74,15.85,0.08,0.04,0.04,176.0,0.16,5.93,0.03,0.05,175.61,0.11,1.86,0.12,"['1953-10-24', '1966-06-17', '1976-12-16', '1987-09-02', '1995-12-03', '2019-07-20', '2023-03-24', '2024-03-18']","[174.38, 183.87, 168.2, 184.04, 172.16, 177.68, 179.08, 180.11]"
100712398046,Northland,Tinopai,1953-10-24,2024-03-18,70,8,8,-1.64,12.75,-0.02,0.04,-0.02,179.8,0.14,5.0,0.02,-0.02,180.32,0.1,1.58,0.02,"['1953-10-24', '1966-06-17', '1976-12-16', '1987-09-02', '1995-12-03', '2019-07-20', '2023-03-24', '2024-03-18']","[181.83, 183.55, 171.09, 183.84, 172.96, 178.72, 179.11, 180.19]"
100712399016,Northland,Tinopai,1953-10-24,2024-03-18,70,8,8,0.57,12.82,0.01,0.04,-0.02,180.33,0.13,4.78,0.02,-0.01,180.13,0.09,1.49,0.0,"['1953-10-24', '1966-06-17', '1976-12-16', '1987-09-02', '1995-12-03', '2019-07-20', '2023-03-24', '2024-03-18']","[179.87, 185.47, 174.02, 184.51, 172.66, 178.4, 179.91, 180.44]"
100712399981,Northland,Tinopai,1953-10-24,2024-03-18,70,8,8,-4.01,12.08,-0.06,0.04,-0.06,180.1,0.13,4.67,0.12,-0.05,180.48,0.09,1.5,0.16,"['1953-10-24', '1966-06-17', '1976-12-16', '1987-09-02', '1995-12-03', '2019-07-20', '2023-03-24', '2024-03-18']","[181.38, 182.82, 171.59, 183.67, 172.18, 175.42, 177.69, 177.37]"
100712400949,Northland,Tinopai,1953-10-24,2024-03-18,70,8,8,-6.16,15.64,-0.09,0.04,-0.1,180.4,0.14,5.24,0.22,-0.09,180.56,0.1,1.62,0.34,"['1953-10-24', '1966-06-17', '1976-12-16', '1987-09-02', '1995-12-03', '2019-07-20', '2023-03-24', '2024-03-18']","[180.77, 184.73, 169.09, 182.72, 172.07, 174.2, 174.58, 174.6]"
100712401938,Northland,Tinopai,1953-10-24,2024-03-18,70,8,8,-5.82,16.56,-0.08,0.04,-0.03,179.72,0.16,5.92,0.03,-0.03,180.14,0.12,1.99,0.03,"['1953-10-24', '1966-06-17', '1976-12-16', '1987-09-02', '1995-12-03', '2019-07-20', '2023-03-24', '2024-03-18']","[181.58, 185.52, 168.95, 182.25, 172.36, 179.18, 181.16, 175.76]"
100712402968,Northland,Tinopai,1953-10-24,2024-03-18,70,9,9,-3.84,132.11,-0.05,0.04,0.47,172.5,1.05,41.99,0.09,0.52,177.34,1.47,25.52,0.06,"['1953-10-24', '1966-06-17', '1976-12-16', '1987-09-02', '1995-12-03', '2019-07-20', '2019-07-20', '2023-03-24', '2024-03-18']","[183.26, 185.65, 169.68, 181.82, 171.01, 301.79, 183.07, 178.43, 179.42]"
100712404032,Northland,Tinopai,1953-10-24,2024-03-18,70,11,11,162.59,198.54,2.31,0.04,1.56,150.58,1.59,72.26,0.26,1.67,155.84,2.2,41.94,0.18,"['1953-10-24', '1966-06-17', '1976-12-16', '1987-09-02', '1995-12-03', '2019-07-20', '2019-07-20', '2023-03-24', '2023-03-24', '2024-03-18', '2024-03-18']","[179.66, 185.02, 169.86, 180.8, 167.54, 336.16, 181.4, 179.26, 366.09, 181.7, 342.25]"
100712405268,Northland,Tinopai,1953-10-24,2024-03-18,70,8,8,20.04,23.84,0.28,0.04,0.3,157.48,0.14,5.26,0.74,0.31,157.94,0.1,1.66,0.85,"['1953-10-24', '1966-06-17', '1976-12-16', '1987-09-02', '1995-12-03', '2019-07-20', '2023-03-24', '2024-03-18']","[160.32, 166.63, 158.28, 167.73, 162.11, 182.13, 178.81, 180.36]"
100712406331,Northland,Tinopai,1953-10-24,2024-03-18,70,8,8,20.74,23.67,0.29,0.04,0.32,154.62,0.12,4.59,0.81,0.32,155.18,0.09,1.46,0.89,"['1953-10-24', '1966-06-17', '1976-12-16', '1987-09-02', '1995-12-03', '2019-07-20', '2023-03-24', '2024-03-18']","[157.61, 162.92, 156.18, 165.53, 161.33, 179.85, 177.49, 178.34]"
100712408156,Northland,Tinopai,1953-10-24,2024-03-18,70,8,8,23.06,23.41,0.33,0.04,0.35,152.93,0.11,4.01,0.86,0.35,153.57,0.08,1.35,0.92,"['1953-10-24', '1966-06-17', '1976-12-16', '1987-09-02', '1995-12-03', '2019-07-20', '2023-03-24', '2024-03-18']","[156.08, 160.32, 155.96, 164.44, 161.55, 179.38, 176.42, 179.13]"
100712409267,Northland,Tinopai,1953-10-24,2024-03-18,70,8,8,23.09,25.06,0.33,0.04,0.37,152.19,0.09,3.27,0.92,0.36,152.96,0.07,1.16,0.94,"['1953-10-24', '1966-06-17', '1976-12-16', '1987-09-02', '1995-12-03', '2019-07-20', '2023-03-24', '2024-03-18']","[155.52, 158.64, 155.22, 162.89, 166.94, 180.27, 176.95, 178.61]"
100712410263,Northland,Tinopai,1976-12-16,2024-03-18,47,5,5,25.6,25.6,0.54,0.08,0.55,155.88,0.05,0.9,1.0,0.55,156.01,0.06,0.41,0.99,"['1976-12-16', '1987-09-02', '2019-07-20', '2023-03-24', '2024-03-18']","[155.72, 161.87, 180.79, 181.16, 181.33]"
100712413109,Northland,Tinopai,1953-10-24,2024-03-18,70,12,12,-147.96,164.16,-2.1,0.05,-1.23,191.61,1.49,69.04,0.18,-1.08,183.29,1.12,23.32,0.23,"['1953-10-24', '1953-10-24', '1966-06-17', '1966-06-17', '1976-12-16', '1976-12-16', '1987-09-02', '1987-09-02', '1995-12-03', '2019-07-20', '2023-03-24', '2024-03-18']","[254.58, 108.09, 104.75, 252.5, 95.83, 244.64, 101.84, 249.18, 90.42, 112.71, 101.95, 106.62]"
100712424215,Northland,Tinopai,1953-10-24,2024-03-18,70,12,12,-149.05,162.55,-2.12,0.05,-1.26,190.48,1.5,69.77,0.19,-1.09,181.33,1.14,23.74,0.23,"['1953-10-24', '1953-10-24', '1966-06-17', '1966-06-17', '1976-12-16', '1976-12-16', '1987-09-02', '1987-09-02', '1995-12-03', '2019-07-20', '2023-03-24', '2024-03-18']","[252.6, 101.54, 109.08, 251.21, 90.05, 243.4, 102.52, 250.83, 90.07, 103.1, 101.01, 103.56]"
100712425213,Northland,Tinopai,1953-10-24,2024-03-18,70,12,12,-157.25,170.96,-2.23,0.05,-1.32,188.57,1.56,72.47,0.19,-1.17,179.99,1.18,24.62,0.24,"['1953-10-24', '1953-10-24', '1966-06-17', '1966-06-17', '1976-12-16', '1976-12-16', '1987-09-02', '1987-09-02', '1995-12-03', '2019-07-20', '2023-03-24', '2024-03-18']","[250.78, 99.34, 101.6, 250.05, 82.38, 244.48, 97.66, 253.34, 85.02, 99.07, 95.02, 93.53]"
100712426078,Northland,Tinopai,1953-10-24,2024-03-18,70,13,13,-167.98,180.45,-2.39,0.05,-1.32,190.65,1.62,76.39,0.16,-1.29,182.76,1.23,25.86,0.25,"['1953-10-24', '1953-10-24', '1966-06-17', '1966-06-17', '1976-12-16', '1976-12-16', '1987-09-02', '1987-09-02', '1995-12-03', '1995-12-03', '2019-07-20', '2023-03-24', '2024-03-18']","[251.3, 92.38, 95.6, 248.33, 76.26, 245.15, 91.87, 256.72, 84.35, 214.89, 82.83, 87.27, 83.31]"
100712426913,Northland,Tinopai,1953-10-24,2024-03-18,70,13,13,-172.74,180.24,-2.45,0.05,-1.36,186.99,1.68,79.39,0.16,-1.32,178.34,1.28,26.85,0.24,"['1953-10-24', '1953-10-24', '1966-06-17', '1966-06-17', '1976-12-16', '1976-12-16', '1987-09-02', '1987-09-02', '1995-12-03', '1995-12-03', '2019-07-20', '2023-03-24', '2024-03-18']","[251.1, 82.52, 86.74, 248.57, 73.02, 244.49, 86.33, 253.26, 73.46, 212.98, 76.59, 78.94, 78.35]"
100712427666,Northland,Tinopai,1953-10-24,2024-03-18,70,13,13,-181.34,190.61,-2.58,0.05,-1.38,185.26,1.74,81.94,0.16,-1.32,175.95,1.32,27.71,0.23,"['1953-10-24', '1953-10-24', '1966-06-17', '1966-06-17', '1976-12-16', '1976-12-16', '1987-09-02', '1987-09-02', '1995-12-03', '1995-12-03', '2019-07-20', '2023-03-24', '2024-03-18']","[258.39, 75.9, 81.39, 248.38, 69.29, 241.65, 81.23, 251.41, 67.78, 213.52, 74.26, 76.07, 77.05]"
100712430878,Northland,Tinopai,1953-10-24,2024-03-18,70,6,6,-112.46,112.46,-1.6,0.05,-1.8,350.91,0.3,9.95,0.98,-1.79,349.05,0.26,3.45,0.98,"['1953-10-24', '1966-06-17', '1976-12-16', '2019-07-20', '2023-03-24', '2024-03-18']","[337.88, 334.62, 321.48, 226.81, 225.7, 225.42]"
100712431435,Northland,Tinopai,1953-10-24,2024-03-18,70,8,8,-96.2,96.2,-1.37,0.05,-1.52,332.37,0.45,16.72,0.88,-1.55,334.77,0.39,5.89,0.91,"['1953-10-24', '1966-06-17', '1976-12-16', '1987-09-02', '1995-12-03', '2019-07-20', '2023-03-24', '2024-03-18']","[323.07, 315.7, 297.79, 312.75, 244.85, 228.71, 227.1, 226.87]"
100712431741,Northland,Tinopai,1953-10-24,2024-03-18,70,7,7,-63.61,75.5,-0.9,0.05,-0.98,298.4,0.5,17.72,0.76,-1.08,302.41,0.46,6.63,0.82,"['1953-10-24', '1966-06-17', '1976-12-16', '1987-09-02', '2019-07-20', '2023-03-24', '2024-03-18']","[290.16, 283.62, 263.74, 301.07, 227.93, 225.57, 226.56]"
100712432580,Northland,Tinopai,1953-10-24,2024-03-18,70,7,7,-53.4,55.34,-0.76,0.05,-0.76,278.78,0.22,7.89,0.9,-0.8,280.8,0.2,2.9,0.93,"['1953-10-24', '1966-06-17', '1976-12-16', '1987-09-02', '2019-07-20', '2023-03-24', '2024-03-18']","[279.07, 265.63, 253.67, 268.28, 226.63, 223.73, 225.67]"
100712433082,Northland,Tinopai,1953-10-24,2024-03-18,70,7,7,-46.09,49.79,-0.65,0.05,-0.65,269.2,0.13,4.54,0.95,-0.67,270.35,0.12,1.72,0.96,"['1953-10-24', '1966-06-17', '1976-12-16', '1987-09-02', '2019-07-20', '2023-03-24', '2024-03-18']","[271.68, 257.41, 249.52, 254.47, 225.76, 221.88, 225.58]"
100712433747,Northland,Tinopai,1953-10-24,2024-03-18,70,7,7,-35.37,38.96,-0.5,0.05,-0.51,258.64,0.08,2.96,0.97,-0.53,259.38,0.09,1.24,0.97,"['1953-10-24', '1966-06-17', '1976-12-16', '1987-09-02', '2019-07-20', '2023-03-24', '2024-03-18']","[259.75, 249.32, 245.06, 246.01, 224.1, 220.79, 224.39]"
100712434489,Northland,Tinopai,1953-10-24,2024-03-18,70,7,7,-26.79,29.58,-0.38,0.05,-0.41,251.5,0.08,2.87,0.95,-0.42,252.0,0.09,1.31,0.95,"['1953-10-24', '1966-06-17', '1976-12-16', '1987-09-02', '2019-07-20', '2023-03-24', '2024-03-18']","[250.97, 243.96, 242.3, 242.34, 221.39, 222.3, 224.18]"
100712435264,Northland,Tinopai,1953-10-24,2024-03-18,70,7,7,-17.98,23.53,-0.26,0.05,-0.31,245.66,0.1,3.53,0.88,-0.32,246.03,0.12,1.76,0.85,"['1953-10-24', '1966-06-17', '1976-12-16', '1987-09-02', '2019-07-20', '2023-03-24', '2024-03-18']","[244.23, 239.75, 239.74, 240.46, 220.7, 224.45, 226.24]"
100712436082,Northland,Tinopai,1953-10-24,2024-03-18,70,6,6,-8.07,16.44,-0.11,0.05,-0.15,235.8,0.2,5.69,0.41,-0.16,236.42,0.18,2.08,0.46,"['1953-10-24', '1987-09-02', '1995-12-03', '2019-07-20', '2023-03-24', '2024-03-18']","[235.94, 237.17, 220.72, 223.79, 225.85, 227.87]"
100712436942,Northland,Tinopai,1953-10-24,1995-12-03,42,3,3,-8.91,8.91,-0.21,0.11,-0.17,233.61,0.75,3.73,0.67,-0.15,233.63,0.77,1.27,0.61,"['1953-10-24', '1987-09-02', '1995-12-03']","[233.05, 230.73, 224.14]"
100712437824,Northland,Tinopai,1953-10-24,2024-03-18,70,6,6,-2.76,6.86,-0.04,0.05,-0.03,230.78,0.08,2.43,0.09,-0.01,230.25,0.08,0.92,0.01,"['1953-10-24', '1987-09-02', '1995-12-03', '2019-07-20', '2023-03-24', '2024-03-18']","[233.17, 226.31, 228.29, 229.89, 229.49, 230.42]"
100712438706,Northland,Tinopai,1953-10-24,2024-03-18,70,6,6,-2.82,6.65,-0.04,0.05,-0.03,229.65,0.08,2.33,0.11,-0.01,229.14,0.07,0.88,0.02,"['1953-10-24', '1987-09-02', '1995-12-03', '2019-07-20', '2023-03-24', '2024-03-18']","[231.94, 225.29, 227.12, 228.65, 228.22, 229.12]"
100712439571,Northland,Tinopai,1953-10-24,2024-03-18,70,7,7,-2.76,6.8,-0.04,0.05,-0.03,231.09,0.08,2.44,0.13,-0.02,230.55,0.07,0.92,0.04,"['1953-10-24', '1976-12-16', '1987-09-02', '1995-12-03', '2019-07-20', '2023-03-24', '2024-03-18']","[232.22, 232.77, 225.96, 227.86, 230.53, 229.06, 229.46]"
100712440548,Northland,Tinopai,1953-10-24,2024-03-18,70,7,7,-4.95,8.33,-0.07,0.05,-0.04,233.35,0.08,2.57,0.2,-0.03,232.78,0.07,1.0,0.1,"['1953-10-24', '1976-12-16', '1987-09-02', '1995-12-03', '2019-07-20', '2023-03-24', '2024-03-18']","[235.37, 233.51, 227.04, 230.46, 232.0, 231.25, 230.42]"
100712441440,Northland,Tinopai,1953-10-24,2024-03-18,70,8,8,-4.24,10.61,-0.06,0.05,-0.03,235.37,0.09,3.42,0.07,-0.02,234.92,0.08,1.19,0.03,"['1953-10-24', '1966-06-17', '1976-12-16', '1987-09-02', '1995-12-03', '2019-07-20', '2023-03-24', '2024-03-18']","[237.79, 232.28, 239.3, 228.69, 232.79, 234.4, 234.22, 233.55]"
100712442366,Northland,Tinopai,1953-10-24,2024-03-18,70,8,8,-4.82,9.89,-0.07,0.05,-0.04,237.63,0.08,3.07,0.13,-0.02,237.05,0.08,1.17,0.05,"['1953-10-24', '1966-06-17', '1976-12-16', '1987-09-02', '1995-12-03', '2019-07-20', '2023-03-24', '2024-03-18']","[239.94, 236.39, 239.33, 230.04, 234.89, 236.84, 235.49, 235.11]"
100712443280,Northland,Tinopai,1953-10-24,2024-03-18,70,8,8,-4.5,8.52,-0.06,0.05,-0.04,238.68,0.07,2.44,0.19,-0.02,238.17,0.06,0.92,0.08,"['1953-10-24', '1966-06-17', '1976-12-16', '1987-09-02', '1995-12-03', '2019-07-20', '2023-03-24', '2024-03-18']","[241.28, 238.4, 238.1, 232.76, 234.95, 237.62, 236.62, 236.78]"
100712444272,Northland,Tinopai,1953-10-24,2024-03-18,70,8,8,-5.55,9.61,-0.08,0.05,-0.03,237.83,0.08,3.01,0.1,-0.01,237.39,0.07,1.09,0.02,"['1953-10-24', '1966-06-17', '1976-12-16', '1987-09-02', '1995-12-03', '2019-07-20', '2023-03-24', '2024-03-18']","[241.96, 236.74, 236.86, 232.35, 233.02, 237.09, 237.36, 236.41]"
100712445246,Northland,Tinopai,1953-10-24,1995-12-03,42,5,5,-11.54,11.54,-0.27,0.11,-0.26,242.56,0.04,0.53,0.99,-0.26,242.6,0.04,0.18,0.99,"['1953-10-24', '1966-06-17', '1976-12-16', '1987-09-02', '1995-12-03']","[242.78, 238.88, 236.29, 234.42, 231.25]"
100712446260,Northland,Tinopai,1953-10-24,2024-03-18,70,8,8,-5.87,8.77,-0.08,0.05,-0.05,240.39,0.07,2.57,0.21,-0.03,240.19,0.06,0.93,0.13,"['1953-10-24', '1966-06-17', '1976-12-16', '1987-09-02', '1995-12-03', '2019-07-20', '2023-03-24', '2024-03-18']","[243.89, 239.9, 237.92, 236.07, 235.12, 239.64, 238.12, 238.02]"
100712447311,Northland,Tinopai,1953-10-24,2024-03-18,70,8,8,-6.05,9.34,-0.09,0.05,-0.04,241.49,0.08,2.86,0.12,-0.02,241.3,0.07,1.03,0.05,"['1953-10-24', '1966-06-17', '1976-12-16', '1987-09-02', '1995-12-03', '2019-07-20', '2023-03-24', '2024-03-18']","[245.34, 241.29, 238.67, 237.65, 236.0, 241.35, 240.62, 239.29]"
100712448502,Northland,Tinopai,1953-10-24,2024-03-18,70,8,8,-5.87,12.79,-0.08,0.05,-0.04,242.02,0.1,3.85,0.08,-0.01,241.63,0.08,1.31,0.01,"['1953-10-24', '1966-06-17', '1976-12-16', '1987-09-02', '1995-12-03', '2019-07-20', '2023-03-24', '2024-03-18']","[246.7, 241.93, 239.83, 237.34, 233.91, 241.65, 241.46, 240.83]"
100712449621,Northland,Tinopai,1953-10-24,2024-03-18,70,8,8,-6.26,16.25,-0.09,0.05,-0.04,241.91,0.13,4.95,0.05,-0.01,241.51,0.11,1.65,0.0,"['1953-10-24', '1966-06-17', '1976-12-16', '1987-09-02', '1995-12-03', '2019-07-20', '2023-03-24', '2024-03-18']","[247.55, 242.32, 238.79, 237.46, 231.29, 242.58, 241.21, 241.29]"
100712450767,Northland,Tinopai,1953-10-24,2024-03-18,70,8,8,-5.44,16.72,-0.08,0.05,-0.03,241.13,0.14,5.28,0.03,0.0,240.75,0.11,1.74,0.0,"['1953-10-24', '1966-06-17', '1976-12-16', '1987-09-02', '1995-12-03', '2019-07-20', '2023-03-24', '2024-03-18']","[246.81, 242.32, 237.3, 237.8, 230.09, 242.57, 241.21, 241.37]"
100712451981,Northland,Tinopai,1953-10-24,2024-03-18,70,8,8,-4.86,14.8,-0.07,0.05,-0.02,239.76,0.13,4.83,0.02,0.01,239.38,0.1,1.57,0.0,"['1953-10-24', '1966-06-17', '1976-12-16', '1987-09-02', '1995-12-03', '2019-07-20', '2023-03-24', '2024-03-18']","[244.54, 241.56, 235.69, 237.46, 229.74, 240.69, 240.94, 239.69]"
100712453052,Northland,Tinopai,1953-10-24,2024-03-18,70,8,8,-5.49,13.61,-0.08,0.05,-0.03,238.88,0.11,4.18,0.04,-0.01,238.65,0.09,1.4,0.0,"['1953-10-24', '1966-06-17', '1976-12-16', '1987-09-02', '1995-12-03', '2019-07-20', '2023-03-24', '2024-03-18']","[243.35, 239.45, 235.32, 237.19, 229.74, 238.36, 239.96, 237.86]"
100712454051,Northland,Tinopai,1953-10-24,2024-03-18,70,8,8,-5.71,12.6,-0.08,0.05,-0.03,237.44,0.1,3.75,0.05,-0.01,237.36,0.08,1.25,0.01,"['1953-10-24', '1966-06-17', '1976-12-16', '1987-09-02', '1995-12-03', '2019-07-20', '2023-03-24', '2024-03-18']","[242.06, 237.06, 234.4, 235.41, 229.46, 238.03, 237.29, 236.35]"
100712455051,Northland,Tinopai,1953-10-24,2024-03-18,70,8,8,-4.31,10.67,-0.06,0.05,-0.01,236.11,0.09,3.37,0.01,0.01,236.05,0.07,1.12,0.01,"['1953-10-24', '1966-06-17', '1976-12-16', '1987-09-02', '1995-12-03', '2019-07-20', '2023-03-24', '2024-03-18']","[240.72, 235.55, 233.5, 234.64, 230.04, 237.39, 237.23, 236.41]"
100712455999,Northland,Tinopai,1953-10-24,2024-03-18,70,7,7,-3.11,10.13,-0.04,0.05,-0.02,236.15,0.11,3.53,0.03,0.01,235.81,0.09,1.19,0.0,"['1953-10-24', '1966-06-17', '1976-12-16', '1987-09-02', '1995-12-03', '2019-07-20', '2024-03-18']","[239.38, 236.73, 233.64, 234.53, 229.25, 237.54, 236.28]"
100712456999,Northland,Tinopai,1953-10-24,2019-07-20,66,6,6,-0.78,9.89,-0.01,0.05,-0.06,236.99,0.16,3.86,0.12,0.0,236.01,0.12,1.32,0.0,"['1953-10-24', '1966-06-17', '1976-12-16', '1987-09-02', '1995-12-03', '2019-07-20']","[238.11, 238.45, 235.01, 234.68, 228.57, 237.33]"
100712457877,Northland,Tinopai,1953-10-24,2019-07-20,66,6,6,-2.85,10.37,-0.04,0.05,-0.08,237.95,0.14,3.52,0.24,-0.03,237.11,0.11,1.21,0.06,"['1953-10-24', '1966-06-17', '1976-12-16', '1987-09-02', '1995-12-03', '2019-07-20']","[239.46, 238.22, 235.66, 235.03, 229.09, 236.61]"
100712458759,Northland,Tinopai,1953-10-24,2019-07-20,66,5,5,-4.49,9.41,-0.07,0.05,-0.08,238.73,0.14,3.1,0.37,-0.05,238.49,0.11,1.05,0.25,"['1953-10-24', '1966-06-17', '1976-12-16', '1995-12-03', '2019-07-20']","[240.72, 236.87, 237.15, 231.31, 236.23]"
100712459652,Northland,Tinopai,1953-10-24,1995-12-03,42,4,4,-9.7,9.7,-0.23,0.11,-0.2,240.58,0.2,2.09,0.82,-0.21,240.83,0.18,0.6,0.85,"['1953-10-24', '1966-06-17', '1976-12-16', '1995-12-03']","[241.62, 235.61, 237.24, 231.92]"
100712460553,Northland,Tinopai,1953-10-24,1995-12-03,42,4,4,-7.72,7.72,-0.18,0.11,-0.17,240.76,0.16,1.66,0.84,-0.18,241.02,0.15,0.5,0.85,"['1953-10-24', '1966-06-17', '1976-12-16', '1995-12-03']","[242.15, 237.11, 236.01, 234.42]"
100712461380,Northland,Tinopai,1953-10-24,1995-12-03,42,4,4,-4.32,5.95,-0.1,0.11,-0.1,241.03,0.22,2.3,0.45,-0.1,241.32,0.21,0.7,0.51,"['1953-10-24', '1966-06-17', '1976-12-16', '1995-12-03']","[242.76, 238.61, 236.81, 238.44]"
100712462261,Northland,Tinopai,1953-10-24,1995-12-03,42,4,4,0.9,4.21,0.02,0.11,0.04,241.64,0.2,2.12,0.14,0.03,241.98,0.19,0.64,0.09,"['1953-10-24', '1966-06-17', '1976-12-16', '1995-12-03']","[243.42, 240.11, 241.72, 244.32]"
100712463136,Northland,Tinopai,1953-10-24,1995-12-03,42,4,4,-3.02,17.03,-0.07,0.11,0.01,249.92,0.86,9.04,0.0,0.01,250.21,0.81,2.66,0.0,"['1953-10-24', '1966-06-17', '1976-12-16', '1995-12-03']","[249.84, 243.56, 260.6, 246.82]"
100712464111,Northland,Tinopai,1953-10-24,2024-03-18,70,6,6,-7.36,15.56,-0.1,0.05,-0.12,257.8,0.16,4.89,0.4,-0.11,257.69,0.12,1.48,0.52,"['1953-10-24', '1966-06-17', '1976-12-16', '1995-12-03', '2023-03-24', '2024-03-18']","[256.85, 254.27, 262.36, 246.8, 250.67, 249.49]"
100712465086,Northland,Tinopai,1953-10-24,2024-03-18,70,7,7,-9.46,15.76,-0.13,0.05,-0.16,260.99,0.14,4.53,0.51,-0.13,260.15,0.1,1.46,0.56,"['1953-10-24', '1966-06-17', '1976-12-16', '1987-09-02', '1995-12-03', '2023-03-24', '2024-03-18']","[260.14, 259.73, 264.13, 251.85, 248.37, 252.21, 250.68]"
100712466061,Northland,Tinopai,1953-10-24,2024-03-18,70,8,8,-9.72,16.44,-0.14,0.05,-0.13,261.76,0.12,4.44,0.42,-0.12,261.4,0.1,1.42,0.49,"['1953-10-24', '1966-06-17', '1976-12-16', '1987-09-02', '1995-12-03', '2019-07-20', '2023-03-24', '2024-03-18']","[262.1, 259.25, 265.65, 254.33, 249.21, 256.15, 254.08, 252.38]"
100712467036,Northland,Tinopai,1953-10-24,2024-03-18,70,8,8,-7.72,15.01,-0.11,0.05,-0.1,261.41,0.11,4.03,0.36,-0.09,261.12,0.09,1.27,0.43,"['1953-10-24', '1966-06-17', '1976-12-16', '1987-09-02', '1995-12-03', '2019-07-20', '2023-03-24', '2024-03-18']","[261.54, 258.77, 265.73, 255.61, 250.72, 256.51, 255.51, 253.82]"
100712468011,Northland,Tinopai,1953-10-24,2024-03-18,70,8,8,-4.31,12.62,-0.06,0.05,-0.08,260.68,0.1,3.53,0.29,-0.07,260.34,0.08,1.13,0.33,"['1953-10-24', '1966-06-17', '1976-12-16', '1987-09-02', '1995-12-03', '2019-07-20', '2023-03-24', '2024-03-18']","[260.7, 258.94, 264.79, 255.54, 252.17, 257.6, 255.04, 256.39]"
100712469132,Northland,Tinopai,1953-10-24,2024-03-18,70,8,8,-3.84,13.71,-0.05,0.05,-0.1,261.71,0.11,4.01,0.33,-0.09,261.24,0.1,1.42,0.34,"['1953-10-24', '1966-06-17', '1976-12-16', '1987-09-02', '1995-12-03', '2019-07-20', '2023-03-24', '2024-03-18']","[260.74, 260.85, 265.9, 255.39, 252.19, 258.12, 253.08, 256.89]"
100712470201,Northland,Tinopai,1953-10-24,2024-03-18,70,7,7,-6.28,12.39,-0.09,0.05,-0.11,262.88,0.12,4.06,0.38,-0.1,262.41,0.11,1.46,0.39,"['1953-10-24', '1976-12-16', '1987-09-02', '1995-12-03', '2019-07-20', '2023-03-24', '2024-03-18']","[263.28, 265.32, 255.78, 252.93, 259.07, 253.62, 257.0]"
100712471185,Northland,Tinopai,1953-10-24,2024-03-18,70,7,7,-5.87,10.71,-0.08,0.05,-0.11,262.51,0.1,3.29,0.47,-0.1,262.16,0.1,1.3,0.45,"['1953-10-24', '1976-12-16', '1987-09-02', '1995-12-03', '2019-07-20', '2023-03-24', '2024-03-18']","[262.94, 263.74, 256.23, 253.91, 258.29, 253.04, 257.07]"
100712471980,Northland,Tinopai,1953-10-24,2024-03-18,70,7,7,-3.55,12.09,-0.05,0.05,-0.08,260.88,0.12,4.0,0.26,-0.07,260.64,0.11,1.49,0.25,"['1953-10-24', '1976-12-16', '1987-09-02', '1995-12-03', '2019-07-20', '2023-03-24', '2024-03-18']","[261.13, 263.31, 256.69, 251.22, 258.72, 253.11, 257.58]"
100712472636,Northland,Tinopai,1953-10-24,2024-03-18,70,7,7,-4.81,7.84,-0.07,0.05,-0.08,261.65,0.07,2.28,0.51,-0.07,261.24,0.07,0.98,0.45,"['1953-10-24', '1976-12-16', '1987-09-02', '1995-12-03', '2019-07-20', '2023-03-24', '2024-03-18']","[262.17, 261.73, 255.22, 258.46, 258.17, 254.32, 257.36]"
100712476779,Northland,Tinopai,1953-10-24,2024-03-18,70,8,8,2.87,230.75,0.04,0.05,0.01,191.75,2.54,85.77,0.0,-0.26,192.81,1.87,25.74,0.01,"['1953-10-24', '1976-12-16', '1987-09-02', '1995-12-03', '1995-12-03', '2019-07-20', '2023-03-24', '2024-03-18']","[163.98, 158.08, 167.88, 388.36, 157.61, 168.13, 166.03, 166.85]"
100712477578,Northland,Tinopai,1953-10-24,2024-03-18,70,9,9,3.0,236.92,0.04,0.05,-0.76,243.44,2.88,103.75,0.03,-0.92,237.91,2.13,31.7,0.09,"['1953-10-24', '1976-12-16', '1976-12-16', '1987-09-02', '1995-12-03', '1995-12-03', '2019-07-20', '2023-03-24', '2024-03-18']","[163.29, 392.55, 155.62, 163.81, 379.95, 156.66, 165.86, 166.48, 166.29]"
100712478462,Northland,Tinopai,1953-10-24,2024-03-18,70,10,10,3.95,237.45,0.06,0.05,-0.97,267.22,2.93,108.2,0.05,-1.36,275.23,2.3,35.93,0.13,"['1953-10-24', '1976-12-16', '1976-12-16', '1987-09-02', '1987-09-02', '1995-12-03', '1995-12-03', '2019-07-20', '2023-03-24', '2024-03-18']","[163.63, 387.52, 157.25, 394.7, 162.3, 353.34, 158.52, 165.69, 170.5, 167.57]"
100712479372,Northland,Tinopai,1953-10-24,2024-03-18,70,13,13,10.65,227.81,0.15,0.05,0.78,221.05,2.36,106.12,0.03,0.87,220.43,2.72,49.32,0.03,"['1953-10-24', '1976-12-16', '1976-12-16', '1987-09-02', '1987-09-02', '1995-12-03', '1995-12-03', '2019-07-20', '2019-07-20', '2023-03-24', '2023-03-24', '2024-03-18', '2024-03-18']","[163.15, 379.57, 157.84, 385.64, 164.86, 322.84, 159.34, 364.65, 172.14, 362.77, 175.51, 365.21, 173.8]"
100712479730,Northland,Tinopai,1953-10-24,2024-03-18,70,8,8,3.87,70.79,0.05,0.04,-0.46,272.7,0.73,27.03,0.2,-0.36,265.11,0.56,9.43,0.2,"['1953-10-24', '1966-06-17', '1976-12-16', '1987-09-02', '1995-12-03', '2019-07-20', '2023-03-24', '2024-03-18']","[238.48, 285.95, 285.54, 289.83, 219.03, 236.06, 237.99, 242.35]"
100712479905,Northland,Tinopai,1953-10-24,2024-03-18,70,7,7,-4.74,52.44,-0.07,0.04,-0.51,278.59,0.65,23.1,0.33,-0.46,270.44,0.55,8.75,0.36,"['1953-10-24', '1966-06-17', '1976-12-16', '1987-09-02', '2019-07-20', '2023-03-24', '2024-03-18']","[242.09, 287.66, 283.02, 287.28, 236.97, 235.23, 237.35]"
100712480080,Northland,Tinopai,1953-10-24,2024-03-18,70,5,5,-1.52,36.09,-0.02,0.04,-0.22,257.45,0.57,15.68,0.22,-0.16,251.62,0.42,5.2,0.22,"['1953-10-24', '1976-12-16', '2019-07-20', '2023-03-24', '2024-03-18']","[242.78, 274.57, 239.14, 238.48, 241.26]"
100712480255,Northland,Tinopai,1953-10-24,2024-03-18,70,3,3,-1.22,2.68,-0.02,0.04,-0.03,243.88,0.12,1.05,0.69,-0.03,243.86,0.16,0.65,0.55,"['1953-10-24', '2023-03-24', '2024-03-18']","[243.89, 241.21, 242.66]"
100712480292,Northland,Tinopai,1953-10-24,2024-03-18,70,13,13,17.43,217.71,0.25,0.04,0.42,247.65,2.12,99.97,0.01,0.76,228.22,2.11,44.02,0.04,"['1953-10-24', '1966-06-17', '1976-12-16', '1976-12-16', '1987-09-02', '1987-09-02', '1995-12-03', '1995-12-03', '2019-07-20', '2023-03-24', '2023-03-24', '2024-03-18', '2024-03-18']","[162.12, 372.45, 366.45, 158.11, 375.82, 165.31, 287.57, 161.33, 348.8, 343.86, 183.64, 346.88, 179.56]"
100712499477,Northland,Tinopai,1953-10-24,2024-03-18,70,8,8,8.17,65.21,0.12,0.04,-0.38,267.71,0.7,25.9,0.15,-0.28,260.2,0.54,9.07,0.14,"['1953-10-24', '1966-06-17', '1976-12-16', '1987-09-02', '1995-12-03', '2019-07-20', '2023-03-24', '2024-03-18']","[233.7, 280.75, 283.03, 286.05, 220.83, 236.64, 239.1, 241.87]"
100712500630,Northland,Tinopai,1966-06-17,2024-03-18,58,7,7,-35.74,61.1,-0.62,0.07,-0.74,277.19,0.64,18.25,0.52,-0.73,279.33,0.52,5.82,0.61,"['1966-06-17', '1976-12-16', '1987-09-02', '1995-12-03', '2019-07-20', '2023-03-24', '2024-03-18']","[275.79, 274.91, 282.88, 221.78, 237.7, 239.04, 240.05]"
100712501770,Northland,Tinopai,1966-06-17,2024-03-18,58,7,7,-31.6,55.15,-0.55,0.07,-0.59,269.3,0.59,16.9,0.45,-0.57,270.75,0.47,5.3,0.54,"['1966-06-17', '1976-12-16', '1987-09-02', '1995-12-03', '2019-07-20', '2023-03-24', '2024-03-18']","[271.94, 265.49, 274.48, 219.32, 239.16, 239.26, 240.34]"
100712502727,Northland,Tinopai,1966-06-17,2024-03-18,58,7,7,-25.7,55.11,-0.44,0.07,-0.49,263.33,0.61,17.45,0.34,-0.45,264.57,0.49,5.44,0.41,"['1966-06-17', '1976-12-16', '1987-09-02', '1995-12-03', '2019-07-20', '2023-03-24', '2024-03-18']","[266.83, 261.1, 269.96, 214.85, 239.3, 239.11, 241.13]"
100712504037,Northland,Tinopai,1966-06-17,2024-03-18,58,7,7,-19.0,43.99,-0.33,0.07,-0.39,258.61,0.46,13.27,0.36,-0.38,260.3,0.38,4.25,0.45,"['1966-06-17', '1976-12-16', '1987-09-02', '1995-12-03', '2019-07-20', '2023-03-24', '2024-03-18']","[259.43, 255.01, 267.13, 223.14, 238.77, 238.19, 240.43]"
100712505175,Northland,Tinopai,1966-06-17,2024-03-18,58,6,6,-14.54,41.37,-0.25,0.07,-0.3,253.58,0.57,14.14,0.24,-0.32,255.99,0.49,4.53,0.32,"['1966-06-17', '1987-09-02', '1995-12-03', '2019-07-20', '2023-03-24', '2024-03-18']","[254.68, 263.02, 221.65, 238.54, 237.13, 240.14]"
100712506336,Northland,Tinopai,1966-06-17,2024-03-18,58,6,6,-12.46,36.71,-0.22,0.07,-0.23,249.39,0.52,12.72,0.19,-0.24,251.53,0.44,4.01,0.26,"['1966-06-17', '1987-09-02', '1995-12-03', '2019-07-20', '2023-03-24', '2024-03-18']","[250.92, 258.08, 221.37, 238.97, 237.48, 238.46]"
100712507640,Northland,Tinopai,1966-06-17,2024-03-18,58,7,7,-13.92,31.72,-0.24,0.07,-0.23,248.95,0.36,10.44,0.25,-0.21,249.6,0.29,3.21,0.3,"['1966-06-17', '1976-12-16', '1987-09-02', '1995-12-03', '2019-07-20', '2023-03-24', '2024-03-18']","[252.08, 247.89, 252.93, 221.21, 239.43, 237.29, 238.16]"
100712508687,Northland,Tinopai,1966-06-17,2024-03-18,58,7,7,-13.6,29.69,-0.24,0.07,-0.23,247.63,0.35,9.89,0.27,-0.21,248.14,0.27,3.03,0.32,"['1966-06-17', '1976-12-16', '1987-09-02', '1995-12-03', '2019-07-20', '2023-03-24', '2024-03-18']","[250.57, 247.15, 250.61, 220.92, 238.13, 236.36, 236.97]"
100712509709,Northland,Tinopai,1966-06-17,2024-03-18,58,7,7,-13.33,29.45,-0.23,0.07,-0.24,246.2,0.33,9.45,0.29,-0.22,246.9,0.26,2.93,0.36,"['1966-06-17', '1976-12-16', '1987-09-02', '1995-12-03', '2019-07-20', '2023-03-24', '2024-03-18']","[248.72, 244.67, 250.07, 220.62, 235.82, 233.95, 235.4]"
100712510689,Northland,Tinopai,1966-06-17,2024-03-18,58,7,7,-13.15,27.64,-0.23,0.07,-0.26,244.2,0.3,8.52,0.38,-0.25,245.06,0.24,2.69,0.47,"['1966-06-17', '1976-12-16', '1987-09-02', '1995-12-03', '2019-07-20', '2023-03-24', '2024-03-18']","[245.31, 242.55, 247.95, 220.31, 231.75, 230.01, 232.16]"
100712834515,Northland,Tinopai,1953-10-24,2024-03-18,70,3,3,-9.92,9.92,-0.14,0.04,-0.13,120.48,0.11,0.95,0.98,-0.13,120.54,0.15,0.6,0.97,"['1953-10-24', '2019-07-20', '2024-03-18']","[120.43, 112.48, 110.52]"
100712834704,Northland,Tinopai,1953-10-24,2024-03-18,70,3,3,-8.17,8.17,-0.12,0.04,-0.1,113.34,0.19,1.68,0.92,-0.1,113.44,0.26,1.06,0.86,"['1953-10-24', '2019-07-20', '2024-03-18']","[113.25, 107.93, 105.09]"
100712834989,Northland,Tinopai,1953-10-24,2024-03-18,70,3,3,-8.69,8.69,-0.12,0.04,-0.11,110.75,0.15,1.32,0.96,-0.11,110.83,0.2,0.83,0.92,"['1953-10-24', '2019-07-20', '2024-03-18']","[110.69, 104.38, 102.0]"
100712835202,Northland,Tinopai,1953-10-24,2024-03-18,70,3,3,-8.59,8.59,-0.12,0.04,-0.1,105.48,0.28,2.51,0.83,-0.1,105.63,0.39,1.59,0.73,"['1953-10-24', '2019-07-20', '2024-03-18']","[105.36, 100.77, 96.77]"
100712835416,Northland,Tinopai,1953-10-24,2024-03-18,70,3,3,-8.35,8.35,-0.12,0.04,-0.09,100.17,0.33,2.93,0.75,-0.09,100.35,0.45,1.85,0.64,"['1953-10-24', '2019-07-20', '2024-03-18']","[100.03, 96.25, 91.68]"
100712835880,Northland,Tinopai,1953-10-24,2024-03-18,70,4,4,-7.96,7.96,-0.11,0.04,-0.09,95.64,0.08,1.8,0.83,-0.09,95.8,0.12,1.14,0.72,"['1953-10-24', '1966-06-17', '2019-07-20', '2024-03-18']","[95.62, 94.4, 91.66, 87.66]"
100712836130,Northland,Tinopai,1953-10-24,2024-03-18,70,4,4,-6.23,7.1,-0.09,0.04,-0.1,93.86,0.05,1.09,0.94,-0.09,93.48,0.04,0.37,0.96,"['1953-10-24', '1966-06-17', '2019-07-20', '2024-03-18']","[92.91, 93.78, 87.64, 86.69]"
100712836379,Northland,Tinopai,1953-10-24,2024-03-18,70,4,4,-3.48,8.34,-0.05,0.04,-0.09,92.3,0.12,2.63,0.68,-0.07,91.29,0.09,0.9,0.73,"['1953-10-24', '1966-06-17', '2019-07-20', '2024-03-18']","[90.08, 94.0, 85.66, 86.6]"
100712843772,Northland,Tinopai,1953-10-24,2024-03-18,70,4,4,-5.92,8.4,-0.08,0.04,-0.1,89.96,0.09,1.96,0.83,-0.09,89.3,0.07,0.71,0.86,"['1953-10-24', '1966-06-17', '2019-07-20', '2024-03-18']","[88.28, 90.75, 84.01, 82.35]"
100712846403,Northland,Tinopai,1953-10-24,2024-03-18,70,4,4,-4.86,6.42,-0.07,0.04,-0.08,88.59,0.06,1.32,0.89,-0.08,88.1,0.04,0.42,0.93,"['1953-10-24', '1966-06-17', '2019-07-20', '2024-03-18']","[87.42, 88.98, 83.05, 82.56]"
100712853118,Northland,Tinopai,1953-10-24,2024-03-18,70,4,4,1.52,3.22,0.02,0.04,-0.01,86.0,0.08,1.75,0.04,-0.0,85.48,0.09,0.91,0.0,"['1953-10-24', '1966-06-17', '2019-07-20', '2024-03-18']","[85.07, 87.16, 83.95, 86.59]"
100712854107,Northland,Tinopai,1953-10-24,2019-07-20,66,3,3,9.19,9.19,0.14,0.04,0.11,80.95,0.5,3.92,0.66,0.12,79.92,0.32,1.25,0.85,"['1953-10-24', '1966-06-17', '2019-07-20']","[78.52, 85.38, 87.7]"
100712860600,Northland,Tinopai,1953-10-24,2019-07-20,66,4,4,3.65,38.77,0.06,0.04,-0.16,62.03,1.09,19.06,0.08,0.0,59.23,0.7,5.93,0.0,"['1953-10-24', '1966-06-17', '1995-12-03', '2019-07-20']","[58.35, 73.65, 34.88, 62.0]"
100712861505,Northland,Tinopai,1953-10-24,2019-07-20,66,4,4,1.54,35.62,0.02,0.04,-0.17,62.97,0.98,17.13,0.11,-0.03,60.47,0.63,5.33,0.01,"['1953-10-24', '1966-06-17', '1995-12-03', '2019-07-20']","[59.68, 73.08, 37.46, 61.22]"
100712862410,Northland,Tinopai,1966-06-17,2019-07-20,53,3,3,-9.78,32.71,-0.18,0.07,-0.22,63.18,3.73,22.23,0.12,-0.03,60.83,3.14,7.06,0.0,"['1966-06-17', '1995-12-03', '2019-07-20']","[71.25, 38.53, 61.46]"
100712868443,Northland,Tinopai,1966-06-17,2019-07-20,53,3,3,-9.22,32.52,-0.17,0.07,-0.21,61.78,3.75,22.33,0.11,-0.02,59.42,3.15,7.09,0.0,"['1966-06-17', '1995-12-03', '2019-07-20']","[69.88, 37.36, 60.66]"
100712871208,Northland,Tinopai,1966-06-17,2024-03-18,58,5,5,-6.69,29.5,-0.12,0.07,-0.09,61.38,0.68,13.64,0.03,-0.02,61.24,0.53,4.16,0.0,"['1966-06-17', '1987-09-02', '1995-12-03', '2019-07-20', '2024-03-18']","[67.3, 65.94, 37.8, 61.48, 60.61]"
100712872205,Northland,Tinopai,1966-06-17,2024-03-18,58,5,5,-3.72,26.94,-0.06,0.07,-0.02,56.0,0.64,12.95,0.0,0.05,55.57,0.5,3.95,0.02,"['1966-06-17', '1987-09-02', '1995-12-03', '2019-07-20', '2024-03-18']","[62.38, 60.33, 35.45, 60.06, 58.67]"
100712873454,Northland,Tinopai,1953-10-24,2024-03-18,70,7,7,7.98,26.66,0.11,0.04,0.04,53.5,0.32,10.06,0.01,0.09,52.87,0.2,3.05,0.14,"['1953-10-24', '1966-06-17', '1976-12-16', '1987-09-02', '1995-12-03', '2019-07-20', '2024-03-18']","[52.76, 55.56, 61.83, 59.32, 35.17, 58.88, 60.74]"
100712874449,Northland,Tinopai,1953-10-24,2024-03-18,70,7,7,13.12,28.96,0.19,0.04,0.11,49.93,0.3,9.48,0.09,0.15,49.66,0.21,3.1,0.31,"['1953-10-24', '1966-06-17', '1976-12-16', '1987-09-02', '1995-12-03', '2019-07-20', '2024-03-18']","[51.59, 51.65, 58.5, 56.26, 35.75, 57.52, 64.71]"
100712875352,Northland,Tinopai,1953-10-24,2024-03-18,70,7,7,13.42,26.92,0.19,0.04,0.12,48.57,0.28,8.82,0.12,0.16,48.21,0.19,2.82,0.37,"['1953-10-24', '1966-06-17', '1976-12-16', '1987-09-02', '1995-12-03', '2019-07-20', '2024-03-18']","[49.42, 50.85, 56.91, 55.68, 35.92, 57.06, 62.84]"
100712876181,Northland,Tinopai,1953-10-24,2024-03-18,70,7,7,14.3,26.75,0.2,0.04,0.13,47.95,0.28,8.85,0.15,0.17,47.73,0.19,2.84,0.39,"['1953-10-24', '1966-06-17', '1976-12-16', '1987-09-02', '1995-12-03', '2019-07-20', '2024-03-18']","[48.5, 49.53, 56.69, 57.23, 36.05, 56.68, 62.8]"
100712877178,Northland,Tinopai,1953-10-24,2024-03-18,70,7,7,14.09,24.39,0.2,0.04,0.12,48.3,0.27,8.66,0.14,0.15,47.97,0.18,2.77,0.36,"['1953-10-24', '1966-06-17', '1976-12-16', '1987-09-02', '1995-12-03', '2019-07-20', '2024-03-18']","[47.49, 49.09, 58.16, 58.61, 37.18, 56.08, 61.57]"
100712877848,Northland,Tinopai,1953-10-24,2024-03-18,70,7,7,13.81,21.51,0.2,0.04,0.12,49.11,0.26,8.13,0.15,0.15,48.56,0.17,2.54,0.39,"['1953-10-24', '1966-06-17', '1976-12-16', '1987-09-02', '1995-12-03', '2019-07-20', '2024-03-18']","[47.52, 49.1, 61.41, 57.37, 39.9, 56.85, 61.33]"
100712878847,Northland,Tinopai,1953-10-24,2024-03-18,70,7,7,9.33,20.85,0.13,0.04,0.09,51.67,0.25,7.88,0.09,0.11,51.71,0.16,2.44,0.27,"['1953-10-24', '1966-06-17', '1976-12-16', '1987-09-02', '1995-12-03', '2019-07-20', '2024-03-18']","[52.12, 49.54, 62.04, 58.7, 41.19, 57.74, 61.45]"
100712879665,Northland,Tinopai,1953-10-24,2024-03-18,70,7,7,12.79,19.08,0.18,0.04,0.12,50.23,0.23,7.45,0.18,0.14,49.91,0.15,2.32,0.41,"['1953-10-24', '1966-06-17', '1976-12-16', '1987-09-02', '1995-12-03', '2019-07-20', '2024-03-18']","[48.62, 49.98, 61.01, 59.99, 42.33, 58.29, 61.4]"
100712880665,Northland,Tinopai,1953-10-24,2024-03-18,70,7,7,17.55,18.12,0.25,0.04,0.16,48.65,0.23,7.43,0.28,0.18,47.68,0.16,2.43,0.51,"['1953-10-24', '1966-06-17', '1976-12-16', '1987-09-02', '1995-12-03', '2019-07-20', '2024-03-18']","[43.56, 50.81, 60.67, 61.68, 44.41, 58.3, 61.1]"
100712881664,Northland,Tinopai,1953-10-24,2024-03-18,70,7,7,11.49,16.67,0.16,0.04,0.1,52.37,0.2,6.48,0.17,0.11,52.1,0.14,2.13,0.34,"['1953-10-24', '1966-06-17', '1976-12-16', '1987-09-02', '1995-12-03', '2019-07-20', '2024-03-18']","[49.93, 51.92, 60.95, 63.23, 46.55, 57.89, 61.43]"
100712882795,Northland,Tinopai,1953-10-24,2024-03-18,70,7,7,5.7,15.83,0.08,0.04,0.06,56.14,0.19,5.95,0.07,0.06,56.77,0.13,1.98,0.15,"['1953-10-24', '1966-06-17', '1976-12-16', '1987-09-02', '1995-12-03', '2019-07-20', '2024-03-18']","[57.61, 53.17, 60.87, 64.45, 48.62, 59.1, 63.31]"
100712883794,Northland,Tinopai,1953-10-24,2024-03-18,70,7,7,18.62,18.62,0.26,0.04,0.17,52.17,0.2,6.24,0.38,0.19,51.33,0.15,2.23,0.56,"['1953-10-24', '1966-06-17', '1976-12-16', '1987-09-02', '1995-12-03', '2019-07-20', '2024-03-18']","[48.13, 55.13, 61.45, 65.02, 50.07, 60.8, 66.74]"
100712885165,Northland,Tinopai,1953-10-24,2024-03-18,70,7,7,13.82,16.31,0.2,0.04,0.12,54.78,0.18,5.82,0.26,0.13,53.92,0.13,1.99,0.45,"['1953-10-24', '1966-06-17', '1976-12-16', '1987-09-02', '1995-12-03', '2019-07-20', '2024-03-18']","[49.91, 57.21, 62.89, 66.22, 52.05, 61.5, 63.73]"
100712886623,Northland,Tinopai,1953-10-24,2024-03-18,70,7,7,8.31,15.86,0.12,0.04,0.06,57.8,0.19,6.02,0.08,0.07,57.1,0.14,2.08,0.18,"['1953-10-24', '1966-06-17', '1976-12-16', '1987-09-02', '1995-12-03', '2019-07-20', '2024-03-18']","[52.8, 59.52, 63.68, 68.45, 52.59, 62.02, 61.11]"
100712888016,Northland,Tinopai,1953-10-24,2024-03-18,70,7,7,11.07,17.48,0.16,0.04,0.08,59.14,0.2,6.42,0.12,0.09,58.38,0.15,2.22,0.24,"['1953-10-24', '1966-06-17', '1976-12-16', '1987-09-02', '1995-12-03', '2019-07-20', '2024-03-18']","[54.16, 61.83, 64.45, 71.32, 53.84, 63.24, 65.23]"
100712889005,Northland,Tinopai,1953-10-24,2024-03-18,70,7,7,7.58,18.36,0.11,0.04,0.06,62.25,0.19,6.17,0.07,0.07,62.29,0.14,2.06,0.17,"['1953-10-24', '1966-06-17', '1976-12-16', '1987-09-02', '1995-12-03', '2019-07-20', '2024-03-18']","[60.95, 62.45, 65.78, 72.88, 54.52, 65.42, 68.53]"
100712890375,Northland,Tinopai,1953-10-24,2024-03-18,70,7,7,3.75,17.29,0.05,0.04,0.05,64.09,0.19,5.95,0.06,0.06,64.67,0.13,1.88,0.16,"['1953-10-24', '1966-06-17', '1976-12-16', '1987-09-02', '1995-12-03', '2019-07-20', '2024-03-18']","[65.07, 62.88, 67.04, 72.77, 55.48, 69.5, 68.82]"
100712891735,Northland,Tinopai,1953-10-24,2024-03-18,70,7,7,8.63,18.06,0.12,0.04,0.11,62.53,0.2,6.45,0.19,0.13,62.8,0.14,2.04,0.41,"['1953-10-24', '1966-06-17', '1976-12-16', '1987-09-02', '1995-12-03', '2019-07-20', '2024-03-18']","[62.4, 62.87, 68.04, 73.27, 55.21, 72.15, 71.03]"
100712907955,Northland,Tinopai,1953-10-24,2024-03-18,70,7,7,6.17,17.85,0.09,0.04,0.08,64.63,0.21,6.67,0.12,0.1,65.47,0.14,2.1,0.29,"['1953-10-24', '1966-06-17', '1976-12-16', '1987-09-02', '1995-12-03', '2019-07-20', '2024-03-18']","[67.42, 62.85, 68.6, 73.48, 55.74, 71.76, 73.59]"
100712908043,Northland,Tinopai,1953-10-24,2024-03-18,70,7,7,14.71,17.71,0.21,0.04,0.17,60.87,0.2,6.41,0.36,0.18,60.75,0.13,2.0,0.61,"['1953-10-24', '1966-06-17', '1976-12-16', '1987-09-02', '1995-12-03', '2019-07-20', '2024-03-18']","[59.5, 61.87, 69.89, 73.06, 56.49, 72.62, 74.2]"
100712908131,Northland,Tinopai,1953-10-24,2024-03-18,70,7,7,14.55,19.32,0.21,0.04,0.16,62.14,0.22,6.87,0.32,0.18,62.26,0.14,2.18,0.55,"['1953-10-24', '1966-06-17', '1976-12-16', '1987-09-02', '1995-12-03', '2019-07-20', '2024-03-18']","[61.68, 61.87, 71.34, 74.57, 56.91, 72.76, 76.22]"
100712908218,Northland,Tinopai,1953-10-24,2024-03-18,70,7,7,15.03,23.0,0.21,0.04,0.17,63.98,0.27,8.49,0.25,0.18,64.3,0.18,2.7,0.45,"['1953-10-24', '1966-06-17', '1976-12-16', '1987-09-02', '1995-12-03', '2019-07-20', '2024-03-18']","[63.24, 62.78, 73.94, 79.76, 56.76, 75.16, 78.28]"
100712908306,Northland,Tinopai,1953-10-24,2024-03-18,70,7,7,18.03,25.19,0.26,0.04,0.2,65.78,0.29,9.27,0.27,0.2,66.09,0.21,3.09,0.43,"['1953-10-24', '1966-06-17', '1976-12-16', '1987-09-02', '1995-12-03', '2019-07-20', '2024-03-18']","[63.89, 64.15, 76.7, 85.25, 60.07, 76.9, 81.92]"
100712908394,Northland,Tinopai,1953-10-24,2024-03-18,70,7,7,16.05,24.96,0.23,0.04,0.16,71.68,0.29,9.27,0.2,0.16,72.21,0.21,3.21,0.32,"['1953-10-24', '1966-06-17', '1976-12-16', '1987-09-02', '1995-12-03', '2019-07-20', '2024-03-18']","[70.99, 68.83, 81.33, 89.72, 64.76, 79.4, 87.04]"
100712908482,Northland,Tinopai,1953-10-24,2024-03-18,70,7,7,19.11,22.8,0.27,0.04,0.2,74.05,0.27,8.5,0.32,0.2,74.11,0.2,2.95,0.46,"['1953-10-24', '1966-06-17', '1976-12-16', '1987-09-02', '1995-12-03', '2019-07-20', '2024-03-18']","[70.77, 72.66, 85.45, 93.57, 71.67, 84.5, 89.88]"
100712908570,Northland,Tinopai,1953-10-24,2019-07-20,66,5,5,7.25,24.82,0.11,0.04,0.05,85.2,0.51,10.58,0.01,0.08,84.96,0.33,3.41,0.1,"['1953-10-24', '1976-12-16', '1987-09-02', '1995-12-03', '2019-07-20']","[83.23, 88.59, 97.97, 73.15, 90.48]"
100712908658,Northland,Tinopai,1953-10-24,2019-07-20,66,5,5,5.96,18.89,0.09,0.04,0.04,92.12,0.4,8.2,0.02,0.06,91.76,0.26,2.72,0.08,"['1953-10-24', '1976-12-16', '1987-09-02', '1995-12-03', '2019-07-20']","[89.23, 95.95, 102.82, 83.93, 95.2]"
100712908746,Northland,Tinopai,1953-10-24,2019-07-20,66,5,5,6.87,21.98,0.1,0.04,0.04,96.25,0.47,9.65,0.01,0.06,95.71,0.31,3.18,0.07,"['1953-10-24', '1976-12-16', '1987-09-02', '1995-12-03', '2019-07-20']","[92.68, 101.3, 108.19, 86.22, 99.55]"
100713138031,Northland,Tinopai,1953-10-24,2024-03-18,70,6,6,1.34,31.71,0.02,0.04,0.06,134.38,0.41,12.49,0.02,0.09,135.55,0.3,4.06,0.09,"['1953-10-24', '1976-12-16', '1995-12-03', '2019-07-20', '2023-03-24', '2024-03-18']","[138.45, 142.63, 114.77, 140.75, 146.48, 139.78]"
100713139390,Northland,Tinopai,1953-10-24,2024-03-18,70,7,7,4.62,31.08,0.07,0.04,0.08,129.87,0.3,10.65,0.06,0.12,130.21,0.22,3.46,0.18,"['1953-10-24', '1966-06-17', '1976-12-16', '1995-12-03', '2019-07-20', '2023-03-24', '2024-03-18']","[132.54, 132.15, 138.72, 112.17, 136.62, 143.25, 137.16]"
100713140812,Northland,Tinopai,1953-10-24,2024-03-18,70,7,7,3.11,13.7,0.04,0.04,0.1,128.89,0.13,4.62,0.31,0.1,129.26,0.12,1.84,0.36,"['1953-10-24', '1966-06-17', '1976-12-16', '1987-09-02', '2019-07-20', '2023-03-24', '2024-03-18']","[132.05, 126.32, 136.03, 125.71, 133.9, 139.41, 135.16]"
100713141989,Northland,Tinopai,1953-10-24,2024-03-18,70,7,7,5.66,16.82,0.08,0.04,0.14,125.29,0.14,4.97,0.43,0.13,125.92,0.12,1.94,0.49,"['1953-10-24', '1966-06-17', '1976-12-16', '1987-09-02', '2019-07-20', '2023-03-24', '2024-03-18']","[129.12, 121.72, 133.81, 124.05, 132.36, 138.54, 134.78]"
100713143421,Northland,Tinopai,1953-10-24,2024-03-18,70,7,7,7.67,17.13,0.11,0.04,0.15,122.05,0.14,4.84,0.49,0.15,122.28,0.13,2.07,0.51,"['1953-10-24', '1966-06-17', '1976-12-16', '1987-09-02', '2019-07-20', '2023-03-24', '2024-03-18']","[124.57, 119.66, 131.26, 121.67, 128.61, 136.79, 132.24]"
100713144625,Northland,Tinopai,1953-10-24,2024-03-18,70,7,7,3.42,19.83,0.05,0.04,0.14,120.22,0.16,5.84,0.36,0.13,120.98,0.16,2.56,0.35,"['1953-10-24', '1966-06-17', '1976-12-16', '1987-09-02', '2019-07-20', '2023-03-24', '2024-03-18']","[124.61, 116.13, 128.83, 118.61, 126.71, 135.96, 128.03]"
100713146234,Northland,Tinopai,1953-10-24,2024-03-18,70,7,7,2.76,17.5,0.04,0.04,0.12,118.77,0.15,5.39,0.35,0.12,119.26,0.15,2.42,0.35,"['1953-10-24', '1966-06-17', '1976-12-16', '1987-09-02', '2019-07-20', '2023-03-24', '2024-03-18']","[122.22, 116.06, 126.8, 116.48, 125.64, 133.55, 124.98]"
100713147820,Northland,Tinopai,1953-10-24,2024-03-18,70,7,7,2.92,15.12,0.04,0.04,0.11,117.91,0.13,4.63,0.37,0.11,118.35,0.13,2.08,0.36,"['1953-10-24', '1966-06-17', '1976-12-16', '1987-09-02', '2019-07-20', '2023-03-24', '2024-03-18']","[121.15, 115.66, 124.63, 115.84, 123.51, 130.78, 124.07]"
100713149472,Northland,Tinopai,1953-10-24,2024-03-18,70,8,8,6.17,29.44,0.09,0.04,0.13,113.15,0.24,8.76,0.15,0.16,113.27,0.18,3.02,0.32,"['1953-10-24', '1966-06-17', '1976-12-16', '1987-09-02', '1995-12-03', '2019-07-20', '2023-03-24', '2024-03-18']","[116.4, 114.7, 123.59, 115.03, 100.52, 122.3, 129.96, 122.57]"
100713150805,Northland,Tinopai,1953-10-24,2024-03-18,70,8,8,4.52,29.33,0.06,0.04,0.11,114.17,0.24,8.95,0.11,0.14,114.93,0.18,3.07,0.26,"['1953-10-24', '1966-06-17', '1976-12-16', '1987-09-02', '1995-12-03', '2019-07-20', '2023-03-24', '2024-03-18']","[119.95, 114.14, 122.28, 115.93, 100.28, 121.7, 129.61, 124.47]"
100713152370,Northland,Tinopai,1953-10-24,2024-03-18,70,8,8,4.29,24.05,0.06,0.04,0.11,114.77,0.2,7.33,0.16,0.13,115.81,0.16,2.74,0.27,"['1953-10-24', '1966-06-17', '1976-12-16', '1987-09-02', '1995-12-03', '2019-07-20', '2023-03-24', '2024-03-18']","[121.46, 113.74, 120.41, 116.26, 105.46, 120.6, 129.51, 125.75]"
100713153657,Northland,Tinopai,1953-10-24,2024-03-18,70,8,8,8.59,27.9,0.12,0.04,0.15,111.47,0.22,8.09,0.23,0.18,112.09,0.17,2.9,0.39,"['1953-10-24', '1966-06-17', '1976-12-16', '1987-09-02', '1995-12-03', '2019-07-20', '2023-03-24', '2024-03-18']","[117.16, 112.84, 118.95, 114.04, 101.42, 120.36, 129.32, 125.75]"
100713155186,Northland,Tinopai,1953-10-24,2024-03-18,70,8,8,9.54,29.35,0.14,0.04,0.16,110.53,0.23,8.61,0.24,0.19,111.25,0.17,2.91,0.43,"['1953-10-24', '1966-06-17', '1976-12-16', '1987-09-02', '1995-12-03', '2019-07-20', '2023-03-24', '2024-03-18']","[116.4, 112.14, 118.37, 114.21, 99.28, 121.52, 128.63, 125.94]"
100713156376,Northland,Tinopai,1953-10-24,2024-03-18,70,8,8,8.74,28.77,0.12,0.04,0.14,111.1,0.23,8.5,0.2,0.17,111.68,0.17,2.89,0.38,"['1953-10-24', '1966-06-17', '1976-12-16', '1987-09-02', '1995-12-03', '2019-07-20', '2023-03-24', '2024-03-18']","[116.07, 112.3, 119.25, 115.09, 99.14, 120.15, 127.91, 124.81]"
100713157622,Northland,Tinopai,1953-10-24,2024-03-18,70,8,8,9.75,25.39,0.14,0.04,0.13,110.76,0.22,8.04,0.19,0.16,111.28,0.16,2.74,0.36,"['1953-10-24', '1966-06-17', '1976-12-16', '1987-09-02', '1995-12-03', '2019-07-20', '2023-03-24', '2024-03-18']","[115.14, 110.54, 120.02, 114.8, 99.77, 118.21, 125.16, 124.9]"
100713158858,Northland,Tinopai,1953-10-24,2024-03-18,70,8,8,13.39,25.28,0.19,0.04,0.15,109.55,0.21,7.9,0.24,0.18,109.34,0.16,2.65,0.46,"['1953-10-24', '1966-06-17', '1976-12-16', '1987-09-02', '1995-12-03', '2019-07-20', '2023-03-24', '2024-03-18']","[111.85, 111.44, 120.99, 112.49, 99.96, 118.24, 124.45, 125.24]"
100713159839,Northland,Tinopai,1953-10-24,2024-03-18,70,8,8,10.3,28.78,0.15,0.04,0.13,110.89,0.25,9.3,0.14,0.17,110.89,0.19,3.21,0.32,"['1953-10-24', '1966-06-17', '1976-12-16', '1987-09-02', '1995-12-03', '2019-07-20', '2023-03-24', '2024-03-18']","[114.92, 112.37, 122.16, 111.55, 97.69, 117.87, 126.47, 125.22]"
100713161005,Northland,Tinopai,1953-10-24,2024-03-18,70,8,8,10.6,28.0,0.15,0.04,0.13,112.01,0.24,8.93,0.15,0.16,111.98,0.18,3.06,0.32,"['1953-10-24', '1966-06-17', '1976-12-16', '1987-09-02', '1995-12-03', '2019-07-20', '2023-03-24', '2024-03-18']","[115.08, 113.1, 123.15, 114.82, 99.11, 118.38, 127.1, 125.69]"
100713161980,Northland,Tinopai,1953-10-24,2024-03-18,70,8,8,12.47,28.71,0.18,0.04,0.14,111.97,0.24,8.99,0.18,0.18,111.72,0.18,2.99,0.39,"['1953-10-24', '1966-06-17', '1976-12-16', '1987-09-02', '1995-12-03', '2019-07-20', '2023-03-24', '2024-03-18']","[113.98, 114.21, 123.67, 116.13, 99.24, 119.91, 127.95, 126.45]"
100713162955,Northland,Tinopai,1966-06-17,2024-03-18,58,7,7,12.27,28.61,0.21,0.07,0.17,114.34,0.33,9.55,0.18,0.22,113.6,0.28,3.14,0.33,"['1966-06-17', '1976-12-16', '1987-09-02', '1995-12-03', '2019-07-20', '2023-03-24', '2024-03-18']","[115.46, 124.82, 119.25, 101.24, 121.82, 129.85, 127.72]"
100713164129,Northland,Tinopai,1966-06-17,2024-03-18,58,7,7,13.63,26.77,0.24,0.07,0.18,116.09,0.31,9.02,0.21,0.22,115.53,0.26,2.96,0.36,"['1966-06-17', '1976-12-16', '1987-09-02', '1995-12-03', '2019-07-20', '2023-03-24', '2024-03-18']","[116.14, 126.88, 121.51, 104.48, 123.83, 131.24, 129.77]"
100713165295,Northland,Tinopai,1966-06-17,2024-03-18,58,7,7,13.06,25.11,0.23,0.07,0.18,118.5,0.3,8.56,0.22,0.22,117.96,0.24,2.66,0.4,"['1966-06-17', '1976-12-16', '1987-09-02', '1995-12-03', '2019-07-20', '2023-03-24', '2024-03-18']","[119.18, 128.53, 123.35, 107.13, 127.57, 131.81, 132.24]"
100713166449,Northland,Tinopai,1966-06-17,2024-03-18,58,6,6,9.98,9.98,0.17,0.07,0.11,125.83,0.1,2.73,0.58,0.12,125.35,0.12,1.23,0.53,"['1966-06-17', '1976-12-16', '1987-09-02', '2019-07-20', '2023-03-24', '2024-03-18']","[124.2, 130.65, 126.35, 129.18, 132.55, 134.18]"
100713167666,Northland,Tinopai,1953-10-24,2024-03-18,70,8,8,5.84,20.09,0.08,0.04,0.11,122.6,0.18,6.73,0.17,0.11,123.64,0.12,2.08,0.35,"['1953-10-24', '1966-06-17', '1976-12-16', '1987-09-02', '1995-12-03', '2019-07-20', '2023-03-24', '2024-03-18']","[126.55, 121.83, 127.55, 129.68, 112.3, 131.91, 132.04, 132.39]"
100713169449,Northland,Tinopai,1953-10-24,2024-03-18,70,8,8,1.77,21.79,0.03,0.04,0.05,125.06,0.21,7.86,0.04,0.06,126.41,0.15,2.48,0.1,"['1953-10-24', '1966-06-17', '1976-12-16', '1987-09-02', '1995-12-03', '2019-07-20', '2023-03-24', '2024-03-18']","[130.71, 121.96, 130.65, 128.64, 110.68, 131.76, 130.31, 132.47]"
100713171630,Northland,Tinopai,1953-10-24,2024-03-18,70,8,8,8.76,22.62,0.12,0.04,0.1,121.5,0.19,7.16,0.15,0.13,121.73,0.13,2.21,0.37,"['1953-10-24', '1966-06-17', '1976-12-16', '1987-09-02', '1995-12-03', '2019-07-20', '2023-03-24', '2024-03-18']","[123.83, 123.05, 128.96, 125.64, 109.97, 130.83, 130.21, 132.59]"
100713173355,Northland,Tinopai,1953-10-24,2024-03-18,70,7,7,8.77,8.77,0.12,0.04,0.11,123.1,0.04,1.55,0.84,0.11,123.09,0.04,0.69,0.85,"['1953-10-24', '1966-06-17', '1976-12-16', '1987-09-02', '2019-07-20', '2023-03-24', '2024-03-18']","[123.71, 123.79, 127.36, 124.7, 130.62, 129.74, 132.47]"
100713174314,Northland,Tinopai,1953-10-24,2024-03-18,70,7,7,6.89,8.78,0.1,0.04,0.08,124.76,0.06,1.98,0.65,0.08,124.97,0.06,0.94,0.63,"['1953-10-24', '1966-06-17', '1976-12-16', '1987-09-02', '2019-07-20', '2023-03-24', '2024-03-18']","[125.97, 124.08, 128.58, 125.67, 130.64, 128.85, 132.86]"
100713175273,Northland,Tinopai,1966-06-17,2024-03-18,58,3,3,8.64,8.64,0.15,0.07,0.13,126.93,0.4,2.78,0.8,0.12,127.11,0.29,0.82,0.87,"['1966-06-17', '1976-12-16', '2024-03-18']","[125.18, 130.38, 133.83]"
100713252103,Northland,Tinopai,1953-10-24,2024-03-18,70,4,4,6.57,6.57,0.09,0.04,0.07,133.83,0.06,1.23,0.87,0.08,133.41,0.06,0.57,0.88,"['1953-10-24', '1966-06-17', '2019-07-20', '2024-03-18']","[133.01, 135.81, 137.71, 139.58]"
100713253178,Northland,Tinopai,1953-10-24,2024-03-18,70,5,5,4.94,6.05,0.07,0.04,0.08,132.76,0.02,0.5,0.97,0.08,132.72,0.02,0.31,0.95,"['1953-10-24', '1966-06-17', '2019-07-20', '2023-03-24', '2024-03-18']","[132.63, 133.87, 137.9, 138.68, 137.57]"
100713254842,Northland,Tinopai,1953-10-24,2024-03-18,70,5,5,4.27,6.05,0.06,0.04,0.07,131.94,0.03,0.92,0.91,0.07,132.08,0.05,0.58,0.82,"['1953-10-24', '1966-06-17', '2019-07-20', '2023-03-24', '2024-03-18']","[131.99, 132.72, 138.04, 136.67, 136.25]"
100713258665,Northland,Tinopai,1953-10-24,2024-03-18,70,5,5,5.6,8.26,0.08,0.04,0.1,130.81,0.05,1.47,0.88,0.09,131.1,0.07,0.91,0.76,"['1953-10-24', '1966-06-17', '2019-07-20', '2023-03-24', '2024-03-18']","[131.08, 131.56, 139.34, 136.76, 136.68]"
100713260015,Northland,Tinopai,1953-10-24,2024-03-18,70,6,6,9.75,12.17,0.14,0.04,0.15,128.77,0.05,1.57,0.91,0.14,128.87,0.06,0.9,0.86,"['1953-10-24', '1966-06-17', '1987-09-02', '2019-07-20', '2023-03-24', '2024-03-18']","[128.14, 130.31, 135.19, 140.31, 137.49, 137.88]"
100713261136,Northland,Tinopai,1953-10-24,2024-03-18,70,8,8,10.11,18.52,0.14,0.04,0.18,123.6,0.14,5.1,0.51,0.19,124.23,0.1,1.73,0.68,"['1953-10-24', '1966-06-17', '1976-12-16', '1987-09-02', '1995-12-03', '2019-07-20', '2023-03-24', '2024-03-18']","[126.27, 128.77, 123.95, 132.01, 121.15, 139.68, 137.46, 136.38]"
100713262136,Northland,Tinopai,1953-10-24,2024-03-18,70,8,8,9.76,22.38,0.14,0.04,0.2,122.34,0.16,5.72,0.52,0.21,123.24,0.13,2.22,0.61,"['1953-10-24', '1966-06-17', '1976-12-16', '1987-09-02', '1995-12-03', '2019-07-20', '2023-03-24', '2024-03-18']","[125.14, 126.26, 124.76, 132.42, 119.65, 142.03, 137.81, 134.89]"
100713263144,Northland,Tinopai,1953-10-24,2024-03-18,70,5,5,3.82,7.54,0.05,0.04,0.05,130.58,0.12,3.02,0.25,0.05,130.52,0.13,1.62,0.18,"['1953-10-24', '1987-09-02', '2019-07-20', '2023-03-24', '2024-03-18']","[128.9, 135.23, 136.44, 131.36, 132.72]"
100713264239,Northland,Tinopai,1953-10-24,2024-03-18,70,5,5,5.1,8.98,0.07,0.04,0.06,126.53,0.13,3.5,0.27,0.06,126.3,0.13,1.6,0.26,"['1953-10-24', '1987-09-02', '2019-07-20', '2023-03-24', '2024-03-18']","[124.11, 133.09, 132.21, 128.47, 129.21]"
100713267443,Northland,Tinopai,1953-10-24,2024-03-18,70,5,5,2.84,5.3,0.04,0.04,0.03,125.87,0.08,2.0,0.23,0.03,125.69,0.07,0.84,0.24,"['1953-10-24', '1987-09-02', '2019-07-20', '2023-03-24', '2024-03-18']","[124.39, 129.7, 128.39, 126.91, 127.23]"
100713269919,Northland,Tinopai,1953-10-24,2024-03-18,70,5,5,3.98,6.46,0.06,0.04,0.04,123.05,0.09,2.41,0.24,0.04,122.82,0.08,1.01,0.27,"['1953-10-24', '1987-09-02', '2019-07-20', '2023-03-24', '2024-03-18']","[121.28, 127.75, 126.02, 124.18, 125.27]"
100713271224,Northland,Tinopai,1953-10-24,2024-03-18,70,6,6,5.28,5.62,0.08,0.04,0.04,121.0,0.06,1.8,0.4,0.05,120.33,0.05,0.73,0.53,"['1953-10-24', '1966-06-17', '1987-09-02', '2019-07-20', '2023-03-24', '2024-03-18']","[118.75, 123.73, 123.28, 124.37, 122.52, 124.03]"
100713272686,Northland,Tinopai,1953-10-24,2024-03-18,70,6,6,3.24,4.25,0.05,0.04,0.05,119.23,0.03,0.98,0.73,0.05,119.06,0.03,0.44,0.76,"['1953-10-24', '1966-06-17', '1987-09-02', '2019-07-20', '2023-03-24', '2024-03-18']","[119.03, 120.8, 119.51, 123.28, 122.12, 122.27]"
100713273890,Northland,Tinopai,1953-10-24,2024-03-18,70,8,8,3.09,24.0,0.04,0.04,0.09,111.95,0.26,9.6,0.06,0.11,112.94,0.18,3.01,0.19,"['1953-10-24', '1966-06-17', '1976-12-16', '1987-09-02', '1995-12-03', '2019-07-20', '2023-03-24', '2024-03-18']","[117.16, 120.41, 103.56, 119.33, 98.14, 122.14, 121.74, 120.25]"
100713275291,Northland,Tinopai,1953-10-24,2024-03-18,70,8,8,2.36,25.31,0.03,0.04,0.08,112.1,0.27,10.05,0.05,0.1,113.04,0.19,3.15,0.15,"['1953-10-24', '1966-06-17', '1976-12-16', '1987-09-02', '1995-12-03', '2019-07-20', '2023-03-24', '2024-03-18']","[117.01, 120.87, 103.53, 119.72, 96.73, 122.05, 121.31, 119.38]"
100713276471,Northland,Tinopai,1953-10-24,2024-03-18,70,8,8,1.41,22.73,0.02,0.04,0.07,113.71,0.24,8.82,0.05,0.09,114.44,0.17,2.8,0.16,"['1953-10-24', '1966-06-17', '1976-12-16', '1987-09-02', '1995-12-03', '2019-07-20', '2023-03-24', '2024-03-18']","[118.12, 121.98, 105.92, 119.51, 100.65, 121.86, 123.38, 119.53]"
100713277663,Northland,Tinopai,1953-10-24,2024-03-18,70,7,7,-0.6,24.0,-0.01,0.04,0.01,117.65,0.26,9.0,0.0,0.04,118.1,0.18,2.85,0.03,"['1953-10-24', '1966-06-17', '1987-09-02', '1995-12-03', '2019-07-20', '2023-03-24', '2024-03-18']","[119.82, 121.66, 121.5, 99.85, 121.43, 123.85, 119.22]"
100713279197,Northland,Tinopai,1953-10-24,2024-03-18,70,7,7,-2.73,30.98,-0.04,0.04,-0.0,117.99,0.33,11.43,0.0,0.02,118.99,0.24,3.65,0.0,"['1953-10-24', '1966-06-17', '1987-09-02', '1995-12-03', '2019-07-20', '2023-03-24', '2024-03-18']","[120.45, 120.7, 125.88, 94.9, 121.89, 123.4, 117.72]"
100713281809,Northland,Tinopai,1953-10-24,2024-03-18,70,7,7,-2.12,31.32,-0.03,0.04,0.02,117.17,0.34,11.87,0.0,0.04,118.55,0.24,3.77,0.02,"['1953-10-24', '1966-06-17', '1987-09-02', '1995-12-03', '2019-07-20', '2023-03-24', '2024-03-18']","[121.19, 119.1, 125.17, 93.85, 122.05, 124.52, 119.06]"
100713284981,Northland,Tinopai,1953-10-24,2024-03-18,70,8,8,2.31,31.0,0.03,0.04,0.05,116.41,0.31,11.59,0.02,0.09,116.58,0.22,3.63,0.1,"['1953-10-24', '1966-06-17', '1976-12-16', '1987-09-02', '1995-12-03', '2019-07-20', '2023-03-24', '2024-03-18']","[118.39, 129.3, 106.07, 125.08, 98.3, 125.6, 125.04, 120.71]"
100713285922,Northland,Tinopai,1953-10-24,2024-03-18,70,7,7,2.21,23.56,0.03,0.04,0.05,120.52,0.23,8.24,0.03,0.05,120.52,0.16,2.55,0.07,"['1953-10-24', '1966-06-17', '1976-12-16', '1987-09-02', '2019-07-20', '2023-03-24', '2024-03-18']","[119.98, 130.33, 106.77, 127.44, 125.17, 124.31, 122.19]"
100713286807,Northland,Tinopai,1953-10-24,2024-03-18,70,8,8,1.68,34.47,0.02,0.04,0.0,120.68,0.34,12.54,0.0,0.04,120.84,0.23,3.83,0.02,"['1953-10-24', '1966-06-17', '1976-12-16', '1987-09-02', '1995-12-03', '2019-07-20', '2023-03-24', '2024-03-18']","[121.94, 132.6, 109.1, 131.51, 98.13, 124.34, 124.84, 123.62]"
100713287430,Northland,Tinopai,1953-10-24,2024-03-18,70,8,8,1.52,25.47,0.02,0.04,0.04,119.58,0.26,9.54,0.02,0.06,120.57,0.18,2.97,0.08,"['1953-10-24', '1966-06-17', '1976-12-16', '1987-09-02', '1995-12-03', '2019-07-20', '2023-03-24', '2024-03-18']","[123.58, 126.09, 111.85, 128.77, 103.3, 126.25, 125.72, 125.1]"
100713288251,Northland,Tinopai,1953-10-24,2024-03-18,70,8,8,1.2,28.29,0.02,0.04,0.03,122.18,0.28,10.3,0.01,0.06,122.98,0.19,3.19,0.05,"['1953-10-24', '1966-06-17', '1976-12-16', '1987-09-02', '1995-12-03', '2019-07-20', '2023-03-24', '2024-03-18']","[125.68, 129.29, 114.9, 131.38, 103.09, 127.75, 128.1, 126.88]"
100713288985,Northland,Tinopai,1966-06-17,2024-03-18,58,7,7,-3.22,32.35,-0.06,0.07,0.07,122.4,0.44,12.47,0.02,0.1,122.87,0.34,3.83,0.07,"['1966-06-17', '1976-12-16', '1987-09-02', '1995-12-03', '2019-07-20', '2023-03-24', '2024-03-18']","[132.05, 115.24, 135.1, 102.75, 129.2, 129.39, 128.83]"
100713327512,Northland,Tinopai,1976-12-16,2019-07-20,43,4,4,7.04,40.84,0.17,0.09,0.04,142.56,2.02,21.71,0.0,0.13,144.35,1.41,6.9,0.04,"['1976-12-16', '1987-09-02', '1995-12-03', '2019-07-20']","[144.43, 159.1, 118.26, 151.47]"
100713328117,Northland,Tinopai,1976-12-16,2024-03-18,47,6,6,13.91,41.72,0.29,0.08,0.23,132.53,0.73,15.57,0.1,0.19,135.99,0.59,5.02,0.1,"['1976-12-16', '1987-09-02', '1995-12-03', '2019-07-20', '2023-03-24', '2024-03-18']","[130.98, 155.02, 113.3, 144.14, 145.25, 144.89]"
100713328982,Northland,Tinopai,1976-12-16,2024-03-18,47,6,6,10.04,38.84,0.21,0.08,0.18,129.85,0.67,14.44,0.07,0.13,133.36,0.55,4.71,0.06,"['1976-12-16', '1987-09-02', '1995-12-03', '2019-07-20', '2023-03-24', '2024-03-18']","[127.76, 150.62, 111.78, 140.4, 140.22, 137.8]"
100713330750,Northland,Tinopai,1976-12-16,2024-03-18,47,6,6,8.72,36.17,0.18,0.08,0.11,128.42,0.63,13.44,0.03,0.05,132.06,0.53,4.49,0.01,"['1976-12-16', '1987-09-02', '1995-12-03', '2019-07-20', '2023-03-24', '2024-03-18']","[123.68, 149.08, 112.91, 135.34, 135.7, 132.4]"
100713335468,Northland,Tinopai,1976-12-16,2024-03-18,47,6,6,8.28,35.17,0.18,0.08,0.11,126.9,0.61,13.06,0.03,0.04,130.44,0.51,4.36,0.01,"['1976-12-16', '1987-09-02', '1995-12-03', '2019-07-20', '2023-03-24', '2024-03-18']","[122.31, 146.92, 111.75, 133.6, 133.76, 130.59]"
100713337217,Northland,Tinopai,1976-12-16,2024-03-18,47,6,6,7.13,38.5,0.15,0.08,0.08,126.2,0.66,14.05,0.02,0.02,129.79,0.54,4.62,0.0,"['1976-12-16', '1987-09-02', '1995-12-03', '2019-07-20', '2023-03-24', '2024-03-18']","[122.36, 146.75, 108.25, 131.49, 131.84, 129.49]"
100713338798,Northland,Tinopai,1976-12-16,2024-03-18,47,6,6,5.35,51.64,0.11,0.08,-0.03,130.96,0.87,18.68,0.0,-0.12,135.91,0.73,6.22,0.03,"['1976-12-16', '1987-09-02', '1995-12-03', '2019-07-20', '2023-03-24', '2024-03-18']","[123.47, 158.4, 106.75, 130.91, 132.48, 128.82]"
100713340432,Northland,Tinopai,1976-12-16,2024-03-18,47,6,6,-0.86,41.97,-0.02,0.08,-0.1,134.76,0.69,14.74,0.02,-0.16,138.44,0.57,4.83,0.08,"['1976-12-16', '1987-09-02', '1995-12-03', '2019-07-20', '2023-03-24', '2024-03-18']","[131.0, 154.26, 112.29, 132.38, 132.37, 130.14]"
100713345969,Northland,Tinopai,1976-12-16,2024-03-18,47,6,6,7.92,44.85,0.17,0.08,0.09,127.05,0.76,16.27,0.02,0.04,130.81,0.62,5.26,0.0,"['1976-12-16', '1987-09-02', '1995-12-03', '2019-07-20', '2023-03-24', '2024-03-18']","[124.92, 149.3, 104.45, 133.21, 132.67, 132.83]"
100713346708,Northland,Tinopai,1976-12-16,2024-03-18,47,6,6,6.98,48.7,0.15,0.08,0.01,133.12,0.82,17.44,0.0,-0.05,137.24,0.67,5.72,0.01,"['1976-12-16', '1987-09-02', '1995-12-03', '2019-07-20', '2023-03-24', '2024-03-18']","[128.69, 157.68, 108.98, 134.02, 135.33, 135.67]"
100713346976,Northland,Tinopai,1976-12-16,2024-03-18,47,6,6,5.39,52.25,0.11,0.08,-0.07,139.17,0.87,18.57,0.01,-0.13,143.43,0.72,6.16,0.04,"['1976-12-16', '1987-09-02', '1995-12-03', '2019-07-20', '2023-03-24', '2024-03-18']","[133.96, 164.85, 112.6, 135.41, 137.8, 139.35]"
100713347369,Northland,Tinopai,1976-12-16,2024-03-18,47,6,6,2.11,48.74,0.04,0.08,-0.15,144.98,0.8,17.14,0.04,-0.21,148.95,0.67,5.73,0.1,"['1976-12-16', '1987-09-02', '1995-12-03', '2019-07-20', '2023-03-24', '2024-03-18']","[139.61, 168.09, 119.35, 137.64, 138.78, 141.72]"
